{"stats":{"minecraft:killed":{"zombie_more:cursed_zombie":2,"zombie_more:tank_zombie":2,"hordes:zombie_player":41,"minecraft:spider":5,"minecraft:vindicator":1,"minecraft:phantom":6,"minecraft:skeleton":6,"alexsmobs:leafcutter_ant":1,"alexsmobs:rocky_roller":1,"zombie_more:boomer_zombie":2,"alexsmobs:grizzly_bear":1,"minecraft:zombie_villager":2,"zombie_more:crawler_zombie":6,"minecraft:iron_golem":1,"minecraft:creeper":1,"minecraft:zombie":12,"alexsmobs:cockroach":1,"zombie_more:explosive_zombie":1,"minecraft:cow":6},"minecraft:mined":{"create:zinc_ore":1,"minecraft:tuff":1,"projectvibrantjourneys:rocks":3,"minecraft:cave_vines_plant":14,"minecraft:grass_block":4,"minecraft:spruce_fence":1,"minecraft:moss_block":2,"tacz:gun_smith_table":2,"minecraft:large_fern":3,"minecraft:furnace":6,"minecraft:iron_ore":84,"minecraft:fire":1,"projectvibrantjourneys:orange_bark_mushroom":1,"minecraft:moss_carpet":1,"minecraft:pumpkin":1,"create:asurine":1,"minecraft:pointed_dripstone":3,"minecraft:cave_vines":20,"minecraft:deepslate_iron_ore":14,"minecraft:azalea":1,"minecraft:stone":174,"minecraft:glass_pane":3,"psg:potassium_ore":2,"minecraft:crafting_table":3,"projectvibrantjourneys:mossy_rocks":2,"minecraft:tall_grass":17,"minecraft:copper_ore":38,"minecraft:cobblestone":15,"projectvibrantjourneys:fallen_leaves":2,"minecraft:wall_torch":1,"minecraft:seagrass":1,"minecraft:birch_planks":6,"minecraft:mud":10,"minecraft:birch_log":31,"minecraft:sweet_berry_bush":1,"minecraft:wheat":16,"minecraft:ice":11,"minecraft:spruce_log":3,"k_turrets:titanium_ore":2,"minecraft:grass":44,"minecraft:coal_ore":18,"projectvibrantjourneys:short_grass":32,"minecraft:gravel":4,"minecraft:dripstone_block":1,"minecraft:dirt":1,"minecraft:red_mushroom_block":3,"projectvibrantjourneys:oak_hollow_log":1,"minecraft:deepslate":1,"minecraft:fern":5},"minecraft:broken":{"minecraft:golden_pickaxe":1},"minecraft:killed_by":{"minecraft:player":1,"alexsmobs:rocky_roller":1,"hordes:zombie_player":4,"zombie_more:boomer_zombie":1,"zombie_more:crawler_zombie":6,"minecraft:zombie":1,"alexsmobs:grizzly_bear":1,"zombie_more:tank_zombie":1},"minecraft:custom":{"minecraft:mob_kills":98,"minecraft:animals_bred":3,"minecraft:interact_with_crafting_table":27,"minecraft:open_barrel":2,"minecraft:damage_dealt_resisted":2681,"minecraft:leave_game":1,"minecraft:time_since_death":12373,"minecraft:climb_one_cm":1083,"minecraft:sprint_one_cm":354386,"minecraft:walk_one_cm":405106,"minecraft:damage_blocked_by_shield":402,"minecraft:drop":44,"minecraft:play_time":159003,"minecraft:deaths":22,"minecraft:sneak_time":23276,"minecraft:walk_under_water_one_cm":7358,"minecraft:jump":3308,"minecraft:walk_on_water_one_cm":15591,"minecraft:total_world_time":159003,"minecraft:interact_with_furnace":101,"minecraft:time_since_rest":12410,"minecraft:damage_taken":6387,"minecraft:damage_dealt":5905,"minecraft:player_kills":6,"minecraft:swim_one_cm":5852,"minecraft:fly_one_cm":1021335,"minecraft:open_chest":32,"minecraft:crouch_one_cm":80577,"minecraft:fall_one_cm":82073},"minecraft:used":{"minecraft:moss_block":2,"minecraft:spruce_planks":28,"tacz:gun_smith_table":3,"minecraft:chest":6,"minecraft:shield":10,"minecraft:iron_sword":110,"minecraft:rotten_flesh":10,"minecraft:iron_chestplate":4,"minecraft:dirt":3,"minecraft:wooden_axe":8,"minecraft:iron_helmet":1,"minecraft:iron_boots":2,"better_mob_food:cooked_flesh":2,"minecraft:beef":3,"minecraft:sweet_berries":126,"minecraft:furnace":7,"minecraft:iron_leggings":4,"minecraft:wheat_seeds":32,"minecraft:water_bucket":8,"minecraft:cow_spawn_egg":5,"minecraft:birch_planks":47,"minecraft:stone_pickaxe":56,"minecraft:wooden_pickaxe":14,"minecraft:clay":3,"minecraft:leather_boots":1,"minecraft:glow_berries":5,"minecraft:crafting_table":7,"minecraft:mushroom_stew":1,"minecraft:dripstone_block":1,"minecraft:mud":10,"minecraft:wooden_hoe":19,"minecraft:bread":23,"minecraft:iron_pickaxe":305,"minecraft:gravel":4,"minecraft:wooden_sword":46,"minecraft:cobblestone":206,"minecraft:bucket":6,"minecraft:bone_meal":36,"minecraft:golden_pickaxe":25},"minecraft:crafted":{"minecraft:wooden_sword":1,"minecraft:oak_planks":2,"dustrial_decor:sheet_metal":3,"minecraft:furnace":1,"minecraft:bone_meal":195,"minecraft:iron_boots":1,"minecraft:stone_pickaxe":2,"minecraft:chest":1,"minecraft:crafting_table":4,"minecraft:wooden_pickaxe":2,"minecraft:iron_helmet":1,"better_mob_food:cooked_flesh":1,"tacz:gun_smith_table":1,"minecraft:copper_ingot":83,"minecraft:bucket":1,"minecraft:birch_planks":120,"minecraft:air":0,"minecraft:wooden_hoe":1,"minecraft:iron_chestplate":1,"minecraft:stick":24,"minecraft:iron_ingot":80,"minecraft:iron_pickaxe":3,"minecraft:wooden_axe":1,"minecraft:iron_block":1,"minecraft:iron_leggings":1},"minecraft:dropped":{"minecraft:bread":9,"minecraft:brown_mushroom":4,"minecraft:birch_planks":51,"minecraft:grass_block":1,"projectvibrantjourneys:orange_bark_mushroom":1,"minecraft:raw_gold_block":1,"minecraft:red_mushroom":3,"minecraft:red_carpet":2,"projectvibrantjourneys:rocks":1,"minecraft:melon":1,"minecraft:torch":1,"minecraft:bone_meal":1,"minecraft:wooden_sword":1,"minecraft:pumpkin":1,"minecraft:mud":3,"minecraft:string":2,"minecraft:bucket":1,"projectvibrantjourneys:bark_mushroom":1,"minecraft:bowl":9,"zombie_more:crawler_gut":1,"minecraft:iron_boots":1,"minecraft:clay_ball":6,"psg:raw_potassium":4,"minecraft:spruce_fence":1,"minecraft:poppy":1,"minecraft:shield":2,"minecraft:arrow":3},"minecraft:picked_up":{"minecraft:wooden_axe":1,"minecraft:crafting_table":4,"minecraft:mud":12,"minecraft:iron_chestplate":9,"minecraft:wheat":38,"minecraft:clay_ball":42,"minecraft:golden_pickaxe":1,"minecraft:brown_mushroom":4,"minecraft:wooden_pickaxe":1,"minecraft:enchanted_book":9,"minecraft:shield":5,"minecraft:iron_axe":1,"zombie_more:acid_drool":1,"minecraft:string":10,"minecraft:moss_carpet":2,"minecraft:raw_copper":289,"minecraft:wooden_sword":3,"tacz:ammo":513,"minecraft:iron_leggings":8,"minecraft:iron_shovel":1,"minecraft:cobbled_deepslate":1,"minecraft:spruce_planks":6,"minecraft:bucket":8,"minecraft:beef":9,"minecraft:azalea":2,"minecraft:poppy":1,"minecraft:iron_pickaxe":12,"minecraft:chest":1,"minecraft:birch_sapling":9,"minecraft:furnace":21,"minecraft:iron_boots":10,"minecraft:stick":12,"minecraft:raw_iron":164,"minecraft:raw_gold_block":6,"minecraft:copper_ingot":60,"projectvibrantjourneys:bark_mushroom":7,"minecraft:bowl":7,"minecraft:torch":1,"zombie_more:cursed_heart":1,"minecraft:spruce_fence":5,"pointblank:gunmetal_nugget":388,"psg:sulphur":39,"minecraft:pointed_dripstone":101,"minecraft:arrow":6,"minecraft:rotten_flesh":35,"minecraft:vex_armor_trim_smithing_template":7,"k_turrets:raw_titanium":11,"create:asurine":1,"minecraft:glow_berries":17,"minecraft:snowball":3,"minecraft:cobblestone":340,"minecraft:birch_log":44,"minecraft:leather":2,"minecraft:red_mushroom":9,"minecraft:birch_planks":320,"alexsmobs:bear_fur":5,"minecraft:mushroom_stew":4,"overworld_netherite_ore:ancientdebrispiece":1,"minecraft:tuff":7,"create:raw_zinc":3,"minecraft:gunpowder":32,"projectvibrantjourneys:rocks":8,"projectvibrantjourneys:oak_hollow_log":1,"minecraft:wooden_hoe":3,"minecraft:dirt":6,"zombie_more:crawler_gut":4,"minecraft:leather_boots":3,"minecraft:red_carpet":3,"minecraft:bone":7,"minecraft:acacia_planks":24,"alexsmobs:cockroach_wing_fragment":3,"minecraft:wheat_seeds":95,"minecraft:raw_gold":104,"better_mob_food:cooked_flesh":1,"minecraft:stone_pickaxe":9,"minecraft:iron_ingot":130,"tacz:gun_smith_table":3,"minecraft:moss_block":2,"minecraft:iron_sword":9,"minecraft:pumpkin":4,"minecraft:sweet_berries":114,"psg:raw_potassium":36,"minecraft:dripstone_block":17,"minecraft:gravel":15,"minecraft:spruce_log":2,"alexsmobs:animal_dictionary":2,"minecraft:spider_eye":1,"minecraft:clay":6,"minecraft:stone_axe":4,"tacz:modern_kinetic_gun":8,"minecraft:iron_helmet":8,"minecraft:bone_meal":350,"minecraft:emerald":4,"minecraft:bread":32,"projectvibrantjourneys:orange_bark_mushroom":1,"minecraft:coal":150}},"DataVersion":3465}