{"stats":{"minecraft:killed":{"zombie_more:tank_zombie":2,"minecraft:spider":3,"minecraft:skeleton":5,"alexsmobs:leafcutter_ant":2,"alexsmobs:kangaroo":9,"minecraft:pig":3,"alexsmobs:grizzly_bear":1,"minecraft:zombie_villager":3,"mutantmonsters:mutant_skeleton":1,"minecraft:creeper":1,"hordes:drowned_player":1,"minecraft:zombie":49,"alexsmobs:komodo_dragon":2,"minecraft:cow":4,"hordes:zombie_player":18,"minecraft:endermite":1,"minecraft:phantom":18,"minecraft:drowned":6,"zombie_more:crawler_zombie":4,"alexsmobs:emu":2,"alexsmobs:gazelle":4},"minecraft:mined":{"minecraft:farmland":1,"minecraft:obsidian":4,"minecraft:granite":4,"minecraft:grass_block":1,"farmersdelight:budding_tomatoes":1,"automobility:automobile_assembler":1,"minecraft:iron_ore":82,"minecraft:fire":3,"minecraft:enchanting_table":2,"minecraft:pink_tulip":1,"projectvibrantjourneys:cattail":1,"minecraft:deepslate_redstone_ore":5,"minecraft:blackstone":1,"minecraft:torch":1,"projectvibrantjourneys:twigs":1,"minecraft:cobblestone":41,"minecraft:grindstone":6,"minecraft:sugar_cane":3,"projectvibrantjourneys:light_brown_bark_mushroom":1,"minecraft:birch_log":2,"minecraft:wheat":27,"minecraft:lilac":2,"minecraft:grass":30,"minecraft:oak_log":1,"projectvibrantjourneys:short_grass":19,"minecraft:acacia_fence":2,"minecraft:dirt":6,"minecraft:sand":10,"minecraft:oak_leaves":3,"minecraft:deepslate":1,"create:zinc_ore":6,"minecraft:tuff":3,"ecologics:coconut_planks":6,"minecraft:deepslate_diamond_ore":14,"projectvibrantjourneys:rocks":2,"psg:sulphur_ore":4,"minecraft:gray_stained_glass_pane":5,"minecraft:decorated_pot":1,"farmersdelight:tomatoes":5,"ecologics:coconut_log":8,"minecraft:rooted_dirt":2,"minecraft:oak_trapdoor":7,"minecraft:furnace":1,"minecraft:carrots":54,"minecraft:deepslate_iron_ore":4,"minecraft:vine":1,"minecraft:stripped_oak_log":2,"minecraft:stone":179,"minecraft:white_wool":1,"minecraft:acacia_leaves":1,"minecraft:crafting_table":1,"minecraft:andesite_wall":1,"minecraft:stone_slab":2,"minecraft:copper_ore":22,"minecraft:tall_grass":11,"minecraft:coarse_dirt":3,"minecraft:yellow_bed":3,"k_turrets:titanium_ore":1,"minecraft:coal_ore":108,"minecraft:gravel":1,"minecraft:dripstone_block":1,"minecraft:cracked_stone_bricks":2,"minecraft:stone_bricks":6,"minecraft:mossy_stone_bricks":1,"minecraft:fern":3},"minecraft:broken":{"minecraft:stone_axe":1},"minecraft:killed_by":{"zombie_more:crawler_zombie":1,"minecraft:zombie":1,"minecraft:enderman":2,"hordes:zombie_player":1},"minecraft:custom":{"minecraft:animals_bred":11,"minecraft:interact_with_crafting_table":32,"minecraft:open_barrel":17,"minecraft:leave_game":2,"minecraft:time_since_death":152097,"minecraft:sprint_one_cm":442031,"minecraft:damage_blocked_by_shield":720,"minecraft:drop":77,"minecraft:talked_to_villager":8,"minecraft:play_time":340263,"minecraft:deaths":8,"minecraft:jump":5122,"minecraft:walk_on_water_one_cm":43967,"minecraft:enchant_item":5,"minecraft:interact_with_furnace":62,"minecraft:interact_with_loom":2,"minecraft:sleep_in_bed":7,"minecraft:damage_dealt":32092,"minecraft:player_kills":3,"minecraft:crouch_one_cm":72263,"minecraft:mob_kills":144,"minecraft:damage_dealt_resisted":1869,"minecraft:climb_one_cm":4660,"minecraft:walk_one_cm":840530,"minecraft:sneak_time":23985,"minecraft:walk_under_water_one_cm":37677,"minecraft:boat_one_cm":2401,"minecraft:interact_with_blast_furnace":18,"minecraft:total_world_time":340263,"minecraft:interact_with_grindstone":1,"minecraft:time_since_rest":130843,"minecraft:damage_taken":3961,"minecraft:swim_one_cm":36929,"minecraft:fly_one_cm":1348224,"minecraft:open_chest":141,"minecraft:fall_one_cm":101193},"minecraft:used":{"alexsmobs:emu_egg":2,"minecraft:oak_sign":58,"minecraft:shield":11,"minecraft:stone":4,"minecraft:zombie_spawn_egg":18,"ecologics:coconut_planks":12,"minecraft:rotten_flesh":5,"marbledsarsenal:desert_military_armor_chestplate":4,"minecraft:mutton":1,"minecraft:carrot":78,"automobility:automobile_assembler":2,"minecraft:spruce_boat":1,"minecraft:lava_bucket":106,"farmersdelight:tomato":2,"minecraft:villager_spawn_egg":1,"minecraft:grass_block":2,"minecraft:red_stained_glass_pane":2,"farmersdelight:cutting_board":1,"minecraft:furnace":2,"minecraft:acacia_fence":2,"max_armory:diamond_long_sword":37,"minecraft:green_stained_glass_pane":2,"minecraft:cow_spawn_egg":2,"minecraft:oak_planks":5,"minecraft:ender_pearl":6,"minecraft:diamond_axe":422,"minecraft:white_wool":1,"minecraft:glow_berries":9,"minecraft:sand":3,"minecraft:deepslate_tiles":11,"minecraft:redstone_torch":1,"minecraft:sticky_piston":5,"minecraft:bread":12,"minecraft:string":34,"minecraft:deepslate":1,"minecraft:wooden_sword":23,"minecraft:grindstone":5,"minecraft:bone_meal":153,"minecraft:oak_trapdoor":16,"minecraft:enchanting_table":3,"minecraft:redstone":25,"minecraft:spruce_planks":1,"minecraft:stone_hoe":1,"minecraft:oak_door":4,"minecraft:dirt":85,"alexsmobs:cooked_kangaroo_meat":10,"minecraft:granite":3,"minecraft:iron_axe":38,"minecraft:rooted_dirt":3,"better_mob_food:cooked_flesh":20,"farmersdelight:tomato_seeds":20,"minecraft:observer":8,"minecraft:wheat_seeds":39,"minecraft:water_bucket":5,"minecraft:birch_planks":4,"minecraft:green_bed":1,"minecraft:gold_ore":1,"minecraft:crafting_table":3,"minecraft:diamond_pickaxe":85,"minecraft:iron_pickaxe":429,"alexsmobs:kangaroo_meat":2,"minecraft:spruce_trapdoor":5,"minecraft:stone_axe":12,"minecraft:cobblestone":235,"minecraft:cooked_porkchop":11,"minecraft:porkchop":2,"minecraft:jungle_door":1,"minecraft:bucket":6,"projectvibrantjourneys:charred_bones":1,"minecraft:yellow_bed":5,"minecraft:stripped_oak_log":2},"minecraft:crafted":{"marbledsarsenal:desert_military_armor_boots":1,"minecraft:oak_planks":44,"usefulbackpacks:backpack_small":1,"minecraft:heavy_weighted_pressure_plate":8,"marbledsapi:steel_ingot":23,"minecraft:copper_block":1,"minecraft:stone_hoe":1,"farmersdelight:tomato_seeds":19,"minecraft:cooked_porkchop":4,"minecraft:diamond_axe":1,"minecraft:crafting_table":2,"minecraft:spruce_planks":16,"minecraft:copper_ingot":23,"minecraft:birch_planks":8,"marbledsapi:raw_steel":23,"farmersdelight:cutting_board":1,"minecraft:diamond_pickaxe":1,"minecraft:book":1,"minecraft:paper":3,"minecraft:stick":20,"minecraft:iron_ingot":77,"minecraft:iron_pickaxe":1,"minecraft:gold_ingot":4,"minecraft:shears":1,"minecraft:iron_nugget":9,"minecraft:furnace":1,"minecraft:bone_meal":240,"marbledsarsenal:desert_military_armor_helmet":1,"minecraft:oak_trapdoor":12,"automobility:automobile_assembler":1,"minecraft:leather":5,"minecraft:iron_axe":1,"usefulbackpacks:backpack_medium":1,"marbledsapi:steel_sheet":4,"minecraft:enchanting_table":1,"alexsmobs:cooked_kangaroo_meat":10,"better_mob_food:cooked_flesh":25,"minecraft:bucket":1,"marbledsarsenal:desert_military_armor_chestplate":1,"marbledsarsenal:desert_military_armor_leggings":1,"minecraft:air":0,"minecraft:white_dye":1},"minecraft:dropped":{"minecraft:gold_ore":2,"minecraft:birch_planks":4,"minecraft:diamond_axe":1,"minecraft:cobblestone_stairs":2,"minecraft:dirt":7,"saros__money_mod:k_10_paycheck":1,"projectvibrantjourneys:fallen_leaves":1,"farmersdelight:onion":2,"minecraft:bone_meal":148,"minecraft:sand":1,"minecraft:iron_pickaxe":2,"minecraft:green_stained_glass_pane":2,"minecraft:white_wool":1,"minecraft:gravel":7,"minecraft:lever":1,"minecraft:wheat":1,"minecraft:rotten_flesh":21,"minecraft:oak_planks":3,"saros__money_mod:euro_500":1,"minecraft:carrot":42,"projectvibrantjourneys:light_brown_bark_mushroom":1,"minecraft:gunpowder":3,"minecraft:arrow":8,"projectvibrantjourneys:cattail":1,"farmersdelight:tomato_seeds":2,"minecraft:wheat_seeds":37,"minecraft:shelter_pottery_sherd":1,"minecraft:feather":1,"minecraft:cobblestone":71,"minecraft:granite":1,"minecraft:coal":1,"minecraft:stick":3,"minecraft:iron_trapdoor":1,"minecraft:light_gray_stained_glass":1,"minecraft:iron_axe":1,"minecraft:string":2,"minecraft:oak_trapdoor":5,"marbledsarsenal:swat_armor_chestplate":1,"marbledsarsenal:swat_armor_leggings":1,"minecraft:oak_sign":2,"minecraft:diamond_pickaxe":1,"minecraft:redstone_torch":1,"minecraft:stone_bricks":1,"minecraft:cow_spawn_egg":1,"minecraft:magma_block":1},"minecraft:picked_up":{"minecraft:wheat":25,"minecraft:iron_trapdoor":1,"minecraft:green_stained_glass_pane":1,"marbledsarsenal:swat_armor_chestplate":1,"minecraft:string":12,"minecraft:raw_copper":214,"zombie_more:acid_drool":1,"minecraft:oak_sign":11,"minecraft:deepslate_tiles":1,"minecraft:cobbled_deepslate":1,"minecraft:redstone_torch":1,"minecraft:azalea":4,"minecraft:iron_pickaxe":9,"alexsmobs:raccoon_tail":1,"minecraft:furnace":1,"minecraft:spruce_pressure_plate":1,"minecraft:stick":5,"minecraft:acacia_fence":2,"minecraft:torch":1,"minecraft:porkchop":12,"psg:sulphur":16,"minecraft:andesite_wall":1,"minecraft:rotten_flesh":111,"minecraft:cow_spawn_egg":1,"ecologics:coconut_log":8,"alexsmobs:emu_egg":2,"projectvibrantjourneys:cattail":1,"minecraft:obsidian":4,"minecraft:cobblestone":705,"minecraft:enchanting_table":3,"minecraft:birch_log":2,"minecraft:magma_block":1,"minecraft:feather":2,"minecraft:cooked_beef":6,"minecraft:water_bucket":1,"projectvibrantjourneys:fallen_leaves":3,"ecologics:coconut_planks":37,"alexsmobs:bison_fur":2,"create:raw_zinc":30,"minecraft:lapis_lazuli":19,"farmersdelight:tomato":29,"minecraft:dirt":11,"minecraft:leather_boots":3,"minecraft:bone":28,"minecraft:acacia_planks":1,"marbledsarsenal:desert_military_armor_chestplate":1,"minecraft:bow":1,"minecraft:wheat_seeds":81,"minecraft:grindstone":6,"minecraft:oak_planks":2,"minecraft:stone_hoe":1,"minecraft:sand":10,"minecraft:stripped_spruce_log":7,"minecraft:ink_sac":18,"overworld_netherite_ore:large_ancient_shard":2,"alexsmobs:kangaroo_hide":20,"minecraft:diamond":33,"minecraft:spruce_boat":1,"minecraft:lever":1,"marbledsarsenal:desert_military_armor_helmet":1,"minecraft:granite":4,"minecraft:bone_meal":64,"minecraft:bread":25,"minecraft:rooted_dirt":2,"minecraft:oak_sapling":1,"minecraft:diamond_pickaxe":2,"minecraft:crafting_table":1,"zombie_more:charcoal_rib":2,"minecraft:shelter_pottery_sherd":1,"minecraft:coarse_dirt":3,"minecraft:stone_brick_wall":2,"minecraft:shield":4,"minecraft:brick":6,"minecraft:oak_trapdoor":8,"minecraft:wooden_sword":3,"minecraft:beef":10,"minecraft:iron_nugget":43,"minecraft:light_gray_wool":1,"minecraft:spruce_slab":7,"minecraft:sugar_cane":5,"minecraft:raw_iron":105,"minecraft:oak_door":4,"automobility:automobile_assembler":1,"pointblank:gunmetal_nugget":173,"farmersdelight:tomato_seeds":7,"minecraft:carrot":191,"minecraft:redstone":51,"minecraft:arrow":17,"minecraft:shears":1,"k_turrets:raw_titanium":1,"marbledsarsenal:desert_military_armor_boots":1,"minecraft:glow_berries":6,"minecraft:mutton":6,"alexsmobs:kangaroo_meat":24,"minecraft:white_wool":17,"minecraft:stripped_oak_log":2,"minecraft:air":0,"marbledsarsenal:desert_military_armor_leggings":1,"minecraft:leather":5,"minecraft:birch_planks":8,"alexsmobs:cachalot_whale_tooth":1,"overworld_netherite_ore:ancientdebrispiece":6,"minecraft:oak_log":33,"minecraft:yellow_bed":3,"minecraft:gunpowder":23,"minecraft:cobblestone_stairs":2,"minecraft:cooked_mutton":1,"minecraft:stone_bricks":2,"minecraft:kelp":14,"alexsmobs:cockroach_wing_fragment":1,"minecraft:iron_ingot":4,"marbledsapi:steel_ingot":1,"minecraft:flowering_azalea":1,"minecraft:acacia_sapling":7,"projectvibrantjourneys:light_brown_bark_mushroom":2,"marbledsarsenal:swat_armor_leggings":1,"minecraft:dripstone_block":1,"minecraft:gravel":17,"minecraft:spruce_sapling":2,"minecraft:spruce_log":3,"minecraft:gold_ore":8,"minecraft:spider_eye":3,"minecraft:slime_ball":1,"minecraft:stone_axe":2,"minecraft:diamond_axe":2,"minecraft:coal":205}},"DataVersion":3465}