{"stats":{"minecraft:killed":{"zombie_more:cursed_zombie":2,"zombie_more:tank_zombie":2,"hordes:zombie_player":43,"minecraft:spider":5,"minecraft:vindicator":1,"minecraft:phantom":8,"minecraft:skeleton":7,"alexsmobs:leafcutter_ant":1,"alexsmobs:rocky_roller":1,"zombie_more:boomer_zombie":2,"alexsmobs:grizzly_bear":1,"minecraft:zombie_villager":2,"zombie_more:crawler_zombie":6,"minecraft:iron_golem":1,"minecraft:creeper":1,"minecraft:zombie":14,"alexsmobs:cockroach":1,"zombie_more:explosive_zombie":1,"minecraft:cow":6},"minecraft:mined":{"create:zinc_ore":1,"minecraft:tuff":1,"projectvibrantjourneys:rocks":3,"minecraft:cave_vines_plant":14,"minecraft:spruce_fence":1,"minecraft:grass_block":5,"tacz:gun_smith_table":2,"minecraft:moss_block":2,"minecraft:large_fern":3,"minecraft:furnace":6,"minecraft:iron_ore":84,"minecraft:fire":1,"projectvibrantjourneys:orange_bark_mushroom":1,"minecraft:moss_carpet":1,"minecraft:pumpkin":1,"create:asurine":1,"minecraft:pointed_dripstone":3,"minecraft:cave_vines":20,"minecraft:deepslate_iron_ore":14,"minecraft:azalea":1,"minecraft:stone":174,"minecraft:glass_pane":3,"psg:potassium_ore":2,"minecraft:crafting_table":3,"projectvibrantjourneys:mossy_rocks":2,"minecraft:copper_ore":38,"minecraft:tall_grass":17,"minecraft:cobblestone":15,"projectvibrantjourneys:fallen_leaves":2,"minecraft:wall_torch":1,"minecraft:seagrass":1,"minecraft:birch_planks":6,"minecraft:mud":10,"minecraft:birch_log":31,"minecraft:wheat":16,"minecraft:sweet_berry_bush":2,"minecraft:ice":11,"minecraft:spruce_log":3,"minecraft:grass":44,"k_turrets:titanium_ore":2,"minecraft:coal_ore":18,"projectvibrantjourneys:short_grass":33,"minecraft:gravel":4,"minecraft:dirt":2,"minecraft:dripstone_block":1,"minecraft:red_mushroom_block":3,"projectvibrantjourneys:oak_hollow_log":1,"minecraft:deepslate":1,"minecraft:fern":5},"minecraft:broken":{"minecraft:golden_pickaxe":1},"minecraft:killed_by":{"minecraft:player":1,"alexsmobs:rocky_roller":1,"hordes:zombie_player":6,"zombie_more:boomer_zombie":1,"zombie_more:crawler_zombie":6,"minecraft:zombie":2,"alexsmobs:grizzly_bear":1,"zombie_more:tank_zombie":1},"minecraft:custom":{"minecraft:mob_kills":105,"minecraft:animals_bred":6,"minecraft:interact_with_crafting_table":27,"minecraft:open_barrel":2,"minecraft:damage_dealt_resisted":2696,"minecraft:leave_game":2,"minecraft:time_since_death":7412,"minecraft:climb_one_cm":1083,"minecraft:sprint_one_cm":367844,"minecraft:walk_one_cm":449857,"minecraft:damage_blocked_by_shield":402,"minecraft:drop":52,"minecraft:play_time":175592,"minecraft:deaths":25,"minecraft:sneak_time":24901,"minecraft:walk_under_water_one_cm":13389,"minecraft:jump":3580,"minecraft:walk_on_water_one_cm":21723,"minecraft:total_world_time":175592,"minecraft:interact_with_furnace":104,"minecraft:time_since_rest":7501,"minecraft:damage_taken":7192,"minecraft:damage_dealt":6375,"minecraft:player_kills":6,"minecraft:swim_one_cm":6043,"minecraft:fly_one_cm":1097534,"minecraft:open_chest":32,"minecraft:crouch_one_cm":85458,"minecraft:fall_one_cm":85057},"minecraft:used":{"minecraft:moss_block":2,"minecraft:chest":6,"tacz:gun_smith_table":3,"minecraft:spruce_planks":28,"minecraft:shield":10,"minecraft:iron_sword":121,"minecraft:sculk_sensor":2,"minecraft:rotten_flesh":10,"minecraft:iron_chestplate":4,"minecraft:dirt":3,"minecraft:wooden_axe":8,"minecraft:iron_helmet":1,"minecraft:iron_boots":2,"better_mob_food:cooked_flesh":2,"minecraft:beef":3,"minecraft:sweet_berries":152,"minecraft:furnace":7,"minecraft:pumpkin":1,"minecraft:iron_leggings":5,"minecraft:wheat_seeds":32,"minecraft:water_bucket":21,"minecraft:cow_spawn_egg":5,"minecraft:birch_planks":47,"minecraft:stone_pickaxe":56,"minecraft:wooden_pickaxe":14,"minecraft:clay":3,"minecraft:leather_boots":1,"minecraft:glow_berries":5,"minecraft:crafting_table":7,"minecraft:mushroom_stew":1,"minecraft:sculk_shrieker":1,"minecraft:dripstone_block":1,"minecraft:mud":10,"minecraft:piston":1,"minecraft:wooden_hoe":19,"minecraft:bread":23,"minecraft:iron_pickaxe":305,"minecraft:gravel":4,"minecraft:wooden_sword":46,"minecraft:cobblestone":206,"minecraft:bucket":11,"minecraft:golden_pickaxe":25,"minecraft:bone_meal":36},"minecraft:crafted":{"minecraft:wooden_sword":1,"minecraft:oak_planks":2,"dustrial_decor:sheet_metal":3,"minecraft:furnace":1,"minecraft:bone_meal":195,"minecraft:iron_boots":1,"minecraft:stone_pickaxe":2,"minecraft:chest":1,"minecraft:crafting_table":4,"minecraft:wooden_pickaxe":2,"minecraft:iron_helmet":1,"better_mob_food:cooked_flesh":1,"tacz:gun_smith_table":1,"minecraft:copper_ingot":83,"minecraft:bucket":1,"minecraft:birch_planks":120,"minecraft:air":0,"minecraft:wooden_hoe":1,"minecraft:iron_chestplate":1,"minecraft:stick":24,"minecraft:iron_ingot":80,"minecraft:iron_pickaxe":3,"minecraft:wooden_axe":1,"minecraft:iron_block":1,"minecraft:iron_leggings":1},"minecraft:dropped":{"minecraft:bread":9,"minecraft:iron_sword":1,"minecraft:brown_mushroom":4,"minecraft:birch_planks":51,"minecraft:copper_ingot":53,"minecraft:grass_block":1,"projectvibrantjourneys:orange_bark_mushroom":1,"minecraft:raw_gold_block":1,"minecraft:red_mushroom":3,"minecraft:red_carpet":2,"projectvibrantjourneys:rocks":1,"minecraft:melon":1,"minecraft:torch":1,"minecraft:wooden_sword":1,"minecraft:bone_meal":1,"minecraft:pumpkin":1,"minecraft:iron_axe":1,"minecraft:mud":3,"minecraft:string":4,"minecraft:bucket":1,"projectvibrantjourneys:bark_mushroom":1,"minecraft:bowl":9,"zombie_more:crawler_gut":1,"minecraft:clay_ball":6,"minecraft:iron_boots":1,"projectvibrantjourneys:short_grass":2,"psg:raw_potassium":4,"minecraft:spruce_fence":1,"minecraft:poppy":1,"minecraft:shield":2,"minecraft:arrow":3},"minecraft:picked_up":{"minecraft:wooden_axe":1,"minecraft:iron_chestplate":10,"minecraft:mud":12,"minecraft:crafting_table":4,"minecraft:wheat":42,"minecraft:clay_ball":42,"minecraft:golden_pickaxe":1,"minecraft:brown_mushroom":4,"minecraft:wooden_pickaxe":1,"minecraft:enchanted_book":10,"minecraft:shield":5,"minecraft:string":11,"minecraft:moss_carpet":2,"minecraft:raw_copper":289,"minecraft:iron_axe":1,"minecraft:wooden_sword":3,"tacz:ammo":555,"zombie_more:acid_drool":1,"minecraft:iron_leggings":9,"minecraft:iron_shovel":2,"minecraft:cobbled_deepslate":1,"minecraft:bucket":10,"minecraft:spruce_planks":6,"minecraft:beef":9,"minecraft:white_tulip":2,"minecraft:azalea":2,"minecraft:poppy":1,"minecraft:iron_pickaxe":14,"projectvibrantjourneys:short_grass":1,"minecraft:chest":65,"minecraft:birch_sapling":9,"minecraft:furnace":22,"minecraft:iron_boots":11,"minecraft:stick":12,"minecraft:raw_iron":168,"minecraft:raw_gold_block":6,"minecraft:copper_ingot":145,"projectvibrantjourneys:bark_mushroom":7,"zombie_more:cursed_heart":1,"minecraft:torch":1,"minecraft:bowl":7,"minecraft:spruce_fence":5,"pointblank:gunmetal_nugget":444,"psg:sulphur":52,"minecraft:pointed_dripstone":131,"minecraft:arrow":6,"minecraft:rotten_flesh":35,"minecraft:vex_armor_trim_smithing_template":8,"k_turrets:raw_titanium":16,"pointblank:m134minigun":1,"create:asurine":1,"minecraft:glow_berries":17,"minecraft:snowball":3,"minecraft:cobblestone":340,"minecraft:birch_log":44,"minecraft:water_bucket":1,"minecraft:leather":3,"minecraft:red_mushroom":9,"minecraft:birch_planks":320,"alexsmobs:bear_fur":5,"minecraft:mushroom_stew":4,"create:raw_zinc":3,"minecraft:tuff":9,"overworld_netherite_ore:ancientdebrispiece":1,"minecraft:gunpowder":32,"projectvibrantjourneys:rocks":8,"projectvibrantjourneys:oak_hollow_log":1,"minecraft:wooden_hoe":3,"minecraft:dirt":10,"zombie_more:crawler_gut":4,"minecraft:leather_boots":3,"minecraft:red_carpet":3,"minecraft:bone":7,"minecraft:acacia_planks":24,"minecraft:wheat_seeds":97,"better_mob_food:cooked_flesh":1,"minecraft:raw_gold":117,"alexsmobs:cockroach_wing_fragment":3,"minecraft:iron_ingot":155,"minecraft:stone_pickaxe":9,"tacz:gun_smith_table":3,"minecraft:moss_block":2,"minecraft:iron_sword":11,"minecraft:pumpkin":4,"minecraft:sweet_berries":125,"psg:raw_potassium":44,"minecraft:dripstone_block":17,"minecraft:gravel":15,"minecraft:spruce_log":2,"minecraft:spider_eye":1,"alexsmobs:animal_dictionary":2,"minecraft:clay":6,"minecraft:stone_axe":5,"tacz:modern_kinetic_gun":9,"minecraft:iron_helmet":9,"minecraft:bone_meal":509,"minecraft:emerald":4,"minecraft:bread":32,"projectvibrantjourneys:orange_bark_mushroom":1,"minecraft:coal":150}},"DataVersion":3465}