{"stats":{"minecraft:killed":{"zombie_more:cursed_zombie":2,"zombie_more:tank_zombie":2,"hordes:zombie_player":46,"minecraft:spider":5,"minecraft:vindicator":1,"minecraft:phantom":11,"minecraft:skeleton":8,"alexsmobs:leafcutter_ant":1,"alexsmobs:rocky_roller":1,"zombie_more:boomer_zombie":3,"alexsmobs:grizzly_bear":1,"minecraft:zombie_villager":2,"zombie_more:crawler_zombie":8,"minecraft:iron_golem":1,"minecraft:creeper":1,"minecraft:zombie":38,"alexsmobs:cockroach":1,"zombie_more:explosive_zombie":2,"minecraft:cow":6},"minecraft:mined":{"create:zinc_ore":1,"create:deepslate_zinc_ore":1,"minecraft:tuff":1,"minecraft:deepslate_diamond_ore":4,"minecraft:mossy_cobblestone":1,"projectvibrantjourneys:rocks":3,"minecraft:cave_vines_plant":14,"minecraft:spruce_fence":1,"minecraft:grass_block":5,"tacz:gun_smith_table":2,"minecraft:moss_block":2,"minecraft:large_fern":3,"minecraft:furnace":6,"minecraft:iron_ore":95,"minecraft:fire":1,"projectvibrantjourneys:orange_bark_mushroom":1,"minecraft:moss_carpet":1,"minecraft:pumpkin":1,"create:asurine":1,"minecraft:pointed_dripstone":4,"minecraft:cave_vines":20,"minecraft:deepslate_iron_ore":48,"minecraft:azalea":1,"minecraft:stone":174,"create:limestone":1,"minecraft:white_wool":1,"minecraft:deepslate_redstone_ore":2,"minecraft:glass_pane":3,"psg:potassium_ore":2,"minecraft:crafting_table":3,"projectvibrantjourneys:twigs":1,"minecraft:chest":1,"projectvibrantjourneys:mossy_rocks":2,"minecraft:copper_ore":38,"minecraft:tall_grass":19,"minecraft:cobblestone":16,"minecraft:lapis_ore":1,"projectvibrantjourneys:fallen_leaves":2,"minecraft:wall_torch":1,"minecraft:seagrass":1,"minecraft:birch_planks":6,"minecraft:mud":10,"minecraft:birch_log":31,"minecraft:wheat":42,"minecraft:sweet_berry_bush":7,"minecraft:ice":11,"minecraft:spruce_log":6,"minecraft:grass":46,"k_turrets:titanium_ore":2,"minecraft:coal_ore":18,"projectvibrantjourneys:short_grass":33,"minecraft:gravel":4,"minecraft:dirt":11,"minecraft:dripstone_block":2,"minecraft:red_mushroom_block":3,"create:crimsite":8,"projectvibrantjourneys:oak_hollow_log":1,"minecraft:deepslate":10,"minecraft:fern":6},"minecraft:broken":{"minecraft:golden_pickaxe":1},"minecraft:killed_by":{"minecraft:player":2,"alexsmobs:rocky_roller":1,"hordes:zombie_player":6,"zombie_more:boomer_zombie":1,"zombie_more:crawler_zombie":6,"minecraft:zombie":2,"alexsmobs:grizzly_bear":1,"zombie_more:tank_zombie":1},"minecraft:custom":{"minecraft:interact_with_anvil":1,"minecraft:mob_kills":142,"minecraft:animals_bred":25,"minecraft:interact_with_crafting_table":40,"minecraft:open_barrel":7,"minecraft:damage_dealt_resisted":3602,"minecraft:leave_game":6,"minecraft:time_since_death":51857,"minecraft:climb_one_cm":1083,"minecraft:sprint_one_cm":466383,"minecraft:walk_one_cm":598661,"minecraft:damage_blocked_by_shield":597,"minecraft:drop":68,"minecraft:play_time":251600,"minecraft:deaths":28,"minecraft:sneak_time":32305,"minecraft:walk_under_water_one_cm":14497,"minecraft:jump":4676,"minecraft:walk_on_water_one_cm":30550,"minecraft:total_world_time":251600,"minecraft:interact_with_furnace":136,"minecraft:time_since_rest":51886,"minecraft:damage_taken":8984,"minecraft:damage_dealt":10719,"minecraft:player_kills":7,"minecraft:swim_one_cm":7869,"minecraft:fly_one_cm":1529596,"minecraft:open_chest":106,"minecraft:crouch_one_cm":108361,"minecraft:fall_one_cm":113561},"minecraft:used":{"minecraft:chest":7,"tacz:gun_smith_table":3,"minecraft:spruce_planks":28,"minecraft:shield":13,"minecraft:iron_sword":196,"minecraft:sculk_sensor":2,"minecraft:rotten_flesh":11,"minecraft:iron_chestplate":4,"minecraft:dirt":90,"minecraft:anvil":1,"marbledsarsenal:swat_armor_helmet":2,"minecraft:spruce_fence":13,"minecraft:milk_bucket":3,"minecraft:wooden_axe":8,"marbledsarsenal:swat_armor_chestplate":2,"minecraft:lava_bucket":2,"minecraft:grass_block":1,"minecraft:spawner":3,"minecraft:iron_helmet":1,"minecraft:iron_boots":3,"better_mob_food:cooked_flesh":2,"minecraft:beef":3,"minecraft:sweet_berries":171,"minecraft:furnace":7,"minecraft:cooked_beef":18,"minecraft:pumpkin":1,"minecraft:iron_leggings":5,"minecraft:wheat_seeds":53,"minecraft:water_bucket":31,"minecraft:cow_spawn_egg":18,"minecraft:birch_planks":47,"minecraft:stone_pickaxe":56,"minecraft:wooden_pickaxe":14,"marbledsarsenal:swat_armor_boots":3,"minecraft:clay":3,"minecraft:leather_boots":1,"minecraft:white_wool":1,"minecraft:glow_berries":5,"minecraft:crafting_table":7,"minecraft:mushroom_stew":1,"minecraft:sculk_shrieker":1,"minecraft:dripstone_block":1,"minecraft:mud":10,"minecraft:piston":1,"minecraft:wooden_hoe":19,"minecraft:bread":23,"minecraft:iron_pickaxe":380,"marbledsarsenal:swat_armor_leggings":1,"minecraft:gravel":4,"minecraft:stone_axe":6,"minecraft:wooden_sword":46,"minecraft:cobblestone":206,"minecraft:bucket":22,"minecraft:golden_pickaxe":25,"minecraft:bone_meal":95,"minecraft:moss_block":2},"minecraft:crafted":{"marbledsarsenal:swat_armor_leggings":1,"minecraft:wooden_sword":1,"minecraft:oak_planks":2,"dustrial_decor:sheet_metal":3,"marbledsarsenal:swat_armor_chestplate":1,"minecraft:iron_nugget":9,"minecraft:furnace":1,"minecraft:bone_meal":195,"marbledsarsenal:swat_armor_boots":1,"minecraft:iron_boots":1,"minecraft:stone_pickaxe":2,"minecraft:chest":1,"marbledsapi:steel_ingot":25,"minecraft:wheat":9,"marbledsapi:steel_sheet":4,"minecraft:crafting_table":4,"pointblank:gunmetal_ingot":7,"minecraft:spruce_planks":12,"minecraft:wooden_pickaxe":2,"minecraft:iron_helmet":1,"better_mob_food:cooked_flesh":1,"tacz:gun_smith_table":1,"minecraft:copper_ingot":84,"minecraft:bucket":1,"minecraft:birch_planks":120,"marbledsarsenal:swat_armor_helmet":1,"minecraft:air":0,"minecraft:blue_dye":8,"marbledsapi:raw_steel":25,"minecraft:iron_chestplate":1,"minecraft:wooden_hoe":1,"minecraft:stick":24,"minecraft:iron_ingot":80,"minecraft:iron_pickaxe":3,"minecraft:wooden_axe":1,"minecraft:iron_block":1,"minecraft:iron_leggings":1},"minecraft:dropped":{"minecraft:spawner":1,"minecraft:bread":9,"minecraft:iron_sword":2,"minecraft:brown_mushroom":4,"minecraft:birch_planks":51,"minecraft:wheat_seeds":1,"minecraft:cobblestone":1,"minecraft:copper_ingot":53,"minecraft:spruce_stairs":1,"minecraft:grass_block":1,"projectvibrantjourneys:orange_bark_mushroom":1,"minecraft:golden_apple":1,"minecraft:raw_gold_block":1,"minecraft:red_mushroom":3,"minecraft:red_carpet":2,"projectvibrantjourneys:rocks":1,"minecraft:dirt":47,"minecraft:melon":1,"minecraft:torch":1,"minecraft:wooden_sword":1,"minecraft:pumpkin":1,"minecraft:bone_meal":1,"minecraft:iron_axe":1,"minecraft:mud":3,"minecraft:string":4,"minecraft:bucket":1,"projectvibrantjourneys:bark_mushroom":1,"create:raw_zinc":1,"minecraft:stone_axe":1,"minecraft:bowl":9,"minecraft:wheat":1,"zombie_more:crawler_gut":1,"minecraft:rotten_flesh":2,"minecraft:clay_ball":6,"minecraft:iron_boots":3,"projectvibrantjourneys:short_grass":2,"psg:raw_potassium":4,"minecraft:spruce_fence":1,"minecraft:poppy":1,"minecraft:shield":2,"create:limestone":1,"minecraft:arrow":3},"minecraft:picked_up":{"minecraft:mud":12,"minecraft:iron_chestplate":11,"minecraft:crafting_table":4,"minecraft:wheat":71,"minecraft:clay_ball":42,"minecraft:golden_pickaxe":1,"minecraft:brown_mushroom":4,"minecraft:wooden_pickaxe":1,"minecraft:enchanted_book":11,"marbledsarsenal:swat_armor_chestplate":1,"minecraft:shield":5,"minecraft:string":11,"minecraft:moss_carpet":3,"minecraft:raw_copper":289,"minecraft:iron_axe":1,"minecraft:wooden_sword":3,"zombie_more:acid_drool":3,"minecraft:iron_leggings":10,"tacz:ammo":675,"minecraft:iron_shovel":3,"minecraft:cobbled_deepslate":10,"minecraft:bucket":12,"minecraft:spruce_planks":10,"minecraft:beef":13,"minecraft:white_tulip":4,"minecraft:azalea":2,"minecraft:iron_pickaxe":16,"minecraft:poppy":1,"projectvibrantjourneys:short_grass":1,"minecraft:chest":66,"minecraft:birch_sapling":9,"minecraft:iron_boots":13,"minecraft:furnace":23,"minecraft:raw_iron":216,"minecraft:stick":12,"pointblank:gunmetal_ingot":10,"minecraft:raw_gold_block":6,"minecraft:copper_ingot":145,"projectvibrantjourneys:bark_mushroom":9,"zombie_more:cursed_heart":1,"minecraft:torch":1,"minecraft:bowl":7,"minecraft:spruce_stairs":1,"minecraft:spruce_fence":5,"pointblank:gunmetal_nugget":548,"psg:sulphur":65,"minecraft:pointed_dripstone":133,"minecraft:redstone":9,"minecraft:arrow":8,"minecraft:rotten_flesh":69,"minecraft:vex_armor_trim_smithing_template":9,"k_turrets:raw_titanium":21,"minecraft:hay_block":1,"pointblank:m134minigun":1,"minecraft:blue_dye":4,"create:asurine":1,"minecraft:glow_berries":17,"minecraft:snowball":3,"minecraft:cobblestone":342,"minecraft:birch_log":44,"minecraft:water_bucket":2,"minecraft:leather":4,"minecraft:red_mushroom":9,"minecraft:birch_planks":320,"alexsmobs:bear_fur":5,"marbledsarsenal:swat_armor_boots":1,"minecraft:mushroom_stew":4,"overworld_netherite_ore:ancientdebrispiece":1,"minecraft:tuff":11,"create:raw_zinc":4,"minecraft:lapis_lazuli":6,"minecraft:gunpowder":45,"projectvibrantjourneys:rocks":8,"projectvibrantjourneys:oak_hollow_log":1,"minecraft:wooden_hoe":3,"minecraft:dirt":17,"zombie_more:crawler_gut":4,"marbledsarsenal:swat_armor_helmet":1,"minecraft:leather_boots":3,"minecraft:red_carpet":3,"minecraft:bone":10,"minecraft:acacia_planks":24,"minecraft:wheat_seeds":158,"better_mob_food:cooked_flesh":1,"minecraft:raw_gold":117,"alexsmobs:cockroach_wing_fragment":3,"minecraft:iron_ingot":194,"minecraft:stone_pickaxe":9,"tacz:gun_smith_table":3,"minecraft:moss_block":2,"minecraft:iron_sword":13,"marbledsarsenal:swat_armor_leggings":1,"minecraft:pumpkin":4,"minecraft:sweet_berries":144,"psg:raw_potassium":52,"minecraft:dripstone_block":17,"minecraft:gravel":15,"minecraft:spruce_log":5,"minecraft:spruce_door":1,"minecraft:spider_eye":1,"alexsmobs:animal_dictionary":2,"create:crimsite":8,"minecraft:slime_ball":1,"minecraft:clay":6,"minecraft:diamond":5,"minecraft:stone_axe":7,"tacz:modern_kinetic_gun":10,"minecraft:iron_helmet":10,"minecraft:bone_meal":645,"minecraft:emerald":4,"minecraft:bread":32,"projectvibrantjourneys:orange_bark_mushroom":2,"minecraft:coal":150,"minecraft:wooden_axe":1,"minecraft:ender_pearl":1}},"DataVersion":3465}