{"stats":{"minecraft:killed":{"minecraft:skeleton":1,"minecraft:zombie":1,"alexsmobs:leafcutter_ant":1},"minecraft:custom":{"minecraft:interact_with_furnace":8,"minecraft:mob_kills":3,"minecraft:interact_with_crafting_table":5,"minecraft:damage_dealt_resisted":55,"minecraft:time_since_death":1520,"minecraft:climb_one_cm":275,"minecraft:time_since_rest":1550,"minecraft:sprint_one_cm":65838,"minecraft:damage_taken":1624,"minecraft:walk_one_cm":60716,"minecraft:damage_blocked_by_shield":402,"minecraft:drop":1,"minecraft:damage_dealt":1243,"minecraft:fly_one_cm":78708,"minecraft:player_kills":1,"minecraft:crouch_one_cm":15996,"minecraft:play_time":33144,"minecraft:deaths":9,"minecraft:sneak_time":5647,"minecraft:walk_under_water_one_cm":46,"minecraft:jump":491,"minecraft:walk_on_water_one_cm":3883,"minecraft:total_world_time":33144,"minecraft:fall_one_cm":10395},"minecraft:crafted":{"minecraft:oak_planks":2,"dustrial_decor:sheet_metal":3,"minecraft:crafting_table":1,"minecraft:wooden_pickaxe":1,"minecraft:birch_planks":80,"minecraft:air":0,"minecraft:stick":4,"minecraft:iron_ingot":8,"minecraft:iron_pickaxe":1,"minecraft:stone_pickaxe":1},"minecraft:mined":{"minecraft:tuff":1,"minecraft:crafting_table":2,"minecraft:cave_vines_plant":14,"minecraft:grass_block":1,"minecraft:tall_grass":7,"minecraft:moss_block":2,"minecraft:birch_planks":3,"minecraft:furnace":2,"minecraft:birch_log":21,"minecraft:fire":1,"minecraft:moss_carpet":1,"create:asurine":1,"minecraft:grass":3,"minecraft:coal_ore":6,"minecraft:cave_vines":20,"projectvibrantjourneys:short_grass":5,"minecraft:deepslate_iron_ore":14,"minecraft:dirt":1,"minecraft:azalea":1,"minecraft:stone":14,"projectvibrantjourneys:oak_hollow_log":1,"minecraft:deepslate":1},"minecraft:dropped":{"minecraft:bread":1},"minecraft:picked_up":{"minecraft:birch_log":34,"minecraft:crafting_table":3,"minecraft:wooden_pickaxe":1,"minecraft:red_mushroom":1,"minecraft:birch_planks":50,"minecraft:tuff":1,"overworld_netherite_ore:ancientdebrispiece":1,"minecraft:shield":2,"minecraft:gunpowder":2,"projectvibrantjourneys:oak_hollow_log":1,"minecraft:moss_carpet":2,"minecraft:dirt":3,"minecraft:wooden_sword":2,"minecraft:leather_boots":2,"minecraft:bone":4,"minecraft:wheat_seeds":3,"minecraft:cobbled_deepslate":1,"minecraft:stone_pickaxe":1,"minecraft:azalea":2,"minecraft:moss_block":2,"minecraft:birch_sapling":9,"minecraft:furnace":3,"minecraft:raw_iron":14,"minecraft:stick":12,"alexsmobs:animal_dictionary":2,"minecraft:arrow":2,"create:asurine":1,"minecraft:bread":6,"minecraft:glow_berries":10,"minecraft:coal":11,"minecraft:cobblestone":25},"minecraft:killed_by":{"zombie_more:crawler_zombie":1,"hordes:zombie_player":2,"zombie_more:tank_zombie":1},"minecraft:used":{"minecraft:moss_block":2,"minecraft:birch_planks":27,"minecraft:stone_pickaxe":45,"minecraft:shield":10,"minecraft:wooden_pickaxe":14,"minecraft:leather_boots":1,"minecraft:glow_berries":1,"minecraft:dirt":1,"minecraft:crafting_table":3,"minecraft:bread":8,"minecraft:wooden_sword":42,"minecraft:furnace":2}},"DataVersion":3465}