{"stats":{"minecraft:custom":{"minecraft:animals_bred":34,"minecraft:interact_with_crafting_table":63,"minecraft:open_barrel":24,"minecraft:leave_game":8,"minecraft:time_since_death":78403,"minecraft:sprint_one_cm":709920,"minecraft:damage_blocked_by_shield":3151,"minecraft:drop":131,"minecraft:talked_to_villager":9,"minecraft:play_time":530506,"minecraft:deaths":10,"minecraft:jump":7313,"minecraft:walk_on_water_one_cm":60886,"minecraft:enchant_item":9,"minecraft:interact_with_furnace":95,"minecraft:interact_with_loom":2,"minecraft:sleep_in_bed":7,"minecraft:damage_dealt":45346,"minecraft:player_kills":7,"minecraft:crouch_one_cm":102280,"minecraft:interact_with_smoker":1,"minecraft:mob_kills":198,"minecraft:damage_dealt_resisted":2627,"minecraft:climb_one_cm":4660,"minecraft:walk_one_cm":1318447,"minecraft:sneak_time":33368,"minecraft:walk_under_water_one_cm":41963,"minecraft:boat_one_cm":2401,"minecraft:interact_with_blast_furnace":18,"minecraft:total_world_time":530506,"minecraft:interact_with_grindstone":1,"minecraft:time_since_rest":78430,"minecraft:damage_taken":6077,"minecraft:swim_one_cm":50422,"minecraft:fly_one_cm":1705956,"minecraft:open_chest":255,"minecraft:fall_one_cm":124386},"minecraft:killed":{"zombie_more:cursed_zombie":1,"zombie_more:tank_zombie":3,"minecraft:spider":4,"minecraft:skeleton":11,"minecraft:guardian":1,"alexsmobs:leafcutter_ant":2,"alexsmobs:kangaroo":9,"minecraft:pig":3,"alexsmobs:grizzly_bear":1,"minecraft:zombie_villager":3,"mutantmonsters:mutant_skeleton":1,"minecraft:creeper":1,"hordes:drowned_player":1,"minecraft:sheep":1,"minecraft:trader_llama":1,"minecraft:zombie":70,"zombie_more:explosive_zombie":2,"alexsmobs:terrapin":1,"alexsmobs:komodo_dragon":2,"minecraft:cow":10,"hordes:zombie_player":22,"minecraft:endermite":1,"minecraft:phantom":22,"minecraft:drowned":7,"zombie_more:crawler_zombie":6,"alexsmobs:emu":2,"alexsmobs:gazelle":4},"minecraft:crafted":{"marbledsarsenal:desert_military_armor_boots":2,"minecraft:oak_planks":100,"usefulbackpacks:backpack_small":1,"minecraft:stone":58,"minecraft:diamond_shovel":1,"minecraft:bookshelf":1,"minecraft:heavy_weighted_pressure_plate":8,"marbledsapi:steel_ingot":47,"minecraft:copper_block":2,"minecraft:black_wool":8,"minecraft:stone_hoe":1,"minecraft:stone_bricks":56,"farmersdelight:tomato_seeds":19,"minecraft:cooked_porkchop":4,"minecraft:diamond_axe":1,"minecraft:crafting_table":2,"minecraft:spruce_planks":16,"minecraft:copper_ingot":48,"minecraft:birch_planks":8,"marbledsapi:raw_steel":47,"farmersdelight:cutting_board":1,"minecraft:stone_brick_stairs":36,"minecraft:book":6,"minecraft:paper":39,"minecraft:diamond_pickaxe":1,"minecraft:shield":1,"minecraft:stick":24,"minecraft:iron_ingot":95,"minecraft:iron_pickaxe":1,"minecraft:iron_block":4,"minecraft:gold_ingot":4,"minecraft:shears":1,"minecraft:iron_nugget":9,"minecraft:acacia_fence_gate":2,"minecraft:furnace":1,"minecraft:bone_meal":240,"marbledsarsenal:desert_military_armor_helmet":2,"minecraft:oak_trapdoor":12,"automobility:automobile_assembler":1,"minecraft:leather":5,"minecraft:iron_axe":1,"minecraft:iron_hoe":1,"usefulbackpacks:backpack_medium":1,"minecraft:redstone_block":1,"minecraft:cooked_beef":19,"marbledsapi:steel_sheet":8,"minecraft:enchanting_table":1,"alexsmobs:cooked_kangaroo_meat":10,"better_mob_food:cooked_flesh":25,"minecraft:bucket":1,"marbledsarsenal:desert_military_armor_leggings":2,"marbledsarsenal:desert_military_armor_chestplate":2,"minecraft:air":0,"minecraft:white_wool":2,"minecraft:white_dye":3,"minecraft:acacia_planks":12},"minecraft:mined":{"minecraft:farmland":4,"minecraft:obsidian":14,"minecraft:granite":9,"minecraft:acacia_log":3,"minecraft:grass_block":1,"farmersdelight:budding_tomatoes":1,"automobility:automobile_assembler":2,"minecraft:iron_ore":85,"minecraft:fire":3,"minecraft:enchanting_table":3,"minecraft:pink_tulip":1,"projectvibrantjourneys:cattail":1,"minecraft:deepslate_redstone_ore":5,"minecraft:brown_mushroom":1,"minecraft:blackstone":65,"minecraft:clay":2,"minecraft:torch":2,"projectvibrantjourneys:twigs":1,"minecraft:cobblestone":90,"minecraft:grindstone":6,"minecraft:sugar_cane":37,"minecraft:oak_planks":2,"minecraft:wall_torch":5,"projectvibrantjourneys:light_brown_bark_mushroom":1,"minecraft:birch_log":2,"minecraft:wheat":85,"minecraft:lilac":2,"projectvibrantjourneys:bones":1,"minecraft:stone_brick_stairs":2,"minecraft:grass":33,"minecraft:oak_log":13,"projectvibrantjourneys:short_grass":21,"minecraft:acacia_fence":3,"minecraft:sand":10,"minecraft:dirt":12,"minecraft:oak_leaves":25,"minecraft:deepslate":4,"create:zinc_ore":8,"minecraft:tuff":3,"ecologics:coconut_planks":6,"minecraft:deepslate_diamond_ore":14,"projectvibrantjourneys:rocks":3,"minecraft:gray_stained_glass_pane":5,"psg:sulphur_ore":7,"minecraft:spruce_fence":1,"minecraft:decorated_pot":1,"farmersdelight:tomatoes":5,"ecologics:coconut_log":8,"minecraft:rooted_dirt":2,"minecraft:oak_trapdoor":16,"minecraft:furnace":2,"minecraft:carrots":54,"minecraft:deepslate_iron_ore":4,"minecraft:vine":1,"minecraft:stripped_oak_log":2,"minecraft:stone":720,"minecraft:white_wool":1,"minecraft:acacia_leaves":9,"psg:potassium_ore":9,"minecraft:oak_fence":7,"minecraft:crafting_table":1,"minecraft:andesite_wall":1,"minecraft:stone_slab":2,"minecraft:tall_grass":13,"minecraft:copper_ore":25,"minecraft:coarse_dirt":4,"minecraft:yellow_bed":3,"k_turrets:titanium_ore":7,"minecraft:coal_ore":215,"overworld_netherite_ore:ancient_debris_ore":1,"minecraft:gravel":1,"minecraft:dripstone_block":1,"farmersdelight:stove":1,"minecraft:cracked_stone_bricks":2,"minecraft:stone_bricks":6,"minecraft:mossy_stone_bricks":1,"minecraft:fern":3},"minecraft:picked_up":{"minecraft:iron_chestplate":1,"minecraft:wheat":102,"minecraft:iron_trapdoor":1,"minecraft:green_stained_glass_pane":1,"minecraft:diamond_sword":1,"marbledsarsenal:swat_armor_chestplate":1,"minecraft:stone_brick_stairs":2,"minecraft:string":13,"minecraft:raw_copper":273,"zombie_more:acid_drool":1,"minecraft:oak_sign":11,"minecraft:deepslate_tiles":1,"minecraft:cobbled_deepslate":3,"minecraft:redstone_torch":1,"minecraft:azalea":4,"minecraft:iron_pickaxe":9,"alexsmobs:raccoon_tail":1,"minecraft:furnace":2,"minecraft:iron_boots":1,"marbledsarsenal:machete":1,"minecraft:spruce_pressure_plate":1,"minecraft:stick":16,"minecraft:acacia_fence":2,"minecraft:oak_fence":8,"minecraft:torch":9,"minecraft:acacia_log":3,"minecraft:porkchop":12,"psg:sulphur":29,"minecraft:andesite_wall":1,"minecraft:stone_sword":1,"minecraft:rotten_flesh":155,"minecraft:cow_spawn_egg":1,"farmersdelight:onion":1,"ecologics:coconut_log":8,"alexsmobs:emu_egg":2,"projectvibrantjourneys:cattail":2,"minecraft:obsidian":23,"minecraft:cobblestone":1403,"minecraft:birch_log":2,"minecraft:enchanting_table":4,"minecraft:magma_block":1,"minecraft:feather":2,"minecraft:cooked_beef":6,"minecraft:water_bucket":2,"projectvibrantjourneys:fallen_leaves":4,"ecologics:coconut_planks":37,"alexsmobs:bison_fur":2,"create:raw_zinc":40,"minecraft:lapis_lazuli":19,"farmersdelight:tomato":38,"minecraft:dirt":21,"zombie_more:crawler_gut":1,"minecraft:leather_boots":3,"minecraft:bone":106,"minecraft:acacia_planks":4,"marbledsarsenal:desert_military_armor_chestplate":2,"minecraft:bow":2,"minecraft:wheat_seeds":250,"minecraft:grindstone":6,"minecraft:stone_hoe":1,"minecraft:oak_planks":4,"psg:raw_potassium":32,"minecraft:sand":10,"minecraft:stripped_spruce_log":7,"minecraft:ink_sac":18,"overworld_netherite_ore:large_ancient_shard":2,"minecraft:iron_hoe":1,"alexsmobs:kangaroo_hide":20,"minecraft:spruce_boat":1,"minecraft:diamond":33,"minecraft:lever":1,"marbledsarsenal:desert_military_armor_helmet":2,"minecraft:granite":9,"minecraft:bone_meal":64,"minecraft:bread":25,"minecraft:rooted_dirt":2,"minecraft:oak_sapling":6,"minecraft:diamond_pickaxe":3,"minecraft:shelter_pottery_sherd":1,"minecraft:coarse_dirt":4,"minecraft:crafting_table":1,"zombie_more:charcoal_rib":2,"minecraft:stone_brick_wall":2,"usefulbackpacks:backpack_medium":1,"minecraft:brick":6,"minecraft:shield":5,"minecraft:oak_trapdoor":25,"minecraft:iron_axe":1,"minecraft:wooden_sword":3,"minecraft:blackstone":127,"minecraft:beef":26,"minecraft:observer":1,"minecraft:iron_nugget":43,"minecraft:light_gray_wool":1,"minecraft:spruce_slab":7,"minecraft:sugar_cane":77,"minecraft:phantom_membrane":5,"minecraft:raw_iron":164,"minecraft:oak_door":4,"minecraft:copper_ingot":9,"zombie_more:cursed_heart":1,"minecraft:spruce_fence":2,"automobility:automobile_assembler":2,"pointblank:gunmetal_nugget":285,"farmersdelight:tomato_seeds":7,"minecraft:carrot":218,"minecraft:redstone":51,"minecraft:arrow":19,"minecraft:shears":1,"k_turrets:raw_titanium":13,"marbledsarsenal:desert_military_armor_boots":2,"minecraft:glow_berries":6,"minecraft:mutton":6,"alexsmobs:kangaroo_meat":24,"minecraft:white_wool":18,"minecraft:stripped_oak_log":2,"minecraft:air":0,"marbledsarsenal:desert_military_armor_leggings":2,"minecraft:leather":11,"minecraft:birch_planks":8,"alexsmobs:cachalot_whale_tooth":1,"overworld_netherite_ore:ancientdebrispiece":8,"minecraft:oak_log":45,"minecraft:chainmail_chestplate":1,"minecraft:yellow_bed":3,"minecraft:gunpowder":45,"minecraft:cobblestone_stairs":2,"minecraft:cooked_mutton":1,"minecraft:red_carpet":4,"minecraft:apple":2,"minecraft:stone_bricks":2,"minecraft:kelp":14,"alexsmobs:cockroach_wing_fragment":1,"minecraft:iron_ingot":38,"marbledsapi:steel_ingot":2,"minecraft:flowering_azalea":1,"minecraft:acacia_sapling":10,"projectvibrantjourneys:light_brown_bark_mushroom":2,"marbledsarsenal:swat_armor_leggings":1,"minecraft:dripstone_block":1,"minecraft:gravel":17,"minecraft:spruce_sapling":2,"minecraft:spruce_log":3,"minecraft:gold_ore":8,"minecraft:spider_eye":5,"minecraft:diamond_shovel":1,"minecraft:slime_ball":1,"minecraft:stone_axe":2,"minecraft:chainmail_leggings":1,"minecraft:diamond_axe":3,"minecraft:coal":312},"minecraft:dropped":{"minecraft:gold_ore":2,"minecraft:spruce_sign":1,"minecraft:iron_sword":1,"minecraft:birch_planks":4,"minecraft:diamond_axe":1,"minecraft:oak_log":2,"minecraft:red_carpet":4,"minecraft:cobblestone_stairs":2,"minecraft:dirt":12,"saros__money_mod:k_10_paycheck":1,"projectvibrantjourneys:fallen_leaves":2,"farmersdelight:onion":3,"minecraft:bone_meal":148,"minecraft:phantom_membrane":1,"minecraft:sand":1,"minecraft:iron_pickaxe":2,"minecraft:green_stained_glass_pane":2,"minecraft:white_wool":1,"minecraft:bone":2,"minecraft:gravel":7,"minecraft:lever":1,"minecraft:wheat":2,"minecraft:rotten_flesh":22,"minecraft:oak_planks":3,"saros__money_mod:euro_500":1,"minecraft:carrot":42,"projectvibrantjourneys:light_brown_bark_mushroom":1,"minecraft:gunpowder":3,"minecraft:acacia_sapling":2,"minecraft:arrow":8,"projectvibrantjourneys:cattail":1,"farmersdelight:tomato_seeds":2,"minecraft:wheat_seeds":69,"minecraft:shelter_pottery_sherd":1,"minecraft:oak_fence":2,"minecraft:feather":1,"minecraft:cobblestone":340,"minecraft:andesite_wall":1,"minecraft:granite":1,"minecraft:coal":1,"minecraft:stick":5,"minecraft:iron_trapdoor":1,"minecraft:light_gray_stained_glass":1,"minecraft:iron_axe":2,"minecraft:string":2,"minecraft:oak_trapdoor":15,"marbledsarsenal:machete":1,"marbledsarsenal:swat_armor_chestplate":1,"marbledsarsenal:swat_armor_leggings":1,"minecraft:iron_boots":1,"minecraft:oak_sign":2,"minecraft:diamond_sword":1,"minecraft:iron_chestplate":1,"minecraft:diamond_pickaxe":1,"minecraft:oak_sapling":5,"minecraft:redstone_torch":1,"minecraft:spider_eye":2,"minecraft:cow_spawn_egg":1,"minecraft:stone_bricks":1,"minecraft:magma_block":1},"minecraft:killed_by":{"zombie_more:crawler_zombie":1,"minecraft:zombie":1,"zombie_more:tank_zombie":1,"minecraft:enderman":2,"hordes:zombie_player":2},"minecraft:used":{"alexsmobs:emu_egg":2,"minecraft:oak_sign":59,"minecraft:shield":44,"minecraft:stone":4,"minecraft:iron_sword":46,"minecraft:zombie_spawn_egg":18,"ecologics:coconut_planks":12,"marbledsarsenal:desert_military_armor_chestplate":5,"minecraft:rotten_flesh":7,"minecraft:iron_chestplate":1,"minecraft:mutton":1,"minecraft:carrot":171,"automobility:automobile_assembler":3,"minecraft:stripped_spruce_log":2,"minecraft:spruce_boat":1,"farmersdelight:tomato":13,"minecraft:lava_bucket":133,"minecraft:villager_spawn_egg":1,"minecraft:grass_block":2,"minecraft:stone_brick_stairs":36,"minecraft:red_stained_glass_pane":2,"farmersdelight:cutting_board":1,"minecraft:furnace":5,"minecraft:gray_bed":3,"minecraft:acacia_fence":2,"max_armory:diamond_long_sword":37,"minecraft:green_stained_glass_pane":2,"minecraft:cow_spawn_egg":2,"minecraft:oak_planks":47,"minecraft:ender_pearl":6,"minecraft:diamond_axe":691,"minecraft:white_wool":1,"minecraft:glow_berries":9,"minecraft:sand":3,"minecraft:deepslate_tiles":11,"minecraft:redstone_torch":1,"minecraft:sticky_piston":5,"minecraft:string":34,"minecraft:bread":12,"minecraft:deepslate":1,"minecraft:diamond_sword":18,"minecraft:wooden_sword":23,"minecraft:grindstone":5,"minecraft:coarse_dirt":13,"minecraft:bone_meal":153,"minecraft:oak_fence":6,"minecraft:oak_trapdoor":21,"minecraft:enchanting_table":3,"minecraft:stone_sword":4,"minecraft:redstone":25,"minecraft:spruce_planks":4,"minecraft:stone_hoe":1,"minecraft:oak_door":4,"minecraft:torch":12,"minecraft:dirt":120,"alexsmobs:cooked_kangaroo_meat":10,"minecraft:granite":3,"minecraft:iron_hoe":57,"minecraft:bookshelf":1,"minecraft:rooted_dirt":3,"minecraft:iron_axe":38,"better_mob_food:cooked_flesh":22,"minecraft:cooked_beef":4,"farmersdelight:tomato_seeds":20,"minecraft:observer":8,"minecraft:wheat_seeds":138,"minecraft:water_bucket":35,"minecraft:birch_planks":4,"minecraft:spruce_sign":1,"minecraft:green_bed":1,"minecraft:gold_ore":1,"farmersdelight:onion":6,"minecraft:crafting_table":3,"minecraft:diamond_pickaxe":901,"minecraft:diamond_shovel":3,"minecraft:iron_pickaxe":429,"alexsmobs:kangaroo_meat":2,"minecraft:spruce_trapdoor":5,"minecraft:acacia_fence_gate":2,"minecraft:stone_axe":12,"minecraft:cobblestone":401,"minecraft:porkchop":2,"minecraft:cooked_porkchop":11,"minecraft:bucket":36,"minecraft:jungle_door":1,"projectvibrantjourneys:charred_bones":1,"minecraft:yellow_bed":5,"minecraft:stripped_oak_log":2},"minecraft:broken":{"marbledsarsenal:desert_military_armor_helmet":1,"minecraft:stone_axe":1}},"DataVersion":3465}