{"stats":{"minecraft:killed":{"hordes:zombie_player":1,"minecraft:zombie":1,"alexsmobs:leafcutter_ant":1},"minecraft:custom":{"minecraft:mob_kills":3,"minecraft:interact_with_crafting_table":7,"minecraft:damage_dealt_resisted":43,"minecraft:time_since_death":11377,"minecraft:climb_one_cm":9179,"minecraft:time_since_rest":11403,"minecraft:sprint_one_cm":89448,"minecraft:damage_taken":3163,"minecraft:walk_one_cm":70232,"minecraft:damage_blocked_by_shield":773,"minecraft:drop":2,"minecraft:damage_dealt":971,"minecraft:fly_one_cm":85908,"minecraft:crouch_one_cm":423,"minecraft:play_time":31099,"minecraft:deaths":11,"minecraft:sneak_time":155,"minecraft:jump":499,"minecraft:walk_on_water_one_cm":260,"minecraft:total_world_time":31099,"minecraft:fall_one_cm":28329},"minecraft:crafted":{"minecraft:oak_planks":24,"minecraft:wooden_pickaxe":2,"minecraft:stick":28,"minecraft:stone_pickaxe":8,"minecraft:stone_sword":2,"minecraft:dark_oak_planks":24,"minecraft:torch":12},"minecraft:dropped":{"minecraft:wooden_sword":1,"minecraft:wooden_pickaxe":1},"minecraft:mined":{"minecraft:tuff":1,"minecraft:dark_oak_leaves":1,"alexsmobs:leafcutter_anthill":1,"minecraft:dark_oak_log":6,"minecraft:clay":11,"minecraft:grass_block":2,"alexsmobs:leafcutter_ant_chamber":1,"minecraft:stone_slab":2,"minecraft:cobblestone":2,"minecraft:moss_block":6,"minecraft:big_dripleaf":1,"minecraft:iron_ore":9,"minecraft:grass":9,"minecraft:cave_vines":2,"minecraft:oak_log":8,"minecraft:coal_ore":9,"projectvibrantjourneys:short_grass":12,"minecraft:deepslate_iron_ore":3,"minecraft:gravel":2,"minecraft:dirt":3,"minecraft:azalea":1,"minecraft:stone":157},"minecraft:picked_up":{"minecraft:birch_log":1,"minecraft:clay_ball":44,"minecraft:stone_slab":2,"minecraft:wooden_pickaxe":3,"minecraft:tuff":2,"minecraft:oak_log":8,"minecraft:shield":3,"minecraft:dirt":13,"minecraft:raw_copper":5,"minecraft:wooden_sword":2,"zombie_more:acid_drool":1,"minecraft:leather_boots":3,"minecraft:stone_pickaxe":5,"minecraft:azalea":1,"minecraft:moss_block":16,"minecraft:oak_planks":34,"minecraft:dark_oak_sapling":1,"projectvibrantjourneys:light_brown_bark_mushroom":3,"minecraft:stick":1,"minecraft:raw_iron":12,"psg:raw_potassium":2,"minecraft:big_dripleaf":4,"minecraft:gravel":2,"psg:sulphur":5,"pointblank:gunmetal_nugget":5,"alexsmobs:leafcutter_ant_pupa":3,"minecraft:dark_oak_log":6,"alexsmobs:animal_dictionary":3,"minecraft:rotten_flesh":1,"minecraft:stone_sword":1,"minecraft:glow_berries":1,"minecraft:coal":9,"minecraft:cobblestone":249},"minecraft:killed_by":{"minecraft:player":2,"alexsmobs:leafcutter_ant":1,"hordes:zombie_player":2,"zombie_more:tank_zombie":1},"minecraft:used":{"minecraft:stone_pickaxe":169,"minecraft:shield":19,"minecraft:wooden_pickaxe":43,"minecraft:leather_boots":1,"minecraft:rotten_flesh":1,"minecraft:torch":5,"alexsmobs:leafcutter_ant_pupa":1,"minecraft:bread":2,"minecraft:wooden_sword":58,"minecraft:cobblestone":3},"minecraft:broken":{"minecraft:wooden_sword":1}},"DataVersion":3465}