{"stats":{"minecraft:killed":{"minecraft:spider":1},"minecraft:custom":{"minecraft:time_since_rest":509,"minecraft:crouch_one_cm":110,"minecraft:sprint_one_cm":12465,"minecraft:play_time":5186,"minecraft:deaths":2,"minecraft:damage_taken":902,"minecraft:walk_one_cm":17491,"minecraft:sneak_time":19,"minecraft:mob_kills":1,"minecraft:jump":104,"minecraft:damage_dealt":551,"minecraft:leave_game":1,"minecraft:time_since_death":331,"minecraft:total_world_time":5186,"minecraft:fall_one_cm":1894,"minecraft:fly_one_cm":17226,"minecraft:player_kills":1},"minecraft:picked_up":{"minecraft:wooden_sword":1,"minecraft:leather_boots":1,"minecraft:bread":9,"minecraft:string":2,"alexsmobs:animal_dictionary":1,"minecraft:spider_eye":1},"minecraft:killed_by":{"minecraft:player":1,"zombie_more:boomer_zombie":1},"minecraft:used":{"minecraft:wooden_sword":12,"minecraft:bread":4,"minecraft:leather_boots":1}},"DataVersion":3465}