{"stats":{"minecraft:killed":{"zombie_more:tank_zombie":1,"hordes:zombie_player":6,"dweller_dweller:dweller_dweller":1,"alexsmobs:leafcutter_ant":1,"zombie_more:crawler_zombie":1,"minecraft:sheep":7,"minecraft:zombie":1,"minecraft:cow":3},"minecraft:mined":{"minecraft:deepslate_diamond_ore":2,"alexsmobs:leafcutter_anthill":1,"projectvibrantjourneys:rocks":2,"psg:sulphur_ore":2,"minecraft:cave_vines_plant":2,"minecraft:grass_block":5,"alexsmobs:leafcutter_ant_chamber":1,"minecraft:spruce_leaves":2,"minecraft:red_mushroom":1,"minecraft:moss_block":4,"minecraft:rooted_dirt":3,"minecraft:hay_block":21,"minecraft:furnace":4,"projectvibrantjourneys:orange_bark_mushroom":1,"projectvibrantjourneys:bark_mushroom":1,"minecraft:deepslate_iron_ore":3,"minecraft:stone":37,"minecraft:podzol":1,"minecraft:flowering_azalea":1,"minecraft:brown_mushroom":2,"psg:deepslate_sulphur_ore":3,"minecraft:clay":1,"projectvibrantjourneys:twigs":1,"minecraft:melon":1,"minecraft:white_stained_glass_pane":1,"minecraft:rose_bush":1,"projectvibrantjourneys:natural_cobweb":2,"minecraft:stone_slab":1,"minecraft:tall_grass":2,"minecraft:copper_ore":9,"projectvibrantjourneys:fallen_leaves":2,"minecraft:oak_planks":6,"minecraft:birch_log":29,"minecraft:birch_leaves":2,"minecraft:yellow_bed":1,"minecraft:yellow_stained_glass_pane":1,"minecraft:grass":4,"minecraft:oak_log":9,"minecraft:coal_ore":16,"projectvibrantjourneys:short_grass":6,"minecraft:dirt":3,"minecraft:cobweb":11,"minecraft:smooth_basalt":1,"minecraft:deepslate":1,"minecraft:fern":1},"minecraft:killed_by":{"dweller_dweller:dweller_dweller":2,"hordes:zombie_player":5,"minecraft:skeleton":3,"minecraft:zombie":8,"alexsmobs:grizzly_bear":3,"zombie_more:tank_zombie":3,"zombie_more:explosive_zombie":1},"minecraft:custom":{"minecraft:mob_kills":21,"minecraft:interact_with_crafting_table":15,"minecraft:damage_dealt_resisted":219,"minecraft:time_since_death":9774,"minecraft:climb_one_cm":34505,"minecraft:sprint_one_cm":251828,"minecraft:walk_one_cm":242317,"minecraft:drop":58,"minecraft:talked_to_villager":1,"minecraft:play_time":92540,"minecraft:deaths":29,"minecraft:sneak_time":1359,"minecraft:walk_under_water_one_cm":2935,"minecraft:jump":2119,"minecraft:walk_on_water_one_cm":6444,"minecraft:total_world_time":92540,"minecraft:interact_with_furnace":14,"minecraft:time_since_rest":9791,"minecraft:damage_taken":8580,"minecraft:damage_dealt":4348,"minecraft:swim_one_cm":8381,"minecraft:fly_one_cm":471565,"minecraft:open_chest":5,"minecraft:crouch_one_cm":2315,"minecraft:fall_one_cm":71887},"minecraft:used":{"minecraft:stone_sword":27,"minecraft:iron_sword":2,"minecraft:torch":12,"minecraft:dirt":2,"minecraft:birch_door":1,"minecraft:wooden_axe":20,"projectvibrantjourneys:fallen_leaves":2,"minecraft:sweet_berries":14,"minecraft:furnace":1,"minecraft:stone_pickaxe":75,"minecraft:wooden_pickaxe":8,"minecraft:glow_berries":32,"minecraft:crafting_table":5,"max_armory:copper_halberd":45,"minecraft:bread":7,"minecraft:iron_pickaxe":5,"minecraft:gravel":2,"minecraft:wooden_sword":37,"minecraft:cobblestone":6,"minecraft:yellow_bed":1,"alexsmobs:animal_dictionary":1,"alexsmobs:leafcutter_ant_chamber":1},"minecraft:crafted":{"minecraft:wooden_sword":1,"minecraft:oak_planks":8,"minecraft:furnace":1,"max_armory:rod":3,"minecraft:stone_pickaxe":2,"minecraft:wheat":117,"max_armory:handle":10,"minecraft:crafting_table":5,"minecraft:wooden_pickaxe":1,"max_armory:copper_halberd":3,"minecraft:copper_ingot":13,"minecraft:birch_planks":184,"minecraft:bread":39,"minecraft:air":0,"minecraft:stick":41,"minecraft:iron_ingot":3,"minecraft:iron_pickaxe":1,"minecraft:wooden_axe":1,"minecraft:stone_sword":1,"minecraft:torch":12},"minecraft:dropped":{"minecraft:iron_ingot":6,"minecraft:iron_sword":1,"minecraft:moss_block":1,"minecraft:wheat_seeds":1,"minecraft:glow_ink_sac":3,"minecraft:crafting_table":1,"minecraft:cobblestone":8,"minecraft:leather":4,"max_armory:copper_halberd":4,"minecraft:dirt":5,"minecraft:torch":31,"minecraft:mutton":4,"farmersdelight:onion":4,"minecraft:wooden_sword":1,"minecraft:flowering_azalea":2,"minecraft:iron_pickaxe":1,"projectvibrantjourneys:bark_mushroom":2,"minecraft:stone_axe":1,"minecraft:moss_carpet":12,"alexsmobs:maggot":2,"minecraft:stone_sword":1,"minecraft:tuff":1,"minecraft:stone_shovel":1,"minecraft:clay_ball":5,"minecraft:white_bed":1,"minecraft:big_dripleaf":2,"minecraft:shield":1,"minecraft:iron_chestplate":1,"minecraft:birch_door":1,"minecraft:spider_eye":1,"minecraft:arrow":2,"minecraft:beef":1,"minecraft:stone_pickaxe":2},"minecraft:picked_up":{"minecraft:crafting_table":1,"minecraft:iron_chestplate":1,"minecraft:birch_door":5,"minecraft:clay_ball":13,"minecraft:brown_mushroom":7,"minecraft:stone_slab":15,"minecraft:wooden_pickaxe":1,"minecraft:shield":10,"minecraft:string":19,"minecraft:moss_carpet":24,"minecraft:raw_copper":103,"minecraft:wooden_sword":8,"zombie_more:acid_drool":2,"minecraft:cobbled_deepslate":3,"minecraft:beef":7,"minecraft:rose_bush":2,"minecraft:iron_pickaxe":4,"minecraft:melon_slice":3,"minecraft:birch_sapling":10,"minecraft:chest":1,"alexsmobs:leafcutter_ant_chamber":5,"minecraft:furnace":8,"minecraft:dark_oak_sapling":2,"minecraft:stick":11,"minecraft:raw_iron":3,"minecraft:big_dripleaf":2,"minecraft:copper_ingot":14,"projectvibrantjourneys:bark_mushroom":8,"minecraft:torch":118,"pointblank:gunmetal_nugget":132,"psg:sulphur":95,"max_armory:copper_halberd":6,"max_armory:handle":4,"minecraft:stone_shovel":1,"minecraft:stone_sword":3,"minecraft:arrow":4,"minecraft:rotten_flesh":16,"farmersdelight:onion":12,"minecraft:hay_block":21,"minecraft:glow_berries":52,"minecraft:mutton":16,"minecraft:white_wool":7,"minecraft:cobblestone":194,"minecraft:birch_log":76,"minecraft:glow_ink_sac":9,"projectvibrantjourneys:fallen_leaves":3,"minecraft:leather":8,"dweller_dweller:dweller_dweller_tooth":3,"minecraft:red_mushroom":1,"minecraft:birch_planks":60,"minecraft:tuff":3,"minecraft:oak_log":11,"minecraft:yellow_bed":4,"minecraft:gunpowder":4,"minecraft:cobblestone_stairs":62,"minecraft:dirt":58,"zombie_more:brain":6,"minecraft:leather_boots":1,"minecraft:apple":8,"minecraft:orange_tulip":1,"minecraft:wheat_seeds":7,"minecraft:iron_ingot":15,"minecraft:stone_pickaxe":16,"minecraft:moss_block":3,"minecraft:flowering_azalea":12,"minecraft:iron_sword":6,"minecraft:oak_planks":16,"minecraft:smooth_basalt":5,"minecraft:sweet_berries":27,"psg:raw_potassium":15,"minecraft:gravel":30,"minecraft:white_bed":1,"minecraft:spider_eye":1,"alexsmobs:animal_dictionary":1,"minecraft:diamond":8,"minecraft:stone_axe":1,"minecraft:emerald":9,"minecraft:bread":80,"alexsmobs:maggot":2,"minecraft:rooted_dirt":3,"projectvibrantjourneys:orange_bark_mushroom":7,"projectvibrantjourneys:twigs":1,"minecraft:coal":38}},"DataVersion":3465}