{"stats":{"minecraft:killed":{"zombie_more:tank_zombie":1,"hordes:zombie_player":1,"alexsmobs:leafcutter_ant":1},"minecraft:custom":{"minecraft:interact_with_furnace":5,"minecraft:mob_kills":3,"minecraft:interact_with_crafting_table":6,"minecraft:damage_dealt_resisted":43,"minecraft:time_since_death":2668,"minecraft:climb_one_cm":16671,"minecraft:time_since_rest":2706,"minecraft:sprint_one_cm":73893,"minecraft:damage_taken":2055,"minecraft:walk_one_cm":89208,"minecraft:drop":2,"minecraft:damage_dealt":685,"minecraft:fly_one_cm":89990,"minecraft:crouch_one_cm":1491,"minecraft:play_time":34905,"minecraft:deaths":7,"minecraft:sneak_time":445,"minecraft:jump":574,"minecraft:walk_on_water_one_cm":1395,"minecraft:total_world_time":34905,"minecraft:fall_one_cm":18045},"minecraft:crafted":{"minecraft:oak_planks":8,"minecraft:crafting_table":2,"max_armory:handle":1,"minecraft:wooden_pickaxe":1,"minecraft:furnace":1,"minecraft:birch_planks":32,"minecraft:air":0,"minecraft:stick":12,"minecraft:iron_ingot":3,"minecraft:stone_pickaxe":2,"minecraft:stone_sword":1,"minecraft:torch":12},"minecraft:dropped":{"minecraft:moss_block":1,"minecraft:torch":1},"minecraft:mined":{"minecraft:flowering_azalea":1,"alexsmobs:leafcutter_anthill":1,"psg:sulphur_ore":2,"minecraft:clay":1,"minecraft:cave_vines_plant":2,"minecraft:grass_block":2,"alexsmobs:leafcutter_ant_chamber":1,"minecraft:stone_slab":1,"minecraft:copper_ore":9,"minecraft:tall_grass":2,"projectvibrantjourneys:fallen_leaves":1,"minecraft:moss_block":3,"minecraft:birch_log":8,"minecraft:birch_leaves":1,"projectvibrantjourneys:bark_mushroom":1,"minecraft:grass":1,"minecraft:coal_ore":16,"projectvibrantjourneys:short_grass":1,"minecraft:deepslate_iron_ore":3,"minecraft:dirt":3,"minecraft:cobweb":5,"minecraft:smooth_basalt":1,"minecraft:stone":37},"minecraft:picked_up":{"minecraft:birch_log":8,"minecraft:birch_door":1,"minecraft:clay_ball":8,"minecraft:glow_ink_sac":2,"projectvibrantjourneys:fallen_leaves":2,"minecraft:stone_slab":9,"minecraft:wooden_pickaxe":1,"minecraft:birch_planks":19,"minecraft:tuff":2,"minecraft:oak_log":2,"minecraft:shield":4,"minecraft:dirt":29,"minecraft:string":12,"minecraft:raw_copper":29,"minecraft:wooden_sword":4,"zombie_more:brain":3,"minecraft:leather_boots":1,"minecraft:wheat_seeds":2,"minecraft:iron_ingot":3,"minecraft:stone_pickaxe":8,"minecraft:moss_block":1,"minecraft:birch_sapling":7,"minecraft:oak_planks":4,"minecraft:flowering_azalea":5,"alexsmobs:leafcutter_ant_chamber":3,"minecraft:stick":7,"minecraft:raw_iron":3,"minecraft:smooth_basalt":2,"psg:raw_potassium":10,"projectvibrantjourneys:bark_mushroom":6,"minecraft:torch":27,"psg:sulphur":18,"pointblank:gunmetal_nugget":50,"alexsmobs:animal_dictionary":1,"max_armory:handle":1,"minecraft:rotten_flesh":9,"minecraft:bread":24,"minecraft:glow_berries":28,"minecraft:coal":28,"minecraft:cobblestone":111},"minecraft:killed_by":{"minecraft:skeleton":1,"minecraft:zombie":2,"zombie_more:tank_zombie":1,"zombie_more:explosive_zombie":1},"minecraft:used":{"minecraft:stone_sword":8,"minecraft:stone_pickaxe":69,"minecraft:wooden_pickaxe":8,"minecraft:torch":12,"minecraft:glow_berries":27,"minecraft:crafting_table":2,"minecraft:birch_door":1,"projectvibrantjourneys:fallen_leaves":2,"minecraft:bread":3,"minecraft:wooden_sword":20,"minecraft:cobblestone":6,"minecraft:furnace":1,"alexsmobs:animal_dictionary":1,"alexsmobs:leafcutter_ant_chamber":1}},"DataVersion":3465}