{"stats":{"minecraft:crafted":{"minecraft:oak_planks":56,"minecraft:crafting_table":6,"ecologics:coconut_planks":12,"minecraft:wooden_pickaxe":1,"minecraft:furnace":1,"minecraft:stone_axe":1,"minecraft:air":0,"minecraft:charcoal":4,"minecraft:shield":1,"minecraft:stick":36,"minecraft:iron_ingot":13,"minecraft:iron_pickaxe":1,"minecraft:stone_pickaxe":11,"minecraft:wooden_axe":1,"minecraft:stone_sword":1,"minecraft:chest":1,"minecraft:acacia_planks":20,"minecraft:torch":60},"minecraft:dropped":{"minecraft:stone_axe":1,"minecraft:stone_sword":1,"minecraft:cobblestone":9,"psg:sulphur":46,"minecraft:dirt":7,"projectvibrantjourneys:light_brown_bark_mushroom":1,"minecraft:torch":12,"minecraft:stone_pickaxe":1},"minecraft:mined":{"projectvibrantjourneys:cattail":3,"minecraft:deepslate_redstone_ore":4,"create:deepslate_zinc_ore":12,"minecraft:acacia_leaves":11,"minecraft:blackstone":465,"minecraft:deepslate_diamond_ore":3,"minecraft:candle":2,"minecraft:oak_door":1,"minecraft:gray_stained_glass_pane":7,"psg:sulphur_ore":10,"minecraft:torch":1,"minecraft:granite":20,"minecraft:acacia_log":5,"minecraft:grass_block":1,"minecraft:copper_ore":7,"minecraft:cobblestone":14,"minecraft:tall_grass":12,"ecologics:coconut_log":17,"minecraft:lapis_ore":4,"minecraft:oak_planks":3,"minecraft:moss_block":5,"minecraft:wall_torch":8,"projectvibrantjourneys:light_brown_bark_mushroom":1,"minecraft:iron_ore":13,"minecraft:grass":2,"minecraft:deepslate_iron_ore":1,"minecraft:oak_log":18,"projectvibrantjourneys:short_grass":2,"minecraft:gravel":3,"minecraft:dirt":58,"minecraft:stripped_oak_log":3,"minecraft:stone":124,"minecraft:oak_leaves":27,"minecraft:deepslate":33,"minecraft:fern":1},"minecraft:killed_by":{"minecraft:player":3,"mutantmonsters:mutant_skeleton":1},"minecraft:custom":{"minecraft:interact_with_furnace":10,"minecraft:mob_kills":2,"minecraft:interact_with_crafting_table":18,"minecraft:open_barrel":1,"minecraft:bell_ring":12,"minecraft:damage_dealt_resisted":12,"minecraft:interact_with_grindstone":1,"minecraft:leave_game":1,"minecraft:time_since_death":28332,"minecraft:sleep_in_bed":6,"minecraft:climb_one_cm":1482,"minecraft:time_since_rest":28394,"minecraft:sprint_one_cm":82090,"minecraft:damage_taken":2589,"minecraft:walk_one_cm":176147,"minecraft:damage_blocked_by_shield":750,"minecraft:drop":8,"minecraft:damage_dealt":468,"minecraft:talked_to_villager":5,"minecraft:fly_one_cm":133428,"minecraft:open_chest":34,"minecraft:crouch_one_cm":20544,"minecraft:play_time":96281,"minecraft:deaths":7,"minecraft:sneak_time":11693,"minecraft:jump":1087,"minecraft:walk_on_water_one_cm":2781,"minecraft:total_world_time":96281,"minecraft:fall_one_cm":27859},"minecraft:killed":{"hordes:zombie_player":1,"minecraft:zombie":1},"minecraft:broken":{"minecraft:stone_pickaxe":4,"minecraft:chainmail_boots":1,"minecraft:wooden_pickaxe":1},"minecraft:used":{"minecraft:moss_block":5,"minecraft:stone_pickaxe":528,"minecraft:blackstone":57,"minecraft:oak_planks":25,"minecraft:shield":3,"minecraft:chest":1,"minecraft:wooden_pickaxe":58,"minecraft:rotten_flesh":6,"minecraft:torch":65,"minecraft:dirt":42,"minecraft:crafting_table":6,"minecraft:wooden_axe":17,"minecraft:iron_pickaxe":146,"minecraft:bread":15,"minecraft:gravel":2,"minecraft:stone_axe":18,"minecraft:wooden_sword":1,"minecraft:cobblestone":24,"minecraft:furnace":1,"minecraft:candle":1},"minecraft:picked_up":{"minecraft:stripped_oak_log":3,"minecraft:chainmail_boots":1,"alexsmobs:acacia_blossom":1,"create:raw_zinc":12,"minecraft:flint":1,"overworld_netherite_ore:ancientdebrispiece":1,"minecraft:oak_log":18,"minecraft:lapis_lazuli":26,"minecraft:dirt":61,"minecraft:raw_copper":25,"minecraft:blackstone":450,"minecraft:apple":1,"minecraft:wheat_seeds":2,"minecraft:candle":4,"minecraft:cobbled_deepslate":33,"minecraft:stone_pickaxe":1,"minecraft:moss_block":5,"minecraft:acacia_sapling":4,"minecraft:oak_planks":3,"projectvibrantjourneys:light_brown_bark_mushroom":4,"minecraft:stick":20,"minecraft:raw_iron":14,"minecraft:oak_door":1,"minecraft:torch":43,"minecraft:acacia_log":5,"minecraft:gravel":2,"pointblank:gunmetal_nugget":7,"psg:sulphur":92,"minecraft:redstone":18,"minecraft:stone_sword":1,"minecraft:rotten_flesh":13,"minecraft:diamond":3,"minecraft:stone_axe":2,"ecologics:coconut_log":17,"minecraft:granite":20,"minecraft:oak_sapling":6,"minecraft:coal":33,"minecraft:cobblestone":143}},"DataVersion":3465}