{"stats":{"minecraft:killed":{"zombie_more:cursed_zombie":2,"hordes:zombie_player":3,"minecraft:spider":1,"minecraft:skeleton":2,"minecraft:zombie_villager":1,"zombie_more:crawler_zombie":1,"minecraft:creeper":1,"minecraft:sheep":9,"minecraft:zombie":11,"alexsmobs:terrapin":1,"minecraft:cow":11},"minecraft:custom":{"minecraft:interact_with_smithing_table":3,"minecraft:interact_with_anvil":2,"minecraft:mob_kills":43,"minecraft:animals_bred":5,"minecraft:interact_with_crafting_table":55,"minecraft:open_barrel":2,"minecraft:bell_ring":12,"minecraft:damage_dealt_resisted":802,"minecraft:leave_game":9,"minecraft:time_since_death":60705,"minecraft:climb_one_cm":7524,"minecraft:sprint_one_cm":661847,"minecraft:walk_one_cm":1106803,"minecraft:damage_blocked_by_shield":2255,"minecraft:drop":43,"minecraft:talked_to_villager":7,"minecraft:play_time":395457,"minecraft:deaths":22,"minecraft:sneak_time":24409,"minecraft:walk_under_water_one_cm":2282,"minecraft:jump":4123,"minecraft:interact_with_blast_furnace":2,"minecraft:walk_on_water_one_cm":14424,"minecraft:enchant_item":1,"minecraft:total_world_time":395457,"minecraft:interact_with_furnace":102,"minecraft:interact_with_stonecutter":21,"minecraft:interact_with_grindstone":1,"minecraft:sleep_in_bed":8,"minecraft:time_since_rest":60761,"minecraft:damage_taken":8085,"minecraft:damage_dealt":9154,"minecraft:swim_one_cm":3660,"minecraft:player_kills":1,"minecraft:fly_one_cm":591545,"minecraft:open_chest":148,"minecraft:crouch_one_cm":57207,"minecraft:fall_one_cm":83118},"minecraft:crafted":{"minecraft:oak_door":3,"minecraft:oak_planks":136,"minecraft:stone_shovel":2,"ecologics:coconut_planks":16,"minecraft:furnace":6,"minecraft:stone":311,"minecraft:stone_brick_slab":42,"minecraft:diamond_helmet":1,"minecraft:iron_boots":1,"minecraft:diamond_leggings":1,"minecraft:iron_axe":1,"minecraft:stone_pickaxe":12,"minecraft:chest":7,"minecraft:diamond_boots":2,"max_armory:iron_hammer":1,"minecraft:arrow":8,"max_armory:handle":1,"minecraft:crafting_table":10,"minecraft:spruce_planks":4,"minecraft:iron_helmet":2,"minecraft:wooden_pickaxe":2,"minecraft:iron_sword":1,"minecraft:copper_ingot":18,"minecraft:bucket":1,"minecraft:birch_planks":12,"minecraft:stone_axe":1,"minecraft:bread":7,"minecraft:air":0,"minecraft:iron_chestplate":1,"minecraft:diamond_pickaxe":1,"minecraft:charcoal":4,"minecraft:shield":1,"minecraft:stick":76,"minecraft:iron_ingot":72,"minecraft:iron_pickaxe":2,"minecraft:wooden_axe":1,"minecraft:stone_sword":1,"minecraft:iron_shovel":1,"minecraft:iron_leggings":1,"minecraft:acacia_planks":32,"minecraft:torch":88,"minecraft:diamond_chestplate":1},"minecraft:picked_up":{"minecraft:crafting_table":2,"minecraft:iron_chestplate":1,"minecraft:wheat":34,"create:polished_cut_calcite_slab":135,"minecraft:chainmail_boots":1,"minecraft:chicken":4,"create:cut_calcite_slab":37,"minecraft:stone_brick_stairs":78,"minecraft:shield":3,"minecraft:oak_trapdoor":5,"minecraft:string":1,"minecraft:raw_copper":69,"minecraft:item_frame":1,"minecraft:blackstone":672,"create:calcite_pillar":1,"minecraft:cracked_stone_bricks":6,"minecraft:diamond_leggings":1,"farmersdelight:beef_patty":6,"minecraft:candle":7,"minecraft:cobbled_deepslate":309,"minecraft:spruce_planks":1,"minecraft:bucket":1,"minecraft:beef":22,"minecraft:calcite":56,"minecraft:iron_pickaxe":1,"minecraft:sugar_cane":4,"minecraft:spruce_trapdoor":1,"minecraft:iron_boots":1,"minecraft:furnace":1,"max_armory:diamond_long_sword":1,"minecraft:stick":24,"minecraft:raw_iron":15,"minecraft:oak_door":1,"farmersdelight:rotten_tomato":1,"minecraft:copper_ingot":11,"minecraft:torch":77,"minecraft:acacia_log":8,"pointblank:gunmetal_nugget":47,"psg:sulphur":171,"minecraft:redstone":168,"minecraft:arrow":2,"minecraft:stone_sword":2,"minecraft:diamond_chestplate":1,"minecraft:rotten_flesh":36,"farmersdelight:onion":35,"minecraft:diamond_boots":2,"ecologics:coconut_log":17,"create:cut_calcite_brick_stairs":1,"projectvibrantjourneys:cattail":2,"create:cut_calcite_bricks":2,"minecraft:mutton":15,"minecraft:white_wool":4,"minecraft:cobblestone":1478,"minecraft:stripped_oak_log":8,"minecraft:birch_log":3,"create:cut_calcite_brick_slab":10,"minecraft:feather":1,"minecraft:cooked_beef":5,"ecologics:coconut_planks":1,"projectvibrantjourneys:fallen_leaves":1,"minecraft:leather":12,"alexsmobs:acacia_blossom":2,"minecraft:tuff":2,"minecraft:flint":16,"overworld_netherite_ore:ancientdebrispiece":1,"create:raw_zinc":49,"minecraft:oak_log":26,"minecraft:gunpowder":1,"minecraft:lapis_lazuli":60,"farmersdelight:tomato":130,"minecraft:dirt":226,"minecraft:lantern":1,"minecraft:bone":4,"minecraft:acacia_planks":4,"minecraft:apple":1,"minecraft:stone_bricks":72,"minecraft:wheat_seeds":93,"minecraft:raw_gold":10,"minecraft:stone_pickaxe":5,"minecraft:iron_ingot":5,"minecraft:mossy_stone_bricks":3,"minecraft:moss_block":5,"minecraft:acacia_sapling":8,"minecraft:oak_planks":17,"projectvibrantjourneys:light_brown_bark_mushroom":4,"psg:raw_potassium":24,"minecraft:stone_brick_slab":76,"minecraft:sand":8,"minecraft:gravel":87,"minecraft:stripped_spruce_log":1,"minecraft:diamond":37,"minecraft:stone_axe":5,"tacz:modern_kinetic_gun":3,"minecraft:iron_helmet":1,"minecraft:granite":40,"minecraft:oak_sapling":14,"minecraft:coal":101,"minecraft:lead":1},"minecraft:mined":{"create:zinc_ore":1,"create:deepslate_zinc_ore":24,"minecraft:spruce_planks":3,"farmersdelight:onions":2,"ecologics:coconut_planks":1,"minecraft:deepslate_diamond_ore":31,"minecraft:candle":2,"minecraft:oak_door":1,"minecraft:andesite_stairs":1,"create:cut_calcite_bricks":2,"create:cut_calcite_slab":37,"minecraft:gray_stained_glass_pane":9,"psg:sulphur_ore":17,"minecraft:spruce_trapdoor":1,"minecraft:granite":20,"minecraft:acacia_log":8,"minecraft:grass_block":5,"minecraft:stone_brick_wall":1,"create:polished_cut_calcite_slab":96,"farmersdelight:tomatoes":1,"ecologics:coconut_log":17,"minecraft:moss_block":5,"minecraft:oak_trapdoor":6,"minecraft:furnace":1,"minecraft:iron_ore":13,"minecraft:cobbled_deepslate":12,"minecraft:stripped_spruce_log":2,"create:calcite_pillar":1,"minecraft:deepslate_iron_ore":1,"minecraft:lantern":1,"minecraft:stripped_oak_log":11,"minecraft:stone":1231,"projectvibrantjourneys:cattail":7,"minecraft:deepslate_redstone_ore":19,"minecraft:acacia_leaves":17,"minecraft:blackstone":522,"create:cut_calcite_brick_stairs":1,"create:cut_calcite_brick_slab":10,"psg:potassium_ore":12,"minecraft:stone_brick_slab":51,"minecraft:crafting_table":2,"minecraft:torch":2,"minecraft:tall_grass":15,"minecraft:copper_ore":19,"minecraft:cobblestone":119,"minecraft:lapis_ore":4,"minecraft:deepslate_gold_ore":5,"minecraft:sugar_cane":3,"projectvibrantjourneys:fallen_leaves":1,"minecraft:oak_planks":15,"minecraft:wall_torch":18,"projectvibrantjourneys:light_brown_bark_mushroom":1,"minecraft:birch_log":3,"minecraft:wheat":39,"minecraft:lilac":1,"minecraft:stone_brick_stairs":31,"k_turrets:titanium_ore":1,"minecraft:grass":5,"minecraft:coal_ore":70,"minecraft:oak_log":26,"projectvibrantjourneys:short_grass":4,"minecraft:sand":8,"minecraft:gravel":105,"minecraft:dirt":229,"minecraft:cracked_stone_bricks":6,"minecraft:stone_bricks":65,"minecraft:mossy_stone_bricks":5,"minecraft:oak_leaves":31,"minecraft:deepslate":242,"minecraft:fern":1,"minecraft:tuff":2},"minecraft:dropped":{"minecraft:water_bucket":1,"minecraft:wheat_seeds":1,"minecraft:iron_helmet":1,"minecraft:cobblestone":73,"minecraft:leather":4,"minecraft:cracked_stone_bricks":2,"minecraft:stick":4,"minecraft:dirt":7,"minecraft:torch":12,"minecraft:mutton":8,"projectvibrantjourneys:fallen_leaves":1,"tacz:modern_kinetic_gun":1,"minecraft:stone_brick_slab":20,"minecraft:stone_axe":1,"alexsmobs:acacia_blossom":1,"minecraft:stone_sword":2,"minecraft:iron_boots":1,"psg:sulphur":46,"create:polished_cut_calcite_slab":42,"projectvibrantjourneys:light_brown_bark_mushroom":1,"minecraft:shield":1,"minecraft:spruce_trapdoor":1,"minecraft:iron_chestplate":1,"minecraft:stone_bricks":14,"minecraft:arrow":1,"minecraft:beef":14,"minecraft:stone_pickaxe":3,"minecraft:stone_brick_stairs":48},"minecraft:killed_by":{"minecraft:player":3,"hordes:drowned_player":1,"mutantmonsters:mutant_skeleton":1,"minecraft:phantom":1,"minecraft:zombie":1,"k_turrets:bullet_turret":3},"minecraft:used":{"minecraft:oak_trapdoor":2,"minecraft:moss_block":5,"minecraft:writable_book":1,"minecraft:stone_sword":1,"minecraft:iron_shovel":251,"minecraft:spruce_planks":3,"minecraft:chest":7,"minecraft:shield":25,"minecraft:stone":2,"minecraft:iron_sword":30,"minecraft:rotten_flesh":10,"create:cut_calcite_slab":38,"minecraft:oak_door":3,"minecraft:torch":117,"minecraft:dirt":60,"minecraft:carrot":7,"farmersdelight:beef_patty":6,"minecraft:stone_brick_slab":194,"minecraft:wooden_axe":17,"create:cut_calcite_brick_stairs":1,"farmersdelight:tomato":91,"minecraft:lantern":1,"minecraft:iron_axe":11,"minecraft:iron_boots":2,"minecraft:stone_brick_stairs":55,"minecraft:stone_bricks":251,"minecraft:item_frame":1,"minecraft:bow":2,"minecraft:written_book":2,"minecraft:furnace":7,"create:cut_calcite_brick_slab":10,"minecraft:cooked_beef":5,"minecraft:cobbled_deepslate":33,"max_armory:diamond_long_sword":128,"minecraft:wheat_seeds":38,"minecraft:mossy_stone_bricks":2,"minecraft:water_bucket":3,"minecraft:diamond_boots":3,"minecraft:stone_pickaxe":904,"minecraft:oak_planks":25,"minecraft:blackstone":164,"minecraft:wooden_pickaxe":61,"minecraft:cracked_stone_bricks":2,"farmersdelight:onion":81,"minecraft:crafting_table":12,"minecraft:diamond_pickaxe":1279,"minecraft:bread":22,"minecraft:iron_pickaxe":537,"minecraft:gravel":2,"minecraft:stone_axe":65,"create:polished_cut_calcite_slab":170,"minecraft:wooden_sword":1,"minecraft:cobblestone":243,"minecraft:bucket":4,"minecraft:candle":1},"minecraft:broken":{"minecraft:iron_shovel":1,"minecraft:chainmail_boots":1,"minecraft:wooden_pickaxe":1,"minecraft:stone_pickaxe":5,"minecraft:diamond_pickaxe":1,"minecraft:iron_pickaxe":1}},"DataVersion":3465}