{"stats":{"minecraft:killed":{"hordes:zombie_player":1,"minecraft:creeper":1,"minecraft:zombie":1},"minecraft:mined":{"create:deepslate_zinc_ore":24,"minecraft:deepslate_diamond_ore":31,"minecraft:candle":2,"minecraft:oak_door":1,"minecraft:gray_stained_glass_pane":9,"psg:sulphur_ore":10,"minecraft:granite":20,"minecraft:acacia_log":5,"minecraft:grass_block":2,"minecraft:stone_brick_wall":1,"ecologics:coconut_log":17,"minecraft:moss_block":5,"minecraft:iron_ore":13,"minecraft:cobbled_deepslate":9,"minecraft:deepslate_iron_ore":1,"minecraft:stripped_oak_log":9,"minecraft:stone":133,"projectvibrantjourneys:cattail":3,"minecraft:deepslate_redstone_ore":19,"minecraft:acacia_leaves":11,"minecraft:blackstone":521,"minecraft:torch":1,"minecraft:cobblestone":21,"minecraft:tall_grass":14,"minecraft:copper_ore":7,"minecraft:deepslate_gold_ore":5,"minecraft:lapis_ore":4,"projectvibrantjourneys:fallen_leaves":1,"minecraft:oak_planks":14,"minecraft:wall_torch":14,"projectvibrantjourneys:light_brown_bark_mushroom":1,"minecraft:birch_log":3,"minecraft:lilac":1,"minecraft:grass":5,"k_turrets:titanium_ore":1,"minecraft:oak_log":18,"projectvibrantjourneys:short_grass":2,"minecraft:dirt":82,"minecraft:gravel":3,"minecraft:fern":1,"minecraft:oak_leaves":27,"minecraft:deepslate":242},"minecraft:broken":{"minecraft:chainmail_boots":1,"minecraft:wooden_pickaxe":1,"minecraft:stone_pickaxe":4},"minecraft:killed_by":{"minecraft:player":3,"mutantmonsters:mutant_skeleton":1,"minecraft:phantom":1},"minecraft:custom":{"minecraft:mob_kills":3,"minecraft:interact_with_crafting_table":23,"minecraft:open_barrel":1,"minecraft:bell_ring":12,"minecraft:damage_dealt_resisted":12,"minecraft:leave_game":3,"minecraft:time_since_death":60497,"minecraft:climb_one_cm":3278,"minecraft:sprint_one_cm":279105,"minecraft:walk_one_cm":460935,"minecraft:damage_blocked_by_shield":1832,"minecraft:drop":17,"minecraft:talked_to_villager":5,"minecraft:play_time":207061,"minecraft:deaths":14,"minecraft:sneak_time":16404,"minecraft:jump":1819,"minecraft:walk_on_water_one_cm":7770,"minecraft:total_world_time":207061,"minecraft:interact_with_furnace":19,"minecraft:interact_with_grindstone":1,"minecraft:sleep_in_bed":7,"minecraft:time_since_rest":60527,"minecraft:damage_taken":4679,"minecraft:damage_dealt":1273,"minecraft:fly_one_cm":221753,"minecraft:player_kills":1,"minecraft:open_chest":87,"minecraft:crouch_one_cm":30007,"minecraft:fall_one_cm":33355},"minecraft:used":{"minecraft:moss_block":5,"minecraft:stone_sword":1,"minecraft:chest":4,"minecraft:shield":17,"minecraft:rotten_flesh":8,"minecraft:oak_door":1,"minecraft:torch":85,"minecraft:dirt":51,"minecraft:carrot":7,"minecraft:wooden_axe":17,"minecraft:iron_boots":2,"minecraft:furnace":1,"minecraft:cobbled_deepslate":33,"max_armory:diamond_long_sword":24,"minecraft:diamond_boots":2,"minecraft:stone_pickaxe":791,"minecraft:oak_planks":25,"minecraft:blackstone":81,"minecraft:wooden_pickaxe":58,"farmersdelight:onion":32,"minecraft:crafting_table":7,"minecraft:bread":15,"minecraft:iron_pickaxe":248,"minecraft:gravel":2,"minecraft:stone_axe":51,"minecraft:wooden_sword":1,"minecraft:cobblestone":33,"minecraft:candle":1},"minecraft:crafted":{"minecraft:oak_planks":96,"ecologics:coconut_planks":16,"minecraft:furnace":1,"minecraft:stone":6,"minecraft:diamond_helmet":1,"minecraft:diamond_leggings":1,"minecraft:stone_pickaxe":11,"minecraft:chest":4,"minecraft:diamond_boots":2,"minecraft:crafting_table":7,"minecraft:wooden_pickaxe":1,"minecraft:copper_ingot":9,"minecraft:birch_planks":12,"minecraft:stone_axe":1,"minecraft:air":0,"minecraft:charcoal":4,"minecraft:shield":1,"minecraft:stick":60,"minecraft:iron_pickaxe":1,"minecraft:iron_ingot":13,"minecraft:wooden_axe":1,"minecraft:stone_sword":1,"minecraft:acacia_planks":20,"minecraft:torch":88,"minecraft:diamond_chestplate":1},"minecraft:dropped":{"minecraft:wheat_seeds":1,"minecraft:iron_helmet":1,"minecraft:cobblestone":9,"minecraft:dirt":7,"minecraft:torch":12,"projectvibrantjourneys:fallen_leaves":1,"tacz:modern_kinetic_gun":1,"minecraft:stone_axe":1,"minecraft:stone_sword":2,"minecraft:iron_boots":1,"psg:sulphur":46,"projectvibrantjourneys:light_brown_bark_mushroom":1,"minecraft:iron_chestplate":1,"minecraft:stone_pickaxe":3},"minecraft:picked_up":{"minecraft:iron_chestplate":1,"minecraft:chainmail_boots":1,"minecraft:chicken":2,"minecraft:raw_copper":25,"minecraft:blackstone":503,"minecraft:candle":4,"minecraft:cobbled_deepslate":245,"minecraft:iron_boots":1,"minecraft:stick":20,"minecraft:raw_iron":14,"minecraft:oak_door":1,"minecraft:torch":49,"minecraft:acacia_log":5,"pointblank:gunmetal_nugget":7,"psg:sulphur":92,"minecraft:redstone":84,"minecraft:stone_sword":2,"minecraft:rotten_flesh":13,"ecologics:coconut_log":17,"minecraft:cobblestone":159,"minecraft:stripped_oak_log":6,"minecraft:birch_log":3,"minecraft:feather":1,"projectvibrantjourneys:fallen_leaves":1,"alexsmobs:acacia_blossom":1,"minecraft:flint":1,"minecraft:oak_log":18,"create:raw_zinc":24,"overworld_netherite_ore:ancientdebrispiece":1,"minecraft:lapis_lazuli":26,"minecraft:dirt":83,"minecraft:bone":1,"minecraft:apple":1,"minecraft:wheat_seeds":2,"minecraft:raw_gold":5,"minecraft:stone_pickaxe":4,"minecraft:moss_block":5,"minecraft:acacia_sapling":4,"minecraft:oak_planks":14,"projectvibrantjourneys:light_brown_bark_mushroom":4,"minecraft:gravel":2,"minecraft:diamond":31,"minecraft:stone_axe":3,"tacz:modern_kinetic_gun":2,"minecraft:iron_helmet":1,"minecraft:granite":20,"minecraft:oak_sapling":6,"minecraft:coal":33}},"DataVersion":3465}