{"stats":{"minecraft:killed":{"zombie_more:cursed_zombie":2,"hordes:zombie_player":1,"minecraft:spider":1,"minecraft:skeleton":2,"minecraft:zombie_villager":1,"zombie_more:crawler_zombie":1,"minecraft:creeper":1,"minecraft:sheep":4,"minecraft:zombie":11,"alexsmobs:terrapin":1,"minecraft:cow":6},"minecraft:custom":{"minecraft:interact_with_smithing_table":3,"minecraft:mob_kills":31,"minecraft:interact_with_crafting_table":33,"minecraft:open_barrel":2,"minecraft:bell_ring":12,"minecraft:damage_dealt_resisted":645,"minecraft:leave_game":8,"minecraft:time_since_death":8085,"minecraft:climb_one_cm":6503,"minecraft:sprint_one_cm":437021,"minecraft:walk_one_cm":605864,"minecraft:damage_blocked_by_shield":2255,"minecraft:drop":18,"minecraft:talked_to_villager":5,"minecraft:play_time":272989,"minecraft:deaths":17,"minecraft:sneak_time":18735,"minecraft:walk_under_water_one_cm":2282,"minecraft:jump":3073,"minecraft:interact_with_blast_furnace":2,"minecraft:walk_on_water_one_cm":11787,"minecraft:total_world_time":272989,"minecraft:interact_with_furnace":28,"minecraft:interact_with_grindstone":1,"minecraft:sleep_in_bed":8,"minecraft:time_since_rest":8114,"minecraft:damage_taken":6227,"minecraft:damage_dealt":7427,"minecraft:swim_one_cm":3660,"minecraft:player_kills":1,"minecraft:fly_one_cm":422878,"minecraft:open_chest":118,"minecraft:crouch_one_cm":35538,"minecraft:fall_one_cm":62620},"minecraft:crafted":{"minecraft:oak_planks":104,"ecologics:coconut_planks":16,"minecraft:furnace":1,"minecraft:stone":6,"minecraft:diamond_helmet":1,"minecraft:diamond_leggings":1,"minecraft:stone_pickaxe":11,"minecraft:chest":6,"minecraft:diamond_boots":2,"max_armory:iron_hammer":1,"minecraft:arrow":8,"max_armory:handle":1,"minecraft:crafting_table":8,"minecraft:iron_helmet":1,"minecraft:wooden_pickaxe":1,"minecraft:copper_ingot":18,"minecraft:birch_planks":12,"minecraft:stone_axe":1,"minecraft:air":0,"minecraft:charcoal":4,"minecraft:shield":1,"minecraft:stick":60,"minecraft:iron_ingot":72,"minecraft:iron_pickaxe":1,"minecraft:wooden_axe":1,"minecraft:stone_sword":1,"minecraft:acacia_planks":32,"minecraft:torch":88,"minecraft:diamond_chestplate":1},"minecraft:dropped":{"minecraft:wheat_seeds":1,"minecraft:iron_helmet":1,"minecraft:cobblestone":9,"minecraft:dirt":7,"minecraft:torch":12,"projectvibrantjourneys:fallen_leaves":1,"tacz:modern_kinetic_gun":1,"minecraft:stone_axe":1,"alexsmobs:acacia_blossom":1,"minecraft:stone_sword":2,"minecraft:iron_boots":1,"psg:sulphur":46,"projectvibrantjourneys:light_brown_bark_mushroom":1,"minecraft:iron_chestplate":1,"minecraft:stone_pickaxe":3},"minecraft:mined":{"create:deepslate_zinc_ore":24,"farmersdelight:onions":2,"minecraft:deepslate_diamond_ore":31,"minecraft:candle":2,"minecraft:oak_door":1,"minecraft:gray_stained_glass_pane":9,"psg:sulphur_ore":11,"minecraft:granite":20,"minecraft:acacia_log":8,"minecraft:grass_block":3,"minecraft:stone_brick_wall":1,"farmersdelight:tomatoes":1,"ecologics:coconut_log":17,"minecraft:moss_block":5,"minecraft:iron_ore":13,"minecraft:cobbled_deepslate":12,"minecraft:deepslate_iron_ore":1,"minecraft:stripped_oak_log":9,"minecraft:stone":191,"projectvibrantjourneys:cattail":7,"minecraft:deepslate_redstone_ore":19,"minecraft:acacia_leaves":17,"minecraft:blackstone":521,"minecraft:torch":1,"minecraft:tall_grass":15,"minecraft:copper_ore":7,"minecraft:cobblestone":46,"minecraft:lapis_ore":4,"minecraft:deepslate_gold_ore":5,"minecraft:sugar_cane":3,"projectvibrantjourneys:fallen_leaves":1,"minecraft:oak_planks":14,"minecraft:wall_torch":16,"projectvibrantjourneys:light_brown_bark_mushroom":1,"minecraft:birch_log":3,"minecraft:wheat":1,"minecraft:lilac":1,"k_turrets:titanium_ore":1,"minecraft:grass":5,"minecraft:oak_log":20,"projectvibrantjourneys:short_grass":4,"minecraft:gravel":3,"minecraft:dirt":86,"minecraft:oak_leaves":31,"minecraft:deepslate":242,"minecraft:fern":1},"minecraft:picked_up":{"minecraft:iron_chestplate":1,"minecraft:wheat":1,"minecraft:chainmail_boots":1,"minecraft:chicken":4,"minecraft:shield":1,"minecraft:string":1,"minecraft:raw_copper":25,"minecraft:blackstone":671,"minecraft:diamond_leggings":1,"minecraft:candle":7,"minecraft:cobbled_deepslate":309,"minecraft:bucket":1,"minecraft:beef":8,"minecraft:iron_pickaxe":1,"minecraft:sugar_cane":4,"minecraft:iron_boots":1,"max_armory:diamond_long_sword":1,"minecraft:stick":22,"minecraft:raw_iron":15,"minecraft:oak_door":1,"farmersdelight:rotten_tomato":1,"minecraft:copper_ingot":11,"minecraft:torch":61,"minecraft:acacia_log":8,"pointblank:gunmetal_nugget":43,"psg:sulphur":144,"minecraft:redstone":168,"minecraft:stone_sword":2,"minecraft:diamond_chestplate":1,"minecraft:rotten_flesh":34,"farmersdelight:onion":35,"minecraft:diamond_boots":2,"ecologics:coconut_log":17,"projectvibrantjourneys:cattail":2,"minecraft:mutton":7,"minecraft:white_wool":4,"minecraft:cobblestone":297,"minecraft:stripped_oak_log":6,"minecraft:birch_log":3,"minecraft:feather":1,"projectvibrantjourneys:fallen_leaves":1,"minecraft:leather":8,"alexsmobs:acacia_blossom":2,"minecraft:flint":1,"overworld_netherite_ore:ancientdebrispiece":1,"create:raw_zinc":48,"minecraft:oak_log":20,"minecraft:gunpowder":1,"minecraft:lapis_lazuli":52,"farmersdelight:tomato":80,"minecraft:dirt":88,"minecraft:bone":4,"minecraft:acacia_planks":4,"minecraft:apple":1,"minecraft:wheat_seeds":4,"minecraft:raw_gold":10,"minecraft:stone_pickaxe":5,"minecraft:iron_ingot":5,"minecraft:moss_block":5,"minecraft:acacia_sapling":8,"minecraft:oak_planks":14,"projectvibrantjourneys:light_brown_bark_mushroom":4,"minecraft:gravel":2,"minecraft:diamond":34,"minecraft:stone_axe":5,"tacz:modern_kinetic_gun":3,"minecraft:iron_helmet":1,"minecraft:granite":40,"minecraft:oak_sapling":14,"minecraft:coal":33},"minecraft:killed_by":{"minecraft:player":3,"hordes:drowned_player":1,"mutantmonsters:mutant_skeleton":1,"minecraft:phantom":1,"minecraft:zombie":1},"minecraft:used":{"minecraft:oak_trapdoor":2,"minecraft:moss_block":5,"minecraft:writable_book":1,"minecraft:stone_sword":1,"minecraft:chest":6,"minecraft:shield":25,"minecraft:rotten_flesh":8,"minecraft:oak_door":1,"minecraft:torch":101,"minecraft:dirt":56,"minecraft:carrot":7,"minecraft:wooden_axe":17,"farmersdelight:tomato":41,"minecraft:iron_boots":2,"minecraft:bow":2,"minecraft:written_book":2,"minecraft:furnace":1,"minecraft:cobbled_deepslate":33,"max_armory:diamond_long_sword":128,"minecraft:diamond_boots":3,"minecraft:stone_pickaxe":875,"minecraft:oak_planks":25,"minecraft:blackstone":164,"minecraft:wooden_pickaxe":58,"farmersdelight:onion":81,"minecraft:crafting_table":8,"minecraft:diamond_pickaxe":20,"minecraft:bread":15,"minecraft:iron_pickaxe":248,"minecraft:gravel":2,"minecraft:stone_axe":65,"minecraft:wooden_sword":1,"minecraft:cobblestone":114,"minecraft:candle":1},"minecraft:broken":{"minecraft:chainmail_boots":1,"minecraft:wooden_pickaxe":1,"minecraft:stone_pickaxe":5}},"DataVersion":3465}