{"stats":{"minecraft:killed":{"zombie_more:crawler_zombie":1,"minecraft:phantom":1,"alexsmobs:leafcutter_ant":1},"minecraft:custom":{"minecraft:interact_with_furnace":13,"minecraft:mob_kills":3,"minecraft:interact_with_crafting_table":6,"minecraft:damage_dealt_resisted":18,"minecraft:time_since_death":5031,"minecraft:climb_one_cm":22297,"minecraft:time_since_rest":5060,"minecraft:sprint_one_cm":80799,"minecraft:damage_taken":2837,"minecraft:walk_one_cm":113593,"minecraft:damage_blocked_by_shield":1516,"minecraft:drop":14,"minecraft:damage_dealt":1261,"minecraft:fly_one_cm":99873,"minecraft:player_kills":1,"minecraft:crouch_one_cm":7707,"minecraft:play_time":42992,"minecraft:deaths":10,"minecraft:sneak_time":2497,"minecraft:jump":868,"minecraft:walk_on_water_one_cm":2195,"minecraft:total_world_time":42992,"minecraft:fall_one_cm":27457},"minecraft:crafted":{"minecraft:oak_planks":4,"minecraft:stone_shovel":1,"minecraft:crafting_table":1,"minecraft:wooden_pickaxe":1,"minecraft:furnace":3,"minecraft:birch_planks":36,"minecraft:stone_axe":1,"minecraft:air":0,"minecraft:stick":16,"minecraft:iron_ingot":3,"minecraft:stone_pickaxe":2,"minecraft:stone_sword":1,"minecraft:birch_door":3,"minecraft:torch":32},"minecraft:mined":{"minecraft:tuff":10,"minecraft:dark_oak_leaves":1,"minecraft:dark_oak_log":5,"minecraft:clay":40,"psg:sulphur_ore":5,"minecraft:crafting_table":2,"minecraft:cave_vines_plant":29,"minecraft:grass_block":3,"minecraft:copper_ore":1,"minecraft:tall_grass":3,"minecraft:cobblestone":5,"minecraft:moss_block":8,"minecraft:birch_log":25,"minecraft:iron_ore":5,"projectvibrantjourneys:orange_bark_mushroom":1,"minecraft:grass":13,"minecraft:cave_vines":119,"projectvibrantjourneys:short_grass":4,"minecraft:gravel":9,"minecraft:dirt":3,"minecraft:stripped_oak_log":3,"minecraft:smooth_basalt":4,"minecraft:azalea":3,"minecraft:stone":140,"create:veridium":2,"create:crimsite":7},"minecraft:dropped":{"zombie_more:brain":1,"alexsmobs:maggot":1,"minecraft:birch_planks":1,"minecraft:wheat_seeds":1,"minecraft:glow_berries":7,"minecraft:rotten_flesh":1,"minecraft:wooden_sword":1,"minecraft:wooden_pickaxe":1},"minecraft:picked_up":{"minecraft:stripped_oak_log":1,"minecraft:birch_log":37,"minecraft:birch_door":2,"minecraft:crafting_table":3,"minecraft:clay_ball":298,"minecraft:birch_planks":42,"minecraft:tuff":18,"minecraft:shield":5,"minecraft:dirt":3,"minecraft:moss_carpet":3,"zombie_more:brain":1,"minecraft:wooden_sword":4,"minecraft:leather_boots":5,"minecraft:wheat_seeds":5,"minecraft:stone_pickaxe":1,"minecraft:iron_ingot":3,"minecraft:azalea":6,"minecraft:moss_block":7,"minecraft:iron_sword":1,"minecraft:oak_planks":6,"minecraft:stick":11,"minecraft:raw_iron":3,"minecraft:smooth_basalt":8,"psg:raw_potassium":14,"projectvibrantjourneys:bark_mushroom":2,"minecraft:torch":22,"minecraft:gravel":4,"psg:sulphur":36,"pointblank:gunmetal_nugget":12,"minecraft:dark_oak_log":10,"alexsmobs:animal_dictionary":5,"max_armory:copper_halberd":2,"minecraft:stone_shovel":1,"minecraft:stone_sword":1,"create:crimsite":6,"minecraft:rotten_flesh":3,"minecraft:stone_axe":1,"create:veridium":4,"minecraft:bread":26,"alexsmobs:maggot":1,"projectvibrantjourneys:orange_bark_mushroom":4,"minecraft:glow_berries":46,"minecraft:coal":27,"minecraft:cobblestone":137},"minecraft:killed_by":{"minecraft:player":1,"minecraft:skeleton":1,"minecraft:zombie":2,"alexsmobs:capuchin_monkey":1,"hordes:zombie_player":1,"zombie_more:tank_zombie":1},"minecraft:used":{"minecraft:azalea":2,"minecraft:moss_block":2,"minecraft:stone_sword":1,"minecraft:birch_planks":14,"minecraft:stone_shovel":46,"minecraft:stone_pickaxe":182,"minecraft:shield":32,"minecraft:wooden_pickaxe":14,"minecraft:torch":10,"minecraft:glow_berries":55,"minecraft:dirt":1,"minecraft:crafting_table":2,"max_armory:copper_halberd":4,"minecraft:birch_door":1,"minecraft:bread":10,"minecraft:stone_axe":26,"minecraft:wooden_sword":26,"minecraft:cobblestone":27,"minecraft:furnace":3},"minecraft:broken":{"minecraft:stone_pickaxe":1}},"DataVersion":3465}