{"stats":{"minecraft:killed":{"zombie_more:tank_zombie":2,"hordes:zombie_player":4,"zombie_more:crawler_zombie":1,"minecraft:phantom":1,"minecraft:zombie":1,"alexsmobs:leafcutter_ant":1},"minecraft:mined":{"minecraft:tuff":10,"minecraft:dark_oak_leaves":1,"minecraft:cobblestone_stairs":1,"minecraft:dark_oak_log":5,"minecraft:clay":40,"psg:sulphur_ore":5,"minecraft:crafting_table":2,"minecraft:cave_vines_plant":29,"minecraft:grass_block":10,"minecraft:copper_ore":1,"minecraft:tall_grass":3,"minecraft:cobblestone":19,"minecraft:moss_block":9,"minecraft:birch_log":26,"minecraft:iron_ore":5,"projectvibrantjourneys:orange_bark_mushroom":1,"minecraft:birch_door":1,"minecraft:grass":14,"minecraft:cave_vines":119,"projectvibrantjourneys:short_grass":7,"minecraft:gravel":9,"minecraft:dirt":3,"minecraft:stripped_oak_log":3,"minecraft:smooth_basalt":4,"minecraft:azalea":3,"minecraft:stone":153,"create:veridium":2,"create:crimsite":7},"minecraft:killed_by":{"minecraft:player":2,"zombie_more:crawler_zombie":1,"minecraft:skeleton":1,"minecraft:creeper":1,"minecraft:zombie":3,"alexsmobs:capuchin_monkey":1,"hordes:zombie_player":3,"zombie_more:tank_zombie":4},"minecraft:custom":{"minecraft:interact_with_furnace":17,"minecraft:mob_kills":10,"minecraft:interact_with_crafting_table":7,"minecraft:damage_dealt_resisted":338,"minecraft:time_since_death":1438,"minecraft:climb_one_cm":24010,"minecraft:time_since_rest":1465,"minecraft:sprint_one_cm":113285,"minecraft:damage_taken":5485,"minecraft:walk_one_cm":167817,"minecraft:damage_blocked_by_shield":1700,"minecraft:drop":16,"minecraft:damage_dealt":2974,"minecraft:fly_one_cm":173943,"minecraft:player_kills":1,"minecraft:crouch_one_cm":10561,"minecraft:play_time":59431,"minecraft:sneak_time":4085,"minecraft:deaths":19,"minecraft:jump":1209,"minecraft:walk_on_water_one_cm":2195,"minecraft:total_world_time":59431,"minecraft:fall_one_cm":37411},"minecraft:broken":{"minecraft:stone_pickaxe":1},"minecraft:used":{"minecraft:azalea":2,"minecraft:moss_block":2,"minecraft:cobblestone_stairs":2,"minecraft:stone_sword":1,"minecraft:birch_planks":14,"minecraft:stone_shovel":46,"minecraft:stone_pickaxe":190,"minecraft:wooden_pickaxe":14,"minecraft:shield":37,"minecraft:iron_sword":17,"minecraft:rotten_flesh":5,"minecraft:torch":10,"minecraft:glow_berries":93,"minecraft:dirt":2,"minecraft:crafting_table":2,"max_armory:copper_halberd":44,"minecraft:birch_door":2,"minecraft:bread":15,"minecraft:iron_pickaxe":21,"minecraft:wooden_sword":26,"minecraft:stone_axe":26,"minecraft:cobblestone":100,"minecraft:furnace":3},"minecraft:crafted":{"minecraft:oak_planks":4,"minecraft:stone_shovel":1,"minecraft:crafting_table":1,"minecraft:wooden_pickaxe":1,"minecraft:furnace":3,"minecraft:cobblestone_stairs":64,"minecraft:birch_planks":40,"minecraft:stone_axe":1,"minecraft:air":0,"minecraft:stick":16,"minecraft:iron_ingot":3,"minecraft:stone_pickaxe":2,"minecraft:stone_sword":1,"minecraft:birch_door":3,"minecraft:torch":32},"minecraft:dropped":{"zombie_more:brain":1,"alexsmobs:maggot":1,"minecraft:birch_planks":1,"minecraft:wheat_seeds":1,"minecraft:rotten_flesh":1,"minecraft:glow_berries":7,"max_armory:copper_halberd":1,"minecraft:copper_ingot":7,"minecraft:wooden_sword":1,"minecraft:wooden_pickaxe":1},"minecraft:picked_up":{"minecraft:stripped_oak_log":1,"minecraft:birch_log":38,"minecraft:crafting_table":3,"minecraft:birch_door":5,"minecraft:clay_ball":298,"minecraft:glow_ink_sac":1,"dweller_dweller:dweller_dweller_tooth":1,"minecraft:brown_mushroom":2,"minecraft:stone_slab":2,"minecraft:birch_planks":45,"minecraft:tuff":18,"minecraft:shield":6,"minecraft:cobblestone_stairs":1,"minecraft:dirt":10,"minecraft:moss_carpet":6,"minecraft:raw_copper":37,"zombie_more:brain":1,"minecraft:wooden_sword":4,"minecraft:leather_boots":5,"minecraft:wheat_seeds":6,"minecraft:cobbled_deepslate":1,"minecraft:iron_ingot":3,"minecraft:stone_pickaxe":6,"minecraft:azalea":6,"minecraft:iron_pickaxe":1,"minecraft:moss_block":8,"minecraft:chest":1,"minecraft:iron_sword":2,"minecraft:birch_sapling":1,"minecraft:oak_planks":8,"minecraft:flowering_azalea":1,"alexsmobs:leafcutter_ant_chamber":1,"minecraft:dark_oak_sapling":1,"minecraft:stick":21,"minecraft:raw_iron":3,"minecraft:smooth_basalt":8,"psg:raw_potassium":19,"minecraft:copper_ingot":7,"projectvibrantjourneys:bark_mushroom":2,"minecraft:torch":52,"minecraft:gravel":4,"pointblank:gunmetal_nugget":69,"psg:sulphur":80,"minecraft:dark_oak_log":10,"alexsmobs:animal_dictionary":5,"max_armory:copper_halberd":4,"minecraft:arrow":2,"minecraft:stone_sword":1,"minecraft:rotten_flesh":9,"create:crimsite":6,"minecraft:stone_shovel":1,"minecraft:stone_axe":1,"create:veridium":4,"minecraft:bread":31,"alexsmobs:maggot":3,"projectvibrantjourneys:orange_bark_mushroom":4,"minecraft:glow_berries":57,"minecraft:coal":37,"minecraft:cobblestone":331}},"DataVersion":3465}