{"stats":{"minecraft:killed":{"minecraft:spider":1,"minecraft:skeleton":4,"minecraft:chicken":4,"zombie_more:boomer_zombie":1,"minecraft:pig":9,"minecraft:zombie_villager":2,"minecraft:salmon":9,"alexsmobs:seal":2,"minecraft:creeper":1,"minecraft:sheep":6,"minecraft:zombie":25,"zombie_more:explosive_zombie":1,"alexsmobs:terrapin":1,"alexsmobs:maned_wolf":1,"minecraft:cow":16,"hordes:zombie_player":4,"alexsmobs:raccoon":1,"alexsmobs:tasmanian_devil":1,"minecraft:phantom":3,"minecraft:drowned":1,"zombie_more:crawler_zombie":2,"alexsmobs:catfish":3,"alexsmobs:gazelle":1},"minecraft:mined":{"minecraft:large_amethyst_bud":1,"create:deepslate_zinc_ore":2,"minecraft:spruce_planks":51,"minecraft:cobblestone_stairs":2,"minecraft:spruce_trapdoor":1,"minecraft:granite":112,"minecraft:acacia_log":46,"minecraft:grass_block":19,"minecraft:stone_brick_wall":10,"minecraft:red_stained_glass_pane":11,"minecraft:tall_seagrass":1,"minecraft:magma_block":4,"minecraft:iron_ore":77,"minecraft:fire":6,"create:asurine":1,"minecraft:iron_bars":11,"minecraft:azalea":2,"create:veridium":1,"minecraft:spruce_slab":26,"minecraft:green_bed":1,"projectvibrantjourneys:cattail":16,"minecraft:deepslate_redstone_ore":6,"minecraft:brown_mushroom":16,"minecraft:red_bed":1,"minecraft:blackstone":42,"minecraft:torch":2,"projectvibrantjourneys:twigs":2,"minecraft:chest":3,"minecraft:mushroom_stem":5,"minecraft:cobblestone":154,"minecraft:oak_planks":2,"minecraft:sugar_cane":22,"minecraft:wall_torch":2,"minecraft:seagrass":2,"minecraft:light_gray_candle":6,"minecraft:mossy_stone_brick_wall":7,"minecraft:stone_brick_stairs":20,"minecraft:grass":44,"minecraft:oak_log":19,"projectvibrantjourneys:short_grass":31,"minecraft:acacia_fence":1,"minecraft:dirt":78,"minecraft:sand":13,"minecraft:smooth_basalt":13,"minecraft:red_mushroom_block":27,"minecraft:oak_leaves":6,"minecraft:deepslate":38,"create:zinc_ore":7,"minecraft:tuff":7,"minecraft:red_carpet":1,"ecologics:coconut_planks":1,"minecraft:deepslate_diamond_ore":22,"projectvibrantjourneys:rocks":6,"psg:sulphur_ore":13,"minecraft:brown_mushroom_block":15,"ecologics:coconut_log":31,"minecraft:moss_block":2,"minecraft:red_mushroom":15,"minecraft:large_fern":1,"minecraft:oak_trapdoor":8,"minecraft:furnace":4,"minecraft:andesite":23,"minecraft:mossy_stone_brick_stairs":8,"minecraft:deepslate_iron_ore":58,"minecraft:stone":330,"minecraft:oak_slab":55,"minecraft:acacia_leaves":7,"psg:potassium_ore":2,"minecraft:spruce_door":1,"psg:deepslate_sulphur_ore":4,"minecraft:oak_fence":1,"minecraft:cornflower":1,"minecraft:crafting_table":12,"projectvibrantjourneys:mossy_rocks":1,"minecraft:andesite_wall":10,"minecraft:tall_grass":40,"minecraft:copper_ore":37,"minecraft:deepslate_gold_ore":7,"minecraft:lapis_ore":4,"minecraft:lily_pad":2,"minecraft:spruce_stairs":5,"minecraft:coarse_dirt":1,"minecraft:cobblestone_wall":5,"minecraft:yellow_bed":2,"k_turrets:titanium_ore":9,"minecraft:coal_ore":166,"minecraft:gravel":11,"minecraft:cracked_stone_bricks":23,"minecraft:acacia_planks":28,"minecraft:spruce_fence_gate":2,"minecraft:stone_bricks":151,"minecraft:mossy_stone_bricks":11,"minecraft:gold_ore":1,"minecraft:fern":2},"minecraft:killed_by":{"zombie_more:crawler_zombie":1,"minecraft:zombie":6,"minecraft:player":5,"hordes:zombie_player":1,"mutantmonsters:mutant_skeleton":1,"minecraft:skeleton":2},"minecraft:broken":{"minecraft:stone_pickaxe":1,"minecraft:stone_axe":1,"minecraft:shield":2,"minecraft:iron_pickaxe":1},"minecraft:custom":{"minecraft:interact_with_crafting_table":75,"minecraft:open_barrel":4,"minecraft:eat_cake_slice":4,"minecraft:leave_game":5,"minecraft:time_since_death":2851,"minecraft:sprint_one_cm":715474,"minecraft:damage_blocked_by_shield":6002,"minecraft:drop":259,"minecraft:talked_to_villager":3,"minecraft:play_time":275439,"minecraft:deaths":18,"minecraft:jump":6643,"minecraft:walk_on_water_one_cm":34903,"minecraft:interact_with_furnace":145,"minecraft:interact_with_loom":2,"minecraft:sleep_in_bed":10,"minecraft:damage_dealt":15627,"minecraft:player_kills":3,"minecraft:crouch_one_cm":83624,"minecraft:mob_kills":102,"minecraft:damage_dealt_resisted":497,"minecraft:climb_one_cm":1458,"minecraft:walk_one_cm":515679,"minecraft:sneak_time":28478,"minecraft:walk_under_water_one_cm":29590,"minecraft:boat_one_cm":62325,"minecraft:interact_with_blast_furnace":2,"minecraft:total_world_time":275439,"minecraft:time_since_rest":2878,"minecraft:damage_taken":7622,"minecraft:swim_one_cm":135338,"minecraft:fly_one_cm":1178356,"minecraft:open_chest":120,"minecraft:fall_one_cm":212575},"minecraft:used":{"minecraft:iron_shovel":58,"minecraft:chest":9,"minecraft:shield":89,"minecraft:iron_sword":99,"ecologics:coconut_planks":44,"marbledsarsenal:desert_military_armor_chestplate":1,"minecraft:iron_chestplate":1,"farmersdelight:tomato":6,"minecraft:iron_helmet":1,"minecraft:stone_bricks":2,"farmersdelight:cutting_board":1,"minecraft:furnace":6,"minecraft:acacia_fence":4,"max_armory:diamond_long_sword":155,"minecraft:stone_pickaxe":166,"minecraft:blackstone":6,"minecraft:ender_pearl":1,"minecraft:wooden_pickaxe":9,"minecraft:sugar_cane":33,"minecraft:sand":7,"minecraft:mushroom_stew":20,"marbledsarsenal:desert_military_armor_leggings":1,"marbledsarsenal:desert_military_armor_boots":1,"minecraft:bread":6,"create:asurine":1,"minecraft:wooden_sword":21,"minecraft:andesite":13,"minecraft:oak_boat":1,"minecraft:oak_fence":12,"tacz:gun_smith_table":1,"minecraft:cooked_salmon":7,"minecraft:cooked_chicken":4,"minecraft:torch":131,"minecraft:dirt":40,"minecraft:granite":86,"minecraft:iron_axe":235,"minecraft:iron_boots":1,"minecraft:smooth_basalt":6,"projectvibrantjourneys:cattail":1,"comforts:sleeping_bag_white":2,"minecraft:acacia_planks":67,"minecraft:iron_leggings":2,"farmersdelight:fried_egg":3,"minecraft:cooked_mutton":2,"minecraft:water_bucket":3,"alexsmobs:cooked_catfish":4,"minecraft:brown_mushroom":1,"minecraft:green_bed":1,"minecraft:gold_ore":1,"minecraft:crafting_table":17,"minecraft:red_mushroom":3,"minecraft:diamond_pickaxe":799,"minecraft:apple":21,"minecraft:iron_pickaxe":505,"minecraft:stone_axe":166,"marbledsarsenal:desert_military_armor_helmet":1,"minecraft:cobblestone":204,"minecraft:cooked_porkchop":5,"minecraft:bucket":4},"minecraft:crafted":{"marbledsarsenal:desert_military_armor_boots":1,"minecraft:oak_planks":64,"dustrial_decor:sheet_metal":3,"minecraft:cooked_chicken":4,"minecraft:cooked_mutton":2,"minecraft:iron_boots":1,"minecraft:chest":6,"marbledsapi:steel_ingot":23,"minecraft:acacia_fence":6,"alexsmobs:cooked_catfish":4,"minecraft:oak_fence":12,"minecraft:cooked_porkchop":5,"minecraft:crafting_table":8,"minecraft:wooden_pickaxe":2,"minecraft:iron_helmet":1,"minecraft:copper_ingot":22,"minecraft:acacia_button":1,"marbledsapi:raw_steel":23,"farmersdelight:fried_egg":3,"minecraft:iron_chestplate":1,"minecraft:diamond_pickaxe":1,"minecraft:shield":3,"minecraft:stick":96,"minecraft:iron_ingot":122,"minecraft:iron_pickaxe":3,"minecraft:iron_block":1,"minecraft:gold_ingot":4,"ecologics:coconut_planks":116,"comforts:sleeping_bag_white":1,"minecraft:furnace":4,"minecraft:mushroom_stew":20,"marbledsarsenal:desert_military_armor_helmet":1,"minecraft:iron_axe":1,"minecraft:stone_pickaxe":3,"marbledsapi:steel_sheet":4,"minecraft:iron_sword":1,"minecraft:bowl":16,"tacz:gun_smith_table":1,"minecraft:cooked_salmon":9,"minecraft:bucket":2,"minecraft:stone_axe":2,"marbledsarsenal:desert_military_armor_leggings":1,"marbledsarsenal:desert_military_armor_chestplate":1,"minecraft:air":0,"minecraft:oak_boat":1,"minecraft:iron_shovel":1,"minecraft:iron_leggings":1,"minecraft:acacia_planks":180,"minecraft:torch":128},"minecraft:dropped":{"minecraft:oak_log":1,"minecraft:diamond":3,"minecraft:mossy_stone_brick_stairs":4,"minecraft:cracked_stone_bricks":30,"minecraft:cobblestone_stairs":2,"minecraft:dirt":4,"minecraft:iron_pickaxe":2,"minecraft:gravel":7,"minecraft:sugar_cane":1,"alexsmobs:gazelle_horn":1,"zombie_more:crawler_gut":1,"psg:raw_potassium":9,"minecraft:gunpowder":3,"minecraft:spruce_slab":12,"minecraft:iron_bars":9,"minecraft:arrow":2,"projectvibrantjourneys:cattail":3,"minecraft:stone_brick_stairs":16,"minecraft:acacia_fence":3,"minecraft:golden_boots":1,"minecraft:wheat_seeds":1,"minecraft:golden_helmet":1,"minecraft:oak_fence":2,"minecraft:iron_helmet":1,"minecraft:cobblestone":37,"minecraft:andesite_wall":8,"minecraft:spruce_door":1,"minecraft:spruce_stairs":4,"minecraft:coal":1,"minecraft:stick":2,"minecraft:lily_pad":1,"minecraft:acacia_planks":2,"create:raw_zinc":7,"minecraft:smooth_basalt":1,"minecraft:oak_trapdoor":7,"alexsmobs:acacia_blossom":2,"minecraft:coarse_dirt":1,"minecraft:cobblestone_wall":4,"minecraft:stone_slab":1,"minecraft:light_gray_candle":5,"pointblank:gunmetal_nugget":2,"minecraft:mossy_stone_bricks":11,"minecraft:stone_bricks":64,"minecraft:bow":1},"minecraft:picked_up":{"minecraft:iron_chestplate":2,"minecraft:stone_slab":1,"minecraft:stone_brick_stairs":16,"farmersdelight:cutting_board":1,"alexsmobs:gazelle_horn":1,"minecraft:raw_copper":136,"minecraft:iron_leggings":2,"minecraft:cobbled_deepslate":47,"comforts:sleeping_bag_white":2,"minecraft:azalea":3,"minecraft:iron_pickaxe":3,"alexsmobs:raccoon_tail":1,"minecraft:iron_boots":2,"minecraft:furnace":5,"max_armory:diamond_long_sword":2,"minecraft:golden_helmet":1,"minecraft:stick":5,"minecraft:acacia_fence":1,"ecologics:coconut_seedling":3,"minecraft:oak_fence":4,"minecraft:green_bed":1,"minecraft:torch":134,"minecraft:acacia_log":45,"minecraft:spruce_stairs":5,"minecraft:porkchop":21,"psg:sulphur":97,"minecraft:andesite_wall":8,"minecraft:rotten_flesh":31,"ecologics:coconut_log":29,"create:asurine":1,"alexsmobs:emu_egg":1,"create:veridium":1,"projectvibrantjourneys:cattail":16,"minecraft:iron_bars":9,"minecraft:cobblestone":665,"minecraft:magma_block":4,"minecraft:feather":5,"ecologics:coconut_planks":50,"minecraft:andesite":29,"minecraft:tuff":7,"create:raw_zinc":18,"minecraft:dirt":92,"minecraft:lapis_lazuli":26,"farmersdelight:tomato":8,"zombie_more:crawler_gut":2,"minecraft:bone":14,"minecraft:acacia_planks":105,"marbledsarsenal:desert_military_armor_chestplate":1,"minecraft:bow":1,"minecraft:wheat_seeds":10,"minecraft:raw_gold":15,"minecraft:mossy_stone_bricks":11,"minecraft:moss_block":2,"minecraft:oak_planks":2,"minecraft:mossy_stone_brick_stairs":4,"psg:raw_potassium":12,"minecraft:sand":14,"minecraft:diamond":40,"marbledsarsenal:desert_military_armor_helmet":1,"minecraft:granite":130,"minecraft:oak_sapling":1,"minecraft:diamond_pickaxe":1,"minecraft:crafting_table":13,"minecraft:coarse_dirt":3,"minecraft:chicken":4,"minecraft:brown_mushroom":35,"minecraft:wooden_pickaxe":1,"minecraft:shield":3,"alexsmobs:cooked_catfish":2,"minecraft:oak_trapdoor":7,"minecraft:iron_axe":1,"minecraft:iron_shovel":1,"minecraft:blackstone":78,"minecraft:cracked_stone_bricks":30,"minecraft:beef":33,"minecraft:oak_boat":1,"minecraft:spruce_slab":16,"minecraft:sugar_cane":34,"minecraft:chest":3,"minecraft:egg":3,"minecraft:raw_iron":155,"minecraft:copper_ingot":22,"projectvibrantjourneys:bark_mushroom":1,"pointblank:gunmetal_nugget":60,"minecraft:redstone":25,"minecraft:arrow":7,"k_turrets:raw_titanium":11,"marbledsarsenal:desert_military_armor_boots":2,"minecraft:mutton":12,"minecraft:white_wool":5,"marbledsarsenal:desert_military_armor_leggings":1,"minecraft:salmon":12,"minecraft:leather":20,"alexsmobs:acacia_blossom":3,"minecraft:red_mushroom":28,"minecraft:oak_log":20,"minecraft:lily_pad":2,"minecraft:gunpowder":8,"minecraft:golden_boots":1,"minecraft:cobblestone_wall":4,"minecraft:cobblestone_stairs":2,"minecraft:apple":12,"minecraft:stone_bricks":128,"minecraft:iron_ingot":30,"minecraft:stone_pickaxe":1,"minecraft:cooked_chicken":3,"marbledsapi:steel_ingot":3,"minecraft:mossy_stone_brick_wall":7,"minecraft:iron_sword":2,"minecraft:acacia_sapling":8,"minecraft:smooth_basalt":14,"minecraft:gravel":11,"minecraft:spider_eye":3,"minecraft:spruce_door":1,"alexsmobs:raw_catfish":4,"minecraft:slime_ball":1,"minecraft:light_gray_candle":5,"minecraft:stone_axe":4,"minecraft:iron_helmet":3,"projectvibrantjourneys:orange_bark_mushroom":3,"minecraft:black_wool":1,"minecraft:coal":226,"minecraft:ender_pearl":2}},"DataVersion":3465}