{"stats":{"minecraft:mined":{"create:zinc_ore":7,"minecraft:large_amethyst_bud":1,"create:deepslate_zinc_ore":2,"minecraft:tuff":7,"minecraft:deepslate_diamond_ore":16,"projectvibrantjourneys:rocks":5,"psg:sulphur_ore":13,"minecraft:granite":91,"minecraft:acacia_log":45,"minecraft:grass_block":11,"minecraft:brown_mushroom_block":15,"minecraft:red_mushroom":9,"minecraft:large_fern":1,"minecraft:magma_block":4,"minecraft:furnace":2,"minecraft:iron_ore":69,"minecraft:fire":6,"minecraft:andesite":10,"create:asurine":1,"minecraft:deepslate_iron_ore":54,"minecraft:stone":107,"create:veridium":1,"minecraft:green_bed":1,"projectvibrantjourneys:cattail":3,"minecraft:deepslate_redstone_ore":6,"minecraft:acacia_leaves":4,"minecraft:brown_mushroom":15,"minecraft:blackstone":8,"psg:potassium_ore":2,"minecraft:oak_fence":1,"psg:deepslate_sulphur_ore":4,"minecraft:crafting_table":7,"minecraft:cornflower":1,"minecraft:torch":2,"minecraft:chest":3,"projectvibrantjourneys:mossy_rocks":1,"minecraft:mushroom_stem":5,"minecraft:copper_ore":36,"minecraft:tall_grass":20,"minecraft:cobblestone":7,"minecraft:lapis_ore":4,"minecraft:deepslate_gold_ore":7,"minecraft:sugar_cane":4,"minecraft:wall_torch":2,"minecraft:seagrass":1,"minecraft:spruce_stairs":1,"k_turrets:titanium_ore":3,"minecraft:grass":25,"minecraft:oak_log":19,"minecraft:coal_ore":70,"projectvibrantjourneys:short_grass":8,"minecraft:gravel":2,"minecraft:sand":7,"minecraft:dirt":40,"minecraft:smooth_basalt":1,"minecraft:acacia_planks":27,"minecraft:red_mushroom_block":27,"minecraft:oak_leaves":4,"minecraft:deepslate":6},"minecraft:crafted":{"minecraft:oak_planks":64,"comforts:sleeping_bag_white":1,"minecraft:cooked_chicken":4,"minecraft:furnace":2,"minecraft:mushroom_stew":16,"minecraft:iron_boots":1,"minecraft:iron_axe":1,"minecraft:stone_pickaxe":3,"minecraft:chest":2,"alexsmobs:cooked_catfish":4,"minecraft:oak_fence":3,"minecraft:crafting_table":4,"minecraft:iron_helmet":1,"minecraft:wooden_pickaxe":2,"minecraft:iron_sword":1,"minecraft:bowl":16,"tacz:gun_smith_table":1,"minecraft:cooked_salmon":3,"minecraft:bucket":1,"minecraft:stone_axe":2,"minecraft:air":0,"marbledsapi:raw_steel":3,"minecraft:oak_boat":1,"farmersdelight:fried_egg":3,"minecraft:iron_chestplate":1,"minecraft:shield":2,"minecraft:stick":72,"minecraft:iron_ingot":122,"minecraft:iron_pickaxe":2,"minecraft:iron_block":1,"minecraft:iron_leggings":1,"minecraft:acacia_planks":176,"minecraft:torch":128},"minecraft:used":{"minecraft:oak_fence":3,"tacz:gun_smith_table":1,"minecraft:chest":5,"minecraft:shield":57,"minecraft:iron_sword":70,"minecraft:cooked_salmon":1,"minecraft:cooked_chicken":4,"minecraft:iron_chestplate":1,"minecraft:torch":129,"minecraft:dirt":38,"minecraft:granite":77,"minecraft:iron_axe":33,"minecraft:iron_helmet":1,"minecraft:iron_boots":1,"minecraft:furnace":4,"comforts:sleeping_bag_white":2,"minecraft:acacia_planks":64,"farmersdelight:fried_egg":3,"minecraft:iron_leggings":2,"alexsmobs:cooked_catfish":4,"minecraft:water_bucket":2,"minecraft:stone_pickaxe":166,"minecraft:blackstone":6,"minecraft:wooden_pickaxe":9,"minecraft:brown_mushroom":1,"minecraft:sugar_cane":8,"minecraft:green_bed":1,"minecraft:sand":7,"minecraft:crafting_table":9,"minecraft:red_mushroom":1,"minecraft:mushroom_stew":9,"minecraft:apple":21,"minecraft:bread":6,"minecraft:iron_pickaxe":415,"create:asurine":1,"minecraft:stone_axe":166,"minecraft:wooden_sword":21,"minecraft:cobblestone":75,"minecraft:andesite":5,"minecraft:bucket":3,"minecraft:oak_boat":1},"minecraft:picked_up":{"minecraft:crafting_table":7,"minecraft:iron_chestplate":2,"minecraft:chicken":4,"minecraft:brown_mushroom":34,"minecraft:wooden_pickaxe":1,"minecraft:shield":2,"alexsmobs:gazelle_horn":1,"alexsmobs:cooked_catfish":2,"minecraft:raw_copper":128,"minecraft:iron_leggings":2,"minecraft:blackstone":10,"minecraft:cobbled_deepslate":15,"comforts:sleeping_bag_white":2,"minecraft:beef":33,"minecraft:oak_boat":1,"minecraft:iron_pickaxe":3,"alexsmobs:raccoon_tail":1,"minecraft:sugar_cane":8,"minecraft:chest":3,"minecraft:furnace":2,"minecraft:iron_boots":2,"minecraft:egg":3,"minecraft:stick":4,"minecraft:raw_iron":131,"minecraft:oak_fence":4,"minecraft:torch":126,"minecraft:acacia_log":44,"minecraft:green_bed":1,"minecraft:spruce_stairs":1,"minecraft:porkchop":16,"pointblank:gunmetal_nugget":33,"psg:sulphur":97,"minecraft:redstone":25,"minecraft:arrow":5,"minecraft:rotten_flesh":11,"k_turrets:raw_titanium":5,"create:asurine":1,"create:veridium":1,"projectvibrantjourneys:cattail":5,"minecraft:mutton":10,"minecraft:white_wool":4,"minecraft:cobblestone":146,"minecraft:magma_block":4,"minecraft:feather":5,"minecraft:andesite":14,"minecraft:salmon":6,"minecraft:leather":20,"alexsmobs:acacia_blossom":3,"minecraft:red_mushroom":22,"minecraft:tuff":7,"create:raw_zinc":18,"minecraft:oak_log":19,"minecraft:gunpowder":5,"minecraft:lapis_lazuli":26,"minecraft:dirt":55,"zombie_more:crawler_gut":2,"minecraft:bone":9,"minecraft:acacia_planks":102,"minecraft:apple":12,"minecraft:wheat_seeds":5,"minecraft:raw_gold":14,"minecraft:iron_ingot":2,"minecraft:stone_pickaxe":1,"minecraft:cooked_chicken":3,"minecraft:acacia_sapling":6,"minecraft:iron_sword":2,"minecraft:oak_planks":1,"minecraft:smooth_basalt":2,"psg:raw_potassium":12,"minecraft:gravel":4,"minecraft:sand":7,"alexsmobs:raw_catfish":4,"minecraft:diamond":18,"minecraft:stone_axe":4,"minecraft:iron_helmet":2,"minecraft:granite":88,"minecraft:oak_sapling":1,"minecraft:black_wool":1,"minecraft:coal":102,"minecraft:ender_pearl":2},"minecraft:broken":{"minecraft:stone_pickaxe":1,"minecraft:shield":1,"minecraft:stone_axe":1},"minecraft:killed_by":{"zombie_more:crawler_zombie":1,"mutantmonsters:mutant_skeleton":1,"minecraft:skeleton":2},"minecraft:custom":{"minecraft:mob_kills":59,"minecraft:interact_with_crafting_table":45,"minecraft:open_barrel":3,"minecraft:damage_dealt_resisted":359,"minecraft:eat_cake_slice":4,"minecraft:leave_game":5,"minecraft:time_since_death":33119,"minecraft:climb_one_cm":270,"minecraft:sprint_one_cm":358874,"minecraft:walk_one_cm":283940,"minecraft:damage_blocked_by_shield":3716,"minecraft:drop":21,"minecraft:talked_to_villager":3,"minecraft:play_time":149082,"minecraft:deaths":5,"minecraft:sneak_time":15230,"minecraft:walk_under_water_one_cm":10693,"minecraft:boat_one_cm":62325,"minecraft:jump":3468,"minecraft:walk_on_water_one_cm":17881,"minecraft:total_world_time":149082,"minecraft:interact_with_furnace":96,"minecraft:interact_with_loom":2,"minecraft:sleep_in_bed":9,"minecraft:time_since_rest":2954,"minecraft:damage_taken":2936,"minecraft:damage_dealt":7510,"minecraft:swim_one_cm":51060,"minecraft:fly_one_cm":605222,"minecraft:open_chest":44,"minecraft:crouch_one_cm":46141,"minecraft:fall_one_cm":106739},"minecraft:dropped":{"minecraft:diamond":3,"minecraft:oak_fence":2,"minecraft:stick":1,"minecraft:dirt":4,"create:raw_zinc":7,"minecraft:smooth_basalt":1,"alexsmobs:acacia_blossom":2,"alexsmobs:gazelle_horn":1,"zombie_more:crawler_gut":1,"psg:raw_potassium":9,"minecraft:arrow":2,"projectvibrantjourneys:cattail":2},"minecraft:killed":{"alexsmobs:raccoon":1,"alexsmobs:tasmanian_devil":1,"minecraft:skeleton":3,"minecraft:chicken":4,"zombie_more:boomer_zombie":1,"minecraft:pig":7,"minecraft:zombie_villager":1,"zombie_more:crawler_zombie":2,"minecraft:salmon":3,"alexsmobs:seal":2,"minecraft:creeper":1,"minecraft:sheep":5,"alexsmobs:catfish":2,"minecraft:zombie":8,"zombie_more:explosive_zombie":1,"alexsmobs:gazelle":1,"minecraft:cow":16}},"DataVersion":3465}