{"stats":{"minecraft:killed":{"zombie_more:cursed_zombie":1,"minecraft:spider":2,"minecraft:skeleton":5,"minecraft:guardian":1,"minecraft:chicken":4,"minecraft:silverfish":9,"zombie_more:boomer_zombie":1,"minecraft:pig":9,"minecraft:zombie_villager":2,"minecraft:salmon":9,"alexsmobs:seal":2,"minecraft:creeper":2,"minecraft:sheep":6,"minecraft:zombie":26,"zombie_more:explosive_zombie":1,"alexsmobs:terrapin":1,"alexsmobs:maned_wolf":1,"minecraft:cow":16,"hordes:zombie_player":7,"alexsmobs:raccoon":1,"alexsmobs:tasmanian_devil":1,"minecraft:phantom":12,"minecraft:drowned":2,"zombie_more:crawler_zombie":3,"alexsmobs:catfish":3,"alexsmobs:cockroach":1,"alexsmobs:gazelle":1},"minecraft:mined":{"minecraft:large_amethyst_bud":1,"create:deepslate_zinc_ore":3,"minecraft:spruce_planks":51,"minecraft:cobblestone_stairs":2,"minecraft:spruce_trapdoor":1,"minecraft:cave_vines_plant":5,"minecraft:granite":112,"minecraft:acacia_log":100,"minecraft:grass_block":19,"minecraft:stone_brick_wall":10,"tacz:gun_smith_table":1,"minecraft:chiseled_stone_bricks":1,"minecraft:red_stained_glass_pane":11,"minecraft:tall_seagrass":1,"minecraft:magma_block":21,"minecraft:cobbled_deepslate":1,"minecraft:iron_ore":77,"minecraft:fire":9,"minecraft:deepslate_lapis_ore":18,"create:asurine":1,"minecraft:cave_vines":6,"minecraft:iron_bars":11,"minecraft:azalea":2,"create:veridium":1,"minecraft:spruce_slab":27,"minecraft:green_bed":1,"projectvibrantjourneys:cattail":16,"minecraft:deepslate_redstone_ore":12,"minecraft:brown_mushroom":21,"minecraft:red_bed":1,"minecraft:blackstone":104,"minecraft:clay":13,"minecraft:torch":3,"projectvibrantjourneys:twigs":2,"minecraft:chest":3,"minecraft:mushroom_stem":5,"minecraft:cobblestone":178,"minecraft:sugar_cane":54,"minecraft:oak_planks":3,"minecraft:wall_torch":4,"minecraft:seagrass":2,"projectvibrantjourneys:light_brown_bark_mushroom":1,"minecraft:light_gray_candle":6,"minecraft:mossy_stone_brick_wall":7,"minecraft:stone_brick_stairs":20,"minecraft:grass":50,"minecraft:oak_log":47,"projectvibrantjourneys:short_grass":38,"minecraft:acacia_fence":1,"minecraft:sand":13,"minecraft:dirt":81,"minecraft:smooth_basalt":13,"minecraft:red_mushroom_block":27,"minecraft:oak_leaves":8,"minecraft:deepslate":80,"create:zinc_ore":22,"minecraft:red_carpet":1,"minecraft:tuff":32,"ecologics:coconut_planks":1,"minecraft:mossy_cobblestone":4,"minecraft:deepslate_diamond_ore":43,"projectvibrantjourneys:rocks":9,"minecraft:gray_stained_glass_pane":2,"psg:sulphur_ore":13,"minecraft:brown_mushroom_block":15,"ecologics:coconut_log":31,"minecraft:infested_chiseled_stone_bricks":1,"minecraft:moss_block":15,"minecraft:red_mushroom":15,"minecraft:large_fern":1,"minecraft:oak_trapdoor":8,"minecraft:furnace":6,"minecraft:andesite":28,"minecraft:mossy_stone_brick_stairs":8,"minecraft:deepslate_iron_ore":109,"minecraft:stone":520,"minecraft:oak_slab":55,"minecraft:acacia_leaves":13,"minecraft:infested_stone_bricks":2,"psg:potassium_ore":2,"minecraft:spruce_door":1,"psg:deepslate_sulphur_ore":4,"minecraft:oak_fence":1,"minecraft:crafting_table":12,"minecraft:cornflower":1,"minecraft:andesite_slab":1,"projectvibrantjourneys:mossy_rocks":1,"minecraft:andesite_wall":10,"minecraft:tall_grass":52,"minecraft:copper_ore":37,"minecraft:deepslate_gold_ore":8,"farmersdelight:wild_tomatoes":3,"minecraft:lapis_ore":4,"minecraft:lily_pad":2,"minecraft:spruce_stairs":6,"minecraft:coarse_dirt":1,"minecraft:cobblestone_wall":5,"k_turrets:deepslate_titanium_ore":17,"minecraft:yellow_bed":2,"k_turrets:titanium_ore":9,"minecraft:coal_ore":169,"minecraft:gravel":25,"minecraft:cobweb":1,"minecraft:cracked_stone_bricks":23,"minecraft:acacia_planks":38,"minecraft:spruce_fence_gate":2,"minecraft:stone_bricks":152,"minecraft:mossy_stone_bricks":11,"minecraft:gold_ore":1,"minecraft:fern":2},"minecraft:killed_by":{"zombie_more:crawler_zombie":1,"minecraft:zombie":7,"minecraft:player":5,"hordes:zombie_player":1,"mutantmonsters:mutant_skeleton":1,"minecraft:skeleton":2},"minecraft:broken":{"minecraft:stone_pickaxe":1,"minecraft:stone_axe":1,"minecraft:shield":2,"minecraft:iron_pickaxe":1},"minecraft:custom":{"minecraft:interact_with_crafting_table":96,"minecraft:open_barrel":4,"minecraft:eat_cake_slice":4,"minecraft:leave_game":8,"minecraft:time_since_death":8873,"minecraft:sprint_one_cm":1039661,"minecraft:damage_blocked_by_shield":7000,"minecraft:drop":293,"minecraft:talked_to_villager":3,"minecraft:play_time":373851,"minecraft:deaths":23,"minecraft:jump":8638,"minecraft:walk_on_water_one_cm":44060,"minecraft:interact_with_furnace":265,"minecraft:interact_with_loom":2,"minecraft:sleep_in_bed":10,"minecraft:damage_dealt":18898,"minecraft:player_kills":3,"minecraft:crouch_one_cm":96048,"minecraft:interact_with_anvil":1,"minecraft:mob_kills":133,"minecraft:damage_dealt_resisted":590,"minecraft:climb_one_cm":4198,"minecraft:walk_one_cm":778159,"minecraft:sneak_time":32745,"minecraft:walk_under_water_one_cm":35832,"minecraft:boat_one_cm":62325,"minecraft:interact_with_blast_furnace":2,"minecraft:total_world_time":373851,"minecraft:time_since_rest":8898,"minecraft:damage_taken":9016,"minecraft:swim_one_cm":164625,"minecraft:fly_one_cm":1467668,"minecraft:open_chest":206,"minecraft:fall_one_cm":263968},"minecraft:used":{"minecraft:iron_shovel":58,"minecraft:chest":12,"minecraft:shield":106,"minecraft:iron_sword":99,"ecologics:coconut_planks":64,"marbledsarsenal:desert_military_armor_chestplate":1,"minecraft:iron_chestplate":1,"farmersdelight:tomato":23,"minecraft:iron_helmet":1,"minecraft:stone_bricks":2,"farmersdelight:cutting_board":1,"minecraft:oak_sapling":1,"minecraft:furnace":14,"minecraft:acacia_fence":4,"max_armory:diamond_long_sword":271,"minecraft:stone_pickaxe":166,"minecraft:oak_planks":10,"minecraft:blackstone":6,"minecraft:ender_pearl":1,"minecraft:wooden_pickaxe":9,"minecraft:diamond_axe":55,"minecraft:sugar_cane":33,"minecraft:glow_berries":8,"minecraft:sand":7,"minecraft:mushroom_stew":20,"marbledsarsenal:desert_military_armor_leggings":1,"marbledsarsenal:desert_military_armor_boots":1,"minecraft:bread":6,"minecraft:gravel":1,"create:asurine":1,"minecraft:wooden_sword":21,"minecraft:andesite":15,"minecraft:oak_boat":1,"minecraft:oak_fence":12,"tacz:gun_smith_table":2,"minecraft:cooked_salmon":7,"minecraft:cooked_chicken":4,"minecraft:torch":226,"minecraft:dirt":40,"minecraft:spruce_stairs":1,"minecraft:granite":86,"minecraft:iron_axe":298,"minecraft:iron_boots":1,"better_mob_food:cooked_flesh":8,"minecraft:smooth_basalt":6,"projectvibrantjourneys:cattail":1,"comforts:sleeping_bag_white":2,"minecraft:cobbled_deepslate":7,"minecraft:acacia_planks":80,"farmersdelight:fried_egg":3,"minecraft:iron_leggings":2,"minecraft:cooked_mutton":3,"alexsmobs:cooked_catfish":4,"minecraft:water_bucket":16,"minecraft:andesite_slab":2,"minecraft:brown_mushroom":1,"farmersdelight:barbecue_stick":2,"minecraft:green_bed":1,"minecraft:gold_ore":1,"minecraft:crafting_table":18,"minecraft:red_mushroom":3,"minecraft:diamond_pickaxe":1369,"minecraft:apple":21,"minecraft:iron_pickaxe":505,"minecraft:stone_axe":166,"marbledsarsenal:desert_military_armor_helmet":1,"minecraft:cobblestone":237,"minecraft:cooked_porkchop":5,"minecraft:bucket":18},"minecraft:crafted":{"marbledsarsenal:desert_military_armor_boots":1,"minecraft:oak_planks":172,"dustrial_decor:sheet_metal":3,"minecraft:cooked_chicken":4,"minecraft:cooked_mutton":3,"minecraft:iron_boots":1,"minecraft:chest":9,"marbledsapi:steel_ingot":23,"minecraft:acacia_fence":6,"alexsmobs:cooked_catfish":4,"minecraft:oak_fence":12,"minecraft:cooked_porkchop":5,"minecraft:diamond_axe":1,"minecraft:crafting_table":8,"minecraft:iron_helmet":1,"minecraft:wooden_pickaxe":2,"minecraft:copper_ingot":38,"minecraft:acacia_button":1,"marbledsapi:raw_steel":23,"farmersdelight:fried_egg":3,"minecraft:iron_chestplate":1,"minecraft:paper":57,"minecraft:diamond_pickaxe":1,"minecraft:shield":3,"minecraft:stick":152,"minecraft:iron_ingot":182,"minecraft:iron_pickaxe":3,"minecraft:iron_block":1,"minecraft:gold_ingot":4,"ecologics:coconut_planks":116,"comforts:sleeping_bag_white":1,"minecraft:furnace":12,"minecraft:mushroom_stew":20,"minecraft:bone_meal":9,"marbledsarsenal:desert_military_armor_helmet":1,"minecraft:iron_axe":2,"minecraft:stone_pickaxe":3,"marbledsapi:steel_sheet":4,"pointblank:gunmetal_ingot":2,"minecraft:iron_sword":1,"better_mob_food:cooked_flesh":8,"minecraft:bowl":16,"tacz:gun_smith_table":1,"minecraft:cooked_salmon":9,"minecraft:bucket":4,"marbledsarsenal:desert_military_armor_chestplate":1,"minecraft:stone_axe":2,"marbledsarsenal:desert_military_armor_leggings":1,"minecraft:air":0,"minecraft:oak_boat":1,"minecraft:iron_shovel":1,"minecraft:iron_leggings":1,"minecraft:acacia_planks":324,"minecraft:torch":224},"minecraft:dropped":{"minecraft:lapis_lazuli":1,"minecraft:oak_log":1,"minecraft:diamond":6,"minecraft:lantern":1,"minecraft:mossy_stone_brick_stairs":4,"minecraft:cracked_stone_bricks":30,"minecraft:cobblestone_stairs":2,"minecraft:dirt":4,"minecraft:iron_pickaxe":2,"minecraft:gravel":7,"minecraft:blackstone":39,"minecraft:sugar_cane":1,"alexsmobs:gazelle_horn":1,"minecraft:cobbled_deepslate":34,"zombie_more:crawler_gut":1,"psg:raw_potassium":9,"saros__money_mod:euro_500":1,"minecraft:gunpowder":3,"minecraft:acacia_sapling":1,"minecraft:spruce_slab":12,"minecraft:iron_bars":9,"minecraft:arrow":2,"projectvibrantjourneys:cattail":3,"minecraft:stone_brick_stairs":16,"minecraft:acacia_fence":3,"minecraft:golden_boots":1,"minecraft:wheat_seeds":1,"minecraft:golden_helmet":1,"minecraft:oak_fence":2,"minecraft:iron_helmet":2,"minecraft:cobblestone":37,"minecraft:andesite_wall":8,"minecraft:spruce_door":1,"minecraft:spruce_stairs":4,"minecraft:coal":1,"minecraft:stick":2,"minecraft:iron_leggings":1,"minecraft:lily_pad":1,"minecraft:bucket":1,"minecraft:acacia_planks":3,"create:raw_zinc":7,"minecraft:redstone":21,"minecraft:smooth_basalt":1,"minecraft:oak_trapdoor":7,"alexsmobs:acacia_blossom":2,"minecraft:coarse_dirt":2,"minecraft:cobblestone_wall":4,"minecraft:clay_ball":12,"minecraft:iron_boots":1,"minecraft:stone_slab":1,"minecraft:light_gray_candle":5,"pointblank:gunmetal_nugget":2,"minecraft:iron_chestplate":1,"minecraft:mossy_stone_bricks":11,"minecraft:oak_sapling":2,"farmersdelight:minced_beef":1,"minecraft:stone_bricks":64,"minecraft:bow":1,"farmersdelight:tomato":48},"minecraft:picked_up":{"minecraft:iron_chestplate":2,"minecraft:stone_slab":1,"minecraft:stone_brick_stairs":16,"minecraft:string":2,"farmersdelight:cutting_board":1,"alexsmobs:gazelle_horn":1,"minecraft:raw_copper":140,"minecraft:iron_leggings":2,"minecraft:cobbled_deepslate":120,"minecraft:bucket":4,"comforts:sleeping_bag_white":2,"minecraft:azalea":4,"minecraft:iron_pickaxe":3,"alexsmobs:raccoon_tail":1,"minecraft:furnace":6,"minecraft:iron_boots":2,"max_armory:diamond_long_sword":5,"minecraft:golden_helmet":1,"pointblank:gunmetal_ingot":2,"minecraft:stick":25,"minecraft:acacia_fence":1,"minecraft:oak_fence":4,"minecraft:acacia_log":94,"minecraft:torch":143,"ecologics:coconut_seedling":3,"minecraft:green_bed":1,"minecraft:spruce_stairs":6,"minecraft:porkchop":21,"psg:sulphur":97,"minecraft:andesite_wall":8,"minecraft:rotten_flesh":33,"ecologics:coconut_log":29,"create:asurine":1,"create:veridium":1,"alexsmobs:emu_egg":1,"projectvibrantjourneys:cattail":16,"minecraft:iron_bars":9,"minecraft:cobblestone":1020,"minecraft:magma_block":19,"minecraft:feather":5,"minecraft:andesite":34,"ecologics:coconut_planks":67,"minecraft:flint":1,"minecraft:tuff":32,"create:raw_zinc":37,"minecraft:lantern":2,"minecraft:lapis_lazuli":205,"farmersdelight:tomato":72,"minecraft:dirt":121,"zombie_more:crawler_gut":2,"minecraft:bone":16,"minecraft:acacia_planks":118,"marbledsarsenal:desert_military_armor_chestplate":4,"minecraft:bow":1,"minecraft:wheat_seeds":12,"better_mob_food:cooked_flesh":4,"minecraft:raw_gold":16,"minecraft:mossy_stone_bricks":11,"tacz:gun_smith_table":2,"minecraft:moss_block":14,"minecraft:oak_planks":4,"minecraft:mossy_stone_brick_stairs":4,"psg:raw_potassium":12,"minecraft:sand":15,"minecraft:mossy_cobblestone":4,"saros__money_mod:k_10_paycheck":2,"minecraft:diamond":131,"marbledsarsenal:desert_military_armor_helmet":4,"minecraft:granite":151,"minecraft:oak_sapling":6,"minecraft:andesite_slab":2,"minecraft:diamond_pickaxe":4,"minecraft:coarse_dirt":4,"minecraft:crafting_table":14,"minecraft:chicken":4,"minecraft:clay_ball":56,"minecraft:brown_mushroom":40,"minecraft:wooden_pickaxe":1,"minecraft:shield":6,"alexsmobs:cooked_catfish":2,"minecraft:oak_trapdoor":10,"minecraft:moss_carpet":2,"minecraft:iron_axe":2,"tacz:ammo":156,"minecraft:iron_shovel":3,"minecraft:blackstone":176,"minecraft:cracked_stone_bricks":30,"minecraft:beef":33,"minecraft:oak_boat":1,"minecraft:spruce_slab":16,"minecraft:sugar_cane":152,"minecraft:chest":3,"minecraft:egg":3,"minecraft:raw_iron":252,"farmersdelight:minced_beef":2,"minecraft:copper_ingot":74,"projectvibrantjourneys:bark_mushroom":1,"pointblank:gunmetal_nugget":92,"farmersdelight:tomato_seeds":3,"minecraft:redstone":50,"minecraft:arrow":7,"k_turrets:raw_titanium":28,"marbledsarsenal:desert_military_armor_boots":5,"minecraft:glow_berries":5,"minecraft:mutton":13,"minecraft:white_wool":5,"marbledsarsenal:desert_military_armor_leggings":4,"minecraft:salmon":12,"minecraft:leather":20,"alexsmobs:acacia_blossom":3,"minecraft:red_mushroom":28,"minecraft:oak_log":47,"minecraft:lily_pad":2,"minecraft:golden_boots":1,"minecraft:cobblestone_wall":4,"minecraft:gunpowder":10,"minecraft:cobblestone_stairs":2,"saros__money_mod:euro_500":2,"minecraft:apple":12,"minecraft:stone_bricks":129,"alexsmobs:cockroach_wing_fragment":1,"minecraft:iron_ingot":79,"minecraft:stone_pickaxe":1,"minecraft:cooked_chicken":3,"marbledsapi:steel_ingot":3,"minecraft:mossy_stone_brick_wall":7,"minecraft:iron_sword":2,"minecraft:acacia_sapling":15,"projectvibrantjourneys:light_brown_bark_mushroom":5,"minecraft:smooth_basalt":14,"minecraft:chiseled_stone_bricks":1,"minecraft:gravel":23,"minecraft:spruce_door":1,"minecraft:spider_eye":3,"alexsmobs:raw_catfish":4,"minecraft:slime_ball":1,"minecraft:light_gray_candle":5,"minecraft:stone_axe":4,"tacz:modern_kinetic_gun":2,"minecraft:iron_helmet":3,"minecraft:diamond_axe":1,"farmersdelight:barbecue_stick":2,"projectvibrantjourneys:orange_bark_mushroom":5,"minecraft:black_wool":1,"minecraft:coal":258,"minecraft:ender_pearl":2}},"DataVersion":3465}