{"stats":{"minecraft:killed":{"zombie_more:cursed_zombie":2,"hordes:zombie_player":4,"minecraft:spider":4,"minecraft:skeleton":2,"alexsmobs:banana_slug":3,"minecraft:chicken":1,"minecraft:cat":1,"alexsmobs:grizzly_bear":1,"zombie_more:crawler_zombie":1,"minecraft:iron_golem":1,"minecraft:sheep":2,"minecraft:zombie":21,"zombie_more:explosive_zombie":1},"minecraft:mined":{"create:zinc_ore":12,"minecraft:spruce_planks":16,"minecraft:mossy_cobblestone":2,"minecraft:dark_oak_log":4,"projectvibrantjourneys:rocks":3,"psg:sulphur_ore":7,"minecraft:grass_block":10,"minecraft:spruce_leaves":2,"minecraft:red_mushroom":5,"minecraft:spawner":1,"minecraft:furnace":2,"minecraft:iron_ore":111,"projectvibrantjourneys:bark_mushroom":1,"minecraft:pumpkin":2,"minecraft:pointed_dripstone":6,"minecraft:dirt_path":1,"minecraft:shroomlight":1,"minecraft:deepslate_iron_ore":3,"minecraft:stone":223,"minecraft:white_tulip":1,"minecraft:brown_mushroom":3,"minecraft:torch":1,"minecraft:crafting_table":3,"projectvibrantjourneys:twigs":3,"minecraft:mushroom_stem":4,"minecraft:copper_ore":35,"minecraft:tall_grass":1,"minecraft:cobblestone":22,"minecraft:lapis_ore":2,"minecraft:oak_planks":1,"minecraft:blue_bed":1,"minecraft:purple_bed":2,"projectvibrantjourneys:light_brown_bark_mushroom":1,"minecraft:mud":10,"minecraft:sweet_berry_bush":127,"minecraft:ice":3,"minecraft:spruce_log":60,"minecraft:stone_brick_stairs":1,"minecraft:grass":23,"minecraft:oak_log":13,"minecraft:coal_ore":88,"projectvibrantjourneys:short_grass":23,"minecraft:gravel":1,"minecraft:dripstone_block":12,"minecraft:dirt":9,"minecraft:red_mushroom_block":20,"minecraft:mossy_stone_bricks":2,"projectvibrantjourneys:oak_hollow_log":2,"minecraft:fern":6},"minecraft:broken":{"minecraft:leather_leggings":1},"minecraft:killed_by":{"minecraft:player":2,"minecraft:enderman":1,"hordes:zombie_player":2,"zombie_more:crawler_zombie":1,"zombie_more:cursed_zombie":1,"minecraft:zombie":4},"minecraft:custom":{"minecraft:interact_with_smithing_table":1,"minecraft:mob_kills":56,"minecraft:interact_with_crafting_table":67,"minecraft:damage_dealt_resisted":1868,"minecraft:leave_game":3,"minecraft:time_since_death":4194,"minecraft:climb_one_cm":452,"minecraft:sprint_one_cm":347146,"minecraft:walk_one_cm":372472,"minecraft:damage_blocked_by_shield":1142,"minecraft:drop":110,"minecraft:play_time":167311,"minecraft:deaths":12,"minecraft:sneak_time":19361,"minecraft:walk_under_water_one_cm":19960,"minecraft:jump":3890,"minecraft:walk_on_water_one_cm":14490,"minecraft:total_world_time":167311,"minecraft:interact_with_furnace":135,"minecraft:sleep_in_bed":2,"minecraft:time_since_rest":4222,"minecraft:damage_taken":5137,"minecraft:damage_dealt":6835,"minecraft:swim_one_cm":20011,"minecraft:fly_one_cm":730725,"minecraft:open_chest":25,"minecraft:crouch_one_cm":55455,"minecraft:fall_one_cm":100597},"minecraft:used":{"minecraft:chest":1,"minecraft:spruce_planks":105,"minecraft:shield":18,"minecraft:iron_sword":76,"minecraft:cooked_chicken":1,"minecraft:rotten_flesh":20,"minecraft:iron_chestplate":3,"minecraft:torch":147,"minecraft:dirt":11,"minecraft:mutton":1,"minecraft:wooden_axe":3,"minecraft:iron_axe":11,"minecraft:iron_helmet":1,"minecraft:iron_boots":1,"minecraft:sweet_berries":144,"minecraft:furnace":8,"minecraft:pumpkin":2,"minecraft:iron_leggings":1,"minecraft:cooked_mutton":1,"minecraft:leather_leggings":2,"minecraft:stone_pickaxe":95,"minecraft:oak_planks":48,"minecraft:wooden_pickaxe":17,"minecraft:blue_bed":1,"minecraft:crafting_table":10,"minecraft:mushroom_stew":4,"minecraft:dripstone_block":10,"projectvibrantjourneys:twigs":1,"minecraft:bread":23,"minecraft:iron_pickaxe":484,"minecraft:gravel":1,"minecraft:stone_axe":143,"minecraft:cobblestone":91,"minecraft:purple_bed":2,"minecraft:bucket":1,"alexsmobs:animal_dictionary":1},"minecraft:crafted":{"minecraft:oak_planks":56,"dustrial_decor:sheet_metal":3,"minecraft:iron_nugget":9,"minecraft:cooked_chicken":1,"minecraft:furnace":7,"minecraft:mushroom_stew":4,"minecraft:cooked_mutton":1,"minecraft:iron_boots":3,"minecraft:iron_axe":2,"psg:potassium":8,"minecraft:stone_pickaxe":1,"minecraft:chest":1,"minecraft:dark_oak_planks":16,"minecraft:iron_helmet":1,"minecraft:crafting_table":8,"minecraft:spruce_planks":244,"minecraft:wooden_pickaxe":1,"minecraft:iron_sword":2,"minecraft:bowl":4,"minecraft:copper_ingot":26,"minecraft:stone_axe":2,"minecraft:air":0,"minecraft:iron_chestplate":3,"minecraft:shield":2,"minecraft:stick":72,"minecraft:iron_pickaxe":3,"minecraft:iron_ingot":113,"minecraft:wooden_axe":1,"minecraft:iron_leggings":2,"minecraft:torch":144},"minecraft:dropped":{"minecraft:iron_ingot":38,"minecraft:water_bucket":1,"minecraft:wheat_seeds":5,"minecraft:crafting_table":2,"minecraft:dripstone_block":1,"minecraft:iron_helmet":2,"minecraft:cobblestone":2,"minecraft:copper_ingot":26,"projectvibrantjourneys:rocks":1,"minecraft:dirt":450,"minecraft:wooden_hoe":1,"projectvibrantjourneys:fallen_leaves":1,"minecraft:iron_leggings":1,"minecraft:wooden_sword":1,"minecraft:iron_axe":3,"minecraft:iron_pickaxe":3,"minecraft:iron_shovel":2,"minecraft:string":2,"minecraft:bucket":1,"projectvibrantjourneys:bark_mushroom":4,"minecraft:furnace":1,"minecraft:stone_axe":2,"minecraft:moss_carpet":3,"minecraft:brown_dye":1,"farmersdelight:cabbage_seeds":1,"minecraft:raw_iron":5,"minecraft:tuff":2,"minecraft:pointed_dripstone":1,"zombie_more:crawler_gut":1,"minecraft:iron_boots":3,"alexsmobs:bear_fur":2,"pointblank:gunmetal_nugget":12,"projectvibrantjourneys:light_brown_bark_mushroom":1,"minecraft:shield":2,"minecraft:gunpowder":5,"minecraft:spruce_planks":9,"zombie_more:acid_drool":1,"k_turrets:raw_titanium":5,"minecraft:spider_eye":1},"minecraft:picked_up":{"minecraft:mud":20,"minecraft:crafting_table":6,"minecraft:iron_chestplate":3,"minecraft:wheat":5,"minecraft:chicken":1,"dustrial_decor:sheet_metal":3,"minecraft:leather_leggings":5,"minecraft:brown_mushroom":8,"minecraft:wooden_pickaxe":1,"minecraft:stone_brick_stairs":2,"minecraft:shield":7,"minecraft:string":6,"minecraft:moss_carpet":5,"minecraft:raw_copper":206,"minecraft:iron_axe":3,"zombie_more:acid_drool":4,"minecraft:iron_leggings":3,"tacz:ammo":30,"minecraft:iron_shovel":2,"minecraft:shroomlight":2,"minecraft:bucket":1,"minecraft:spruce_planks":361,"minecraft:white_tulip":2,"minecraft:iron_pickaxe":11,"farmersdelight:cabbage_seeds":2,"minecraft:iron_boots":6,"minecraft:furnace":3,"minecraft:stick":42,"minecraft:raw_iron":160,"minecraft:copper_ingot":23,"projectvibrantjourneys:bark_mushroom":7,"zombie_more:cursed_heart":1,"minecraft:torch":110,"minecraft:bowl":13,"pointblank:gunmetal_nugget":74,"psg:sulphur":58,"minecraft:pointed_dripstone":77,"minecraft:brown_dye":1,"minecraft:arrow":2,"minecraft:rotten_flesh":33,"k_turrets:raw_titanium":5,"minecraft:mutton":2,"minecraft:white_wool":3,"minecraft:cobblestone":302,"minecraft:feather":6,"minecraft:glow_ink_sac":4,"projectvibrantjourneys:fallen_leaves":1,"minecraft:red_mushroom":39,"alexsmobs:bear_fur":2,"minecraft:tuff":6,"create:raw_zinc":24,"minecraft:oak_log":13,"minecraft:lapis_lazuli":28,"minecraft:gunpowder":20,"projectvibrantjourneys:rocks":1,"projectvibrantjourneys:oak_hollow_log":2,"alexsmobs:rocky_shell":1,"minecraft:wooden_hoe":1,"minecraft:dirt":153,"minecraft:blue_bed":1,"psg:potassium":8,"zombie_more:crawler_gut":1,"minecraft:leather_boots":1,"minecraft:bone":6,"minecraft:wheat_seeds":8,"minecraft:iron_ingot":58,"minecraft:stone_pickaxe":3,"minecraft:iron_sword":4,"minecraft:oak_planks":1,"projectvibrantjourneys:light_brown_bark_mushroom":5,"minecraft:pumpkin":2,"minecraft:sweet_berries":281,"psg:raw_potassium":8,"minecraft:dripstone_block":32,"minecraft:gravel":1,"minecraft:spruce_sapling":2,"minecraft:spruce_log":61,"minecraft:dark_oak_log":4,"minecraft:spider_eye":1,"alexsmobs:animal_dictionary":1,"minecraft:purple_bed":2,"minecraft:slime_ball":2,"minecraft:stone_axe":7,"tacz:modern_kinetic_gun":2,"minecraft:iron_helmet":5,"minecraft:bread":8,"alexsmobs:banana_slug_slime":12,"projectvibrantjourneys:twigs":1,"minecraft:coal":115}},"DataVersion":3465}