{"stats":{"minecraft:killed":{"zombie_more:cursed_zombie":2,"hordes:zombie_player":3,"alexsmobs:banana_slug":3,"minecraft:chicken":1,"minecraft:cat":1,"minecraft:iron_golem":1,"minecraft:sheep":2,"minecraft:zombie":20},"minecraft:mined":{"create:zinc_ore":12,"minecraft:spruce_planks":16,"minecraft:mossy_cobblestone":2,"minecraft:dark_oak_log":4,"projectvibrantjourneys:rocks":2,"psg:sulphur_ore":7,"minecraft:grass_block":10,"minecraft:spruce_leaves":2,"minecraft:spawner":1,"minecraft:furnace":2,"minecraft:iron_ore":87,"projectvibrantjourneys:bark_mushroom":1,"minecraft:pumpkin":2,"minecraft:pointed_dripstone":6,"minecraft:deepslate_iron_ore":3,"minecraft:shroomlight":1,"minecraft:stone":214,"minecraft:brown_mushroom":2,"minecraft:torch":1,"minecraft:crafting_table":3,"projectvibrantjourneys:twigs":3,"minecraft:mushroom_stem":4,"minecraft:tall_grass":1,"minecraft:copper_ore":35,"minecraft:cobblestone":22,"minecraft:lapis_ore":2,"minecraft:oak_planks":1,"minecraft:blue_bed":1,"projectvibrantjourneys:light_brown_bark_mushroom":1,"minecraft:purple_bed":2,"minecraft:mud":10,"minecraft:ice":3,"minecraft:sweet_berry_bush":51,"minecraft:spruce_log":60,"minecraft:stone_brick_stairs":1,"minecraft:grass":20,"minecraft:oak_log":13,"minecraft:coal_ore":74,"projectvibrantjourneys:short_grass":19,"minecraft:dripstone_block":12,"minecraft:gravel":1,"minecraft:dirt":9,"minecraft:red_mushroom_block":20,"minecraft:mossy_stone_bricks":2,"projectvibrantjourneys:oak_hollow_log":2,"minecraft:fern":5},"minecraft:killed_by":{"minecraft:player":2,"hordes:zombie_player":2,"zombie_more:crawler_zombie":1,"zombie_more:cursed_zombie":1,"minecraft:zombie":4},"minecraft:custom":{"minecraft:interact_with_smithing_table":1,"minecraft:mob_kills":45,"minecraft:interact_with_crafting_table":46,"minecraft:damage_dealt_resisted":1868,"minecraft:leave_game":1,"minecraft:time_since_death":15379,"minecraft:climb_one_cm":452,"minecraft:sprint_one_cm":284723,"minecraft:walk_one_cm":300625,"minecraft:damage_blocked_by_shield":1046,"minecraft:drop":65,"minecraft:play_time":136226,"minecraft:deaths":11,"minecraft:sneak_time":18841,"minecraft:walk_under_water_one_cm":16992,"minecraft:jump":3167,"minecraft:walk_on_water_one_cm":12880,"minecraft:total_world_time":136226,"minecraft:interact_with_furnace":102,"minecraft:sleep_in_bed":2,"minecraft:time_since_rest":15417,"minecraft:damage_taken":4585,"minecraft:damage_dealt":6835,"minecraft:swim_one_cm":20011,"minecraft:fly_one_cm":573076,"minecraft:open_chest":19,"minecraft:crouch_one_cm":54137,"minecraft:fall_one_cm":80654},"minecraft:used":{"minecraft:spruce_planks":105,"minecraft:chest":1,"minecraft:shield":17,"minecraft:iron_sword":74,"minecraft:cooked_chicken":1,"minecraft:rotten_flesh":20,"minecraft:iron_chestplate":2,"minecraft:torch":147,"minecraft:dirt":11,"minecraft:mutton":1,"minecraft:wooden_axe":3,"minecraft:iron_axe":11,"minecraft:iron_helmet":1,"minecraft:iron_boots":1,"minecraft:sweet_berries":115,"minecraft:furnace":8,"minecraft:pumpkin":2,"minecraft:iron_leggings":1,"minecraft:cooked_mutton":1,"minecraft:leather_leggings":2,"minecraft:stone_pickaxe":95,"minecraft:oak_planks":48,"minecraft:wooden_pickaxe":17,"minecraft:blue_bed":1,"minecraft:crafting_table":10,"minecraft:mushroom_stew":4,"minecraft:dripstone_block":10,"projectvibrantjourneys:twigs":1,"minecraft:bread":23,"minecraft:iron_pickaxe":434,"minecraft:gravel":1,"minecraft:stone_axe":143,"minecraft:cobblestone":89,"minecraft:purple_bed":2,"alexsmobs:animal_dictionary":1},"minecraft:crafted":{"minecraft:oak_planks":56,"minecraft:iron_nugget":9,"minecraft:cooked_chicken":1,"minecraft:furnace":7,"minecraft:mushroom_stew":4,"minecraft:cooked_mutton":1,"minecraft:iron_boots":3,"minecraft:iron_axe":2,"psg:potassium":8,"minecraft:stone_pickaxe":1,"minecraft:chest":1,"minecraft:dark_oak_planks":16,"minecraft:crafting_table":8,"minecraft:iron_helmet":1,"minecraft:spruce_planks":244,"minecraft:wooden_pickaxe":1,"minecraft:iron_sword":2,"minecraft:bowl":4,"minecraft:copper_ingot":26,"minecraft:stone_axe":2,"minecraft:air":0,"minecraft:iron_chestplate":2,"minecraft:shield":2,"minecraft:stick":72,"minecraft:iron_ingot":73,"minecraft:iron_pickaxe":2,"minecraft:wooden_axe":1,"minecraft:iron_leggings":1,"minecraft:torch":144},"minecraft:dropped":{"minecraft:iron_ingot":34,"minecraft:wheat_seeds":2,"minecraft:crafting_table":2,"minecraft:iron_helmet":1,"minecraft:copper_ingot":26,"projectvibrantjourneys:rocks":1,"minecraft:dirt":1,"minecraft:iron_leggings":1,"minecraft:wooden_sword":1,"minecraft:iron_axe":2,"minecraft:iron_pickaxe":1,"minecraft:iron_shovel":2,"minecraft:string":2,"projectvibrantjourneys:bark_mushroom":4,"minecraft:furnace":1,"minecraft:stone_axe":2,"minecraft:moss_carpet":3,"minecraft:raw_iron":4,"minecraft:tuff":2,"minecraft:pointed_dripstone":1,"minecraft:iron_boots":3,"projectvibrantjourneys:light_brown_bark_mushroom":1,"minecraft:shield":2,"minecraft:gunpowder":5,"minecraft:spruce_planks":9,"zombie_more:acid_drool":1,"k_turrets:raw_titanium":5},"minecraft:picked_up":{"minecraft:mud":20,"minecraft:iron_chestplate":2,"minecraft:crafting_table":6,"minecraft:wheat":5,"minecraft:chicken":1,"minecraft:leather_leggings":5,"minecraft:brown_mushroom":6,"minecraft:wooden_pickaxe":1,"minecraft:stone_brick_stairs":2,"minecraft:shield":6,"minecraft:string":6,"minecraft:iron_axe":2,"minecraft:moss_carpet":5,"minecraft:raw_copper":206,"zombie_more:acid_drool":3,"minecraft:iron_leggings":2,"minecraft:iron_shovel":2,"minecraft:shroomlight":2,"minecraft:spruce_planks":349,"minecraft:iron_pickaxe":7,"farmersdelight:cabbage_seeds":2,"minecraft:iron_boots":5,"minecraft:furnace":3,"minecraft:stick":26,"minecraft:raw_iron":136,"projectvibrantjourneys:bark_mushroom":7,"minecraft:torch":110,"minecraft:bowl":8,"pointblank:gunmetal_nugget":67,"psg:sulphur":58,"minecraft:pointed_dripstone":63,"minecraft:rotten_flesh":22,"k_turrets:raw_titanium":5,"minecraft:mutton":2,"minecraft:white_wool":3,"minecraft:cobblestone":286,"minecraft:feather":4,"minecraft:red_mushroom":29,"minecraft:tuff":6,"create:raw_zinc":24,"minecraft:oak_log":13,"minecraft:lapis_lazuli":14,"minecraft:gunpowder":19,"projectvibrantjourneys:oak_hollow_log":2,"projectvibrantjourneys:rocks":1,"alexsmobs:rocky_shell":1,"minecraft:blue_bed":1,"minecraft:dirt":24,"psg:potassium":8,"zombie_more:crawler_gut":1,"minecraft:leather_boots":1,"minecraft:bone":6,"minecraft:wheat_seeds":7,"minecraft:stone_pickaxe":2,"minecraft:iron_ingot":43,"minecraft:oak_planks":1,"minecraft:iron_sword":3,"projectvibrantjourneys:light_brown_bark_mushroom":5,"minecraft:pumpkin":2,"minecraft:sweet_berries":107,"psg:raw_potassium":8,"minecraft:dripstone_block":26,"minecraft:gravel":1,"minecraft:spruce_sapling":2,"minecraft:spruce_log":61,"alexsmobs:animal_dictionary":1,"minecraft:dark_oak_log":4,"minecraft:purple_bed":2,"minecraft:slime_ball":2,"tacz:modern_kinetic_gun":1,"minecraft:stone_axe":6,"minecraft:iron_helmet":3,"minecraft:bread":8,"alexsmobs:banana_slug_slime":12,"projectvibrantjourneys:twigs":1,"minecraft:coal":101}},"DataVersion":3465}