{"stats":{"minecraft:custom":{"minecraft:interact_with_crafting_table":108,"minecraft:open_barrel":4,"minecraft:eat_cake_slice":4,"minecraft:leave_game":9,"minecraft:time_since_death":39598,"minecraft:sprint_one_cm":1277502,"minecraft:damage_blocked_by_shield":7503,"minecraft:drop":356,"minecraft:talked_to_villager":3,"minecraft:play_time":472945,"minecraft:deaths":26,"minecraft:jump":10551,"minecraft:walk_on_water_one_cm":55207,"minecraft:interact_with_furnace":355,"minecraft:interact_with_loom":2,"minecraft:sleep_in_bed":11,"minecraft:damage_dealt":20730,"minecraft:player_kills":3,"minecraft:crouch_one_cm":109649,"minecraft:interact_with_smoker":41,"minecraft:interact_with_anvil":1,"minecraft:mob_kills":153,"minecraft:damage_dealt_resisted":995,"minecraft:climb_one_cm":8039,"minecraft:walk_one_cm":975799,"minecraft:target_hit":1,"minecraft:sneak_time":40145,"minecraft:walk_under_water_one_cm":37657,"minecraft:boat_one_cm":153855,"minecraft:interact_with_blast_furnace":87,"minecraft:total_world_time":472945,"minecraft:time_since_rest":39624,"minecraft:damage_taken":10079,"minecraft:swim_one_cm":173279,"minecraft:fly_one_cm":1715793,"minecraft:open_chest":260,"minecraft:fall_one_cm":300621},"minecraft:killed":{"zombie_more:cursed_zombie":2,"minecraft:spider":2,"minecraft:skeleton":5,"minecraft:guardian":1,"minecraft:chicken":4,"minecraft:silverfish":9,"zombie_more:boomer_zombie":3,"minecraft:pig":12,"minecraft:zombie_villager":2,"minecraft:salmon":9,"alexsmobs:seal":2,"minecraft:creeper":2,"minecraft:sheep":9,"minecraft:zombie":32,"zombie_more:explosive_zombie":2,"alexsmobs:terrapin":1,"alexsmobs:maned_wolf":1,"minecraft:cow":16,"hordes:zombie_player":8,"alexsmobs:raccoon":1,"alexsmobs:tasmanian_devil":1,"minecraft:phantom":12,"minecraft:drowned":2,"zombie_more:crawler_zombie":3,"alexsmobs:catfish":3,"alexsmobs:cockroach":1,"alexsmobs:elephant":2,"alexsmobs:gazelle":2},"minecraft:crafted":{"marbledsarsenal:desert_military_armor_boots":1,"minecraft:oak_planks":172,"dustrial_decor:sheet_metal":3,"minecraft:cooked_chicken":4,"k_turrets:titanium_ingot":41,"minecraft:cooked_mutton":3,"minecraft:iron_boots":1,"psg:potassium":7,"minecraft:chest":9,"marbledsapi:steel_ingot":23,"minecraft:acacia_fence":6,"alexsmobs:cooked_catfish":4,"minecraft:oak_fence":12,"minecraft:golden_axe":1,"minecraft:cooked_porkchop":5,"minecraft:diamond_axe":1,"minecraft:crafting_table":11,"minecraft:spruce_planks":4,"psg:saltpetre":6,"minecraft:iron_helmet":1,"minecraft:wooden_pickaxe":2,"minecraft:golden_pickaxe":1,"minecraft:copper_ingot":85,"minecraft:acacia_button":1,"marbledsapi:raw_steel":23,"farmersdelight:fried_egg":3,"minecraft:iron_chestplate":1,"minecraft:paper":57,"minecraft:diamond_pickaxe":2,"minecraft:shield":3,"minecraft:stick":156,"minecraft:iron_ingot":241,"minecraft:iron_pickaxe":3,"minecraft:iron_block":1,"minecraft:gold_ingot":4,"ecologics:coconut_planks":116,"comforts:sleeping_bag_white":1,"minecraft:furnace":12,"minecraft:mushroom_stew":20,"minecraft:bone_meal":18,"marbledsarsenal:desert_military_armor_helmet":1,"minecraft:iron_axe":2,"minecraft:stone_pickaxe":3,"marbledsapi:steel_sheet":4,"pointblank:gunmetal_ingot":2,"minecraft:iron_sword":1,"minecraft:bowl":16,"better_mob_food:cooked_flesh":71,"tacz:gun_smith_table":1,"minecraft:cooked_salmon":9,"minecraft:bucket":8,"marbledsarsenal:desert_military_armor_chestplate":1,"marbledsarsenal:desert_military_armor_leggings":1,"minecraft:stone_axe":2,"minecraft:acacia_boat":1,"minecraft:air":0,"minecraft:oak_boat":1,"minecraft:iron_shovel":1,"minecraft:iron_leggings":1,"minecraft:acacia_planks":340,"minecraft:torch":224},"minecraft:dropped":{"minecraft:lapis_lazuli":1,"minecraft:oak_log":1,"minecraft:diamond":9,"minecraft:lantern":1,"minecraft:mossy_stone_brick_stairs":4,"minecraft:cracked_stone_bricks":30,"zombie_more:charcoal_rib":1,"minecraft:cobblestone_stairs":2,"minecraft:dirt":4,"k_turrets:titanium_ingot":41,"minecraft:iron_pickaxe":2,"minecraft:gravel":8,"minecraft:blackstone":39,"minecraft:sugar_cane":1,"alexsmobs:gazelle_horn":1,"minecraft:cobbled_deepslate":34,"zombie_more:crawler_gut":1,"psg:raw_potassium":9,"saros__money_mod:euro_500":1,"minecraft:gunpowder":3,"zombie_more:acid_drool":2,"minecraft:acacia_sapling":1,"minecraft:spruce_slab":12,"minecraft:iron_bars":9,"minecraft:arrow":2,"projectvibrantjourneys:cattail":3,"minecraft:stone_brick_stairs":16,"minecraft:acacia_fence":3,"minecraft:golden_boots":1,"minecraft:iron_ingot":4,"minecraft:wheat_seeds":1,"minecraft:golden_helmet":1,"minecraft:oak_fence":2,"minecraft:iron_helmet":2,"minecraft:cobblestone":37,"minecraft:andesite_wall":8,"minecraft:spruce_door":1,"minecraft:spruce_stairs":4,"minecraft:coal":1,"minecraft:stick":2,"minecraft:iron_leggings":1,"minecraft:string":1,"minecraft:lily_pad":3,"minecraft:bucket":1,"minecraft:acacia_planks":33,"create:raw_zinc":7,"minecraft:redstone":21,"minecraft:smooth_basalt":2,"minecraft:oak_trapdoor":7,"alexsmobs:acacia_blossom":2,"minecraft:coarse_dirt":2,"minecraft:cobblestone_wall":4,"minecraft:clay_ball":12,"minecraft:iron_boots":1,"minecraft:stone_slab":1,"minecraft:light_gray_candle":5,"pointblank:gunmetal_nugget":2,"minecraft:diamond_pickaxe":1,"minecraft:iron_chestplate":1,"minecraft:mossy_stone_bricks":11,"minecraft:oak_sapling":2,"farmersdelight:minced_beef":1,"k_turrets:bullet_turret_item":2,"better_mob_food:cooked_flesh":1,"minecraft:stone_bricks":64,"minecraft:bow":1,"farmersdelight:tomato":48},"minecraft:mined":{"minecraft:large_amethyst_bud":1,"create:deepslate_zinc_ore":5,"minecraft:spruce_planks":51,"minecraft:cobblestone_stairs":2,"minecraft:spruce_trapdoor":1,"minecraft:cave_vines_plant":5,"minecraft:granite":136,"minecraft:acacia_log":104,"minecraft:stone_brick_wall":10,"minecraft:grass_block":23,"tacz:gun_smith_table":2,"minecraft:chiseled_stone_bricks":1,"minecraft:red_stained_glass_pane":11,"minecraft:tall_seagrass":1,"minecraft:magma_block":75,"minecraft:iron_ore":102,"minecraft:cobbled_deepslate":1,"minecraft:fire":9,"minecraft:deepslate_lapis_ore":25,"create:asurine":1,"minecraft:cave_vines":6,"minecraft:iron_bars":11,"minecraft:azalea":2,"create:veridium":1,"minecraft:spruce_slab":27,"minecraft:green_bed":1,"projectvibrantjourneys:cattail":16,"minecraft:deepslate_redstone_ore":12,"minecraft:brown_mushroom":36,"minecraft:red_bed":1,"minecraft:blackstone":149,"minecraft:clay":13,"minecraft:torch":3,"projectvibrantjourneys:twigs":2,"minecraft:blast_furnace":2,"minecraft:chest":3,"minecraft:mushroom_stem":5,"minecraft:cobblestone":191,"minecraft:oak_planks":3,"minecraft:sugar_cane":54,"minecraft:wall_torch":5,"minecraft:seagrass":2,"projectvibrantjourneys:light_brown_bark_mushroom":1,"minecraft:light_gray_candle":6,"minecraft:mossy_stone_brick_wall":7,"overworld_netherite_ore:deepslate_ancient_debris_ore":3,"minecraft:stone_brick_stairs":20,"minecraft:grass":52,"minecraft:oak_log":47,"projectvibrantjourneys:short_grass":38,"minecraft:acacia_fence":1,"minecraft:dirt":94,"minecraft:sand":13,"minecraft:smooth_basalt":14,"minecraft:red_mushroom_block":27,"minecraft:oak_leaves":9,"minecraft:deepslate":87,"create:zinc_ore":26,"minecraft:tuff":32,"minecraft:red_carpet":1,"ecologics:coconut_planks":1,"minecraft:mossy_cobblestone":4,"minecraft:deepslate_diamond_ore":54,"projectvibrantjourneys:rocks":23,"minecraft:gray_stained_glass_pane":2,"psg:sulphur_ore":14,"minecraft:brown_mushroom_block":15,"ecologics:coconut_log":31,"minecraft:red_mushroom":17,"minecraft:moss_block":15,"minecraft:infested_chiseled_stone_bricks":1,"minecraft:large_fern":1,"minecraft:oak_trapdoor":8,"minecraft:furnace":6,"minecraft:andesite":30,"minecraft:mossy_stone_brick_stairs":8,"minecraft:deepslate_iron_ore":147,"minecraft:stone":768,"minecraft:oak_slab":55,"minecraft:acacia_leaves":14,"minecraft:infested_stone_bricks":2,"psg:potassium_ore":18,"minecraft:spruce_door":1,"psg:deepslate_sulphur_ore":7,"minecraft:oak_fence":1,"minecraft:crafting_table":15,"minecraft:cornflower":1,"minecraft:andesite_slab":1,"projectvibrantjourneys:mossy_rocks":1,"minecraft:andesite_wall":10,"minecraft:copper_ore":43,"minecraft:tall_grass":53,"minecraft:lapis_ore":4,"minecraft:deepslate_gold_ore":27,"farmersdelight:wild_tomatoes":4,"minecraft:lily_pad":2,"minecraft:spruce_stairs":6,"minecraft:coarse_dirt":1,"minecraft:cobblestone_wall":5,"k_turrets:deepslate_titanium_ore":31,"minecraft:yellow_bed":2,"k_turrets:titanium_ore":21,"minecraft:coal_ore":298,"minecraft:gravel":26,"minecraft:cobweb":1,"minecraft:cracked_stone_bricks":23,"minecraft:acacia_planks":46,"minecraft:spruce_fence_gate":2,"minecraft:stone_bricks":154,"minecraft:mossy_stone_bricks":12,"minecraft:gold_ore":1,"minecraft:fern":2},"minecraft:picked_up":{"minecraft:iron_chestplate":2,"minecraft:stone_slab":1,"minecraft:enchanted_book":1,"minecraft:stone_brick_stairs":16,"farmersdelight:cutting_board":1,"alexsmobs:gazelle_horn":2,"minecraft:string":3,"minecraft:raw_copper":187,"zombie_more:acid_drool":2,"minecraft:iron_leggings":2,"minecraft:cobbled_deepslate":127,"minecraft:bucket":5,"comforts:sleeping_bag_white":2,"minecraft:azalea":4,"minecraft:iron_pickaxe":3,"alexsmobs:raccoon_tail":1,"minecraft:furnace":6,"minecraft:iron_boots":2,"max_armory:diamond_long_sword":6,"minecraft:golden_helmet":1,"pointblank:gunmetal_ingot":4,"minecraft:stick":25,"minecraft:acacia_fence":1,"minecraft:oak_fence":4,"ecologics:coconut_seedling":3,"minecraft:torch":145,"minecraft:acacia_log":98,"minecraft:green_bed":1,"minecraft:spruce_stairs":6,"minecraft:porkchop":29,"psg:sulphur":120,"minecraft:andesite_wall":8,"minecraft:rotten_flesh":77,"ecologics:coconut_log":29,"create:asurine":1,"create:veridium":1,"alexsmobs:emu_egg":1,"k_turrets:bullet_turret_item":2,"projectvibrantjourneys:cattail":16,"minecraft:iron_bars":9,"minecraft:cobblestone":1332,"minecraft:magma_block":72,"minecraft:feather":5,"minecraft:water_bucket":1,"minecraft:andesite":36,"ecologics:coconut_planks":67,"minecraft:flint":2,"minecraft:tuff":32,"create:raw_zinc":43,"minecraft:acacia_boat":2,"minecraft:lapis_lazuli":253,"farmersdelight:tomato":74,"minecraft:dirt":130,"psg:potassium":6,"minecraft:lantern":2,"zombie_more:crawler_gut":2,"minecraft:bone":20,"minecraft:acacia_planks":160,"marbledsarsenal:desert_military_armor_chestplate":5,"minecraft:bow":1,"minecraft:wheat_seeds":12,"minecraft:raw_gold":34,"better_mob_food:cooked_flesh":4,"minecraft:mossy_stone_bricks":11,"tacz:gun_smith_table":3,"minecraft:moss_block":14,"minecraft:oak_planks":5,"minecraft:mossy_stone_brick_stairs":4,"psg:raw_potassium":44,"minecraft:sand":15,"minecraft:stripped_spruce_log":1,"overworld_netherite_ore:large_ancient_shard":2,"minecraft:mossy_cobblestone":4,"saros__money_mod:k_10_paycheck":2,"minecraft:diamond":178,"marbledsarsenal:desert_military_armor_helmet":5,"minecraft:granite":157,"minecraft:oak_sapling":6,"minecraft:andesite_slab":2,"minecraft:diamond_pickaxe":6,"minecraft:coarse_dirt":4,"minecraft:crafting_table":18,"zombie_more:charcoal_rib":2,"minecraft:chicken":4,"minecraft:clay_ball":56,"minecraft:brown_mushroom":56,"minecraft:wooden_pickaxe":1,"minecraft:shield":7,"alexsmobs:cooked_catfish":2,"minecraft:oak_trapdoor":10,"minecraft:moss_carpet":2,"minecraft:iron_axe":2,"tacz:ammo":291,"minecraft:iron_shovel":3,"minecraft:blackstone":215,"minecraft:cracked_stone_bricks":30,"minecraft:beef":33,"minecraft:oak_boat":1,"minecraft:spruce_slab":16,"minecraft:sugar_cane":152,"minecraft:chest":3,"minecraft:egg":3,"minecraft:raw_iron":397,"minecraft:copper_ingot":77,"farmersdelight:minced_beef":2,"projectvibrantjourneys:bark_mushroom":1,"pointblank:gunmetal_nugget":106,"farmersdelight:tomato_seeds":3,"minecraft:redstone":50,"minecraft:arrow":7,"k_turrets:raw_titanium":95,"marbledsarsenal:desert_military_armor_boots":6,"minecraft:glow_berries":5,"minecraft:mutton":17,"minecraft:white_wool":8,"marbledsarsenal:desert_military_armor_leggings":5,"minecraft:salmon":12,"minecraft:leather":20,"alexsmobs:acacia_blossom":3,"minecraft:red_mushroom":30,"overworld_netherite_ore:ancientdebrispiece":4,"minecraft:oak_log":47,"minecraft:lily_pad":10,"minecraft:golden_boots":1,"minecraft:cobblestone_wall":4,"minecraft:gunpowder":34,"minecraft:cobblestone_stairs":2,"saros__money_mod:euro_500":2,"psg:saltpetre":6,"minecraft:apple":12,"minecraft:stone_bricks":131,"alexsmobs:cockroach_wing_fragment":1,"minecraft:iron_ingot":88,"minecraft:stone_pickaxe":1,"minecraft:cooked_chicken":3,"marbledsapi:steel_ingot":3,"minecraft:mossy_stone_brick_wall":7,"minecraft:iron_sword":2,"minecraft:acacia_sapling":15,"projectvibrantjourneys:light_brown_bark_mushroom":5,"minecraft:smooth_basalt":15,"minecraft:chiseled_stone_bricks":1,"minecraft:lava_bucket":1,"minecraft:gravel":23,"minecraft:blast_furnace":2,"minecraft:spruce_door":1,"minecraft:spider_eye":3,"alexsmobs:raw_catfish":4,"minecraft:slime_ball":1,"minecraft:light_gray_candle":5,"minecraft:stone_axe":4,"tacz:modern_kinetic_gun":3,"minecraft:iron_helmet":3,"minecraft:diamond_axe":2,"farmersdelight:barbecue_stick":2,"projectvibrantjourneys:orange_bark_mushroom":6,"minecraft:black_wool":1,"minecraft:coal":469,"minecraft:ender_pearl":2},"minecraft:killed_by":{"zombie_more:crawler_zombie":1,"minecraft:zombie":8,"minecraft:player":5,"hordes:zombie_player":1,"mutantmonsters:mutant_skeleton":1,"minecraft:skeleton":2},"minecraft:used":{"minecraft:iron_shovel":58,"minecraft:chest":12,"minecraft:shield":117,"minecraft:iron_sword":99,"marbledsarsenal:desert_military_armor_chestplate":1,"ecologics:coconut_planks":64,"minecraft:rotten_flesh":5,"minecraft:iron_chestplate":1,"farmersdelight:tomato":25,"minecraft:lava_bucket":33,"minecraft:iron_helmet":1,"minecraft:stone_bricks":2,"farmersdelight:cutting_board":1,"minecraft:oak_sapling":1,"minecraft:furnace":14,"minecraft:acacia_fence":4,"max_armory:diamond_long_sword":295,"minecraft:stone_pickaxe":166,"minecraft:oak_planks":10,"minecraft:blackstone":45,"minecraft:ender_pearl":1,"minecraft:wooden_pickaxe":9,"minecraft:sugar_cane":33,"minecraft:diamond_axe":71,"minecraft:glow_berries":8,"minecraft:sand":7,"minecraft:mushroom_stew":20,"minecraft:blast_furnace":2,"marbledsarsenal:desert_military_armor_leggings":1,"marbledsarsenal:desert_military_armor_boots":1,"minecraft:bread":6,"create:asurine":1,"minecraft:gravel":1,"minecraft:wooden_sword":21,"minecraft:andesite":15,"minecraft:oak_boat":1,"minecraft:golden_pickaxe":32,"minecraft:oak_fence":12,"tacz:gun_smith_table":3,"minecraft:cooked_salmon":7,"minecraft:cooked_chicken":4,"minecraft:torch":227,"minecraft:dirt":40,"minecraft:spruce_stairs":1,"minecraft:granite":86,"minecraft:iron_axe":298,"minecraft:iron_boots":1,"better_mob_food:cooked_flesh":41,"minecraft:smooth_basalt":6,"projectvibrantjourneys:cattail":1,"comforts:sleeping_bag_white":2,"minecraft:cobbled_deepslate":7,"minecraft:acacia_planks":91,"farmersdelight:fried_egg":3,"minecraft:golden_axe":16,"minecraft:iron_leggings":2,"minecraft:cooked_mutton":3,"minecraft:acacia_boat":2,"alexsmobs:cooked_catfish":4,"minecraft:water_bucket":29,"minecraft:andesite_slab":2,"minecraft:brown_mushroom":1,"farmersdelight:barbecue_stick":2,"minecraft:green_bed":1,"minecraft:gold_ore":1,"minecraft:crafting_table":22,"minecraft:red_mushroom":3,"minecraft:diamond_pickaxe":2078,"minecraft:apple":22,"minecraft:iron_pickaxe":505,"minecraft:stone_axe":166,"marbledsarsenal:desert_military_armor_helmet":1,"minecraft:cobblestone":346,"minecraft:cooked_porkchop":5,"minecraft:bucket":65,"alexsmobs:animal_dictionary":1},"minecraft:broken":{"minecraft:stone_pickaxe":1,"minecraft:stone_axe":1,"minecraft:shield":2,"minecraft:golden_axe":1,"minecraft:iron_pickaxe":1,"minecraft:golden_pickaxe":1}},"DataVersion":3465}