{"stats":{"minecraft:killed":{"alexsmobs:banana_slug":3,"minecraft:chicken":1},"minecraft:custom":{"minecraft:time_since_rest":14009,"minecraft:sprint_one_cm":42522,"minecraft:damage_taken":30,"minecraft:walk_one_cm":24501,"minecraft:damage_blocked_by_shield":45,"minecraft:mob_kills":4,"minecraft:drop":5,"minecraft:damage_dealt":284,"minecraft:swim_one_cm":10518,"minecraft:interact_with_crafting_table":3,"minecraft:fly_one_cm":90843,"minecraft:crouch_one_cm":9104,"minecraft:play_time":14009,"minecraft:sneak_time":2428,"minecraft:walk_under_water_one_cm":616,"minecraft:damage_dealt_resisted":53,"minecraft:jump":362,"minecraft:time_since_death":14009,"minecraft:walk_on_water_one_cm":806,"minecraft:climb_one_cm":84,"minecraft:total_world_time":14009,"minecraft:fall_one_cm":8131},"minecraft:crafted":{"minecraft:oak_planks":56,"minecraft:crafting_table":1,"minecraft:spruce_planks":84,"minecraft:stick":20,"minecraft:wooden_pickaxe":1,"minecraft:stone_pickaxe":1,"minecraft:dark_oak_planks":8,"minecraft:torch":20,"minecraft:stone_axe":1},"minecraft:mined":{"minecraft:iron_ore":2,"minecraft:spruce_log":22,"minecraft:dark_oak_log":2,"projectvibrantjourneys:bark_mushroom":1,"minecraft:coal_ore":6,"projectvibrantjourneys:twigs":1,"minecraft:grass_block":1,"minecraft:oak_log":13,"projectvibrantjourneys:short_grass":4,"minecraft:gravel":1,"minecraft:dripstone_block":1,"minecraft:dirt":8,"minecraft:stone":36,"projectvibrantjourneys:oak_hollow_log":2},"minecraft:dropped":{"minecraft:moss_carpet":3,"minecraft:wooden_sword":1,"projectvibrantjourneys:bark_mushroom":1},"minecraft:picked_up":{"minecraft:raw_iron":2,"minecraft:feather":2,"minecraft:chicken":1,"projectvibrantjourneys:bark_mushroom":1,"minecraft:gravel":1,"minecraft:spruce_sapling":1,"minecraft:oak_log":13,"minecraft:spruce_log":21,"projectvibrantjourneys:oak_hollow_log":2,"minecraft:dark_oak_log":2,"minecraft:dirt":9,"minecraft:moss_carpet":4,"alexsmobs:banana_slug_slime":6,"minecraft:coal":6,"minecraft:cobblestone":28},"minecraft:used":{"minecraft:bread":2,"minecraft:stone_pickaxe":30,"minecraft:oak_planks":10,"minecraft:spruce_planks":13,"minecraft:wooden_pickaxe":17,"minecraft:shield":1,"minecraft:gravel":1,"minecraft:torch":5,"minecraft:stone_axe":44,"minecraft:dirt":8,"minecraft:crafting_table":1,"alexsmobs:animal_dictionary":1}},"DataVersion":3465}