{"stats":{"minecraft:killed":{"minecraft:cat":1,"hordes:zombie_player":1,"minecraft:sheep":2,"minecraft:zombie":16,"alexsmobs:banana_slug":3,"minecraft:chicken":1},"minecraft:mined":{"create:zinc_ore":12,"minecraft:spruce_planks":4,"minecraft:mossy_cobblestone":2,"minecraft:dark_oak_log":4,"psg:sulphur_ore":7,"projectvibrantjourneys:rocks":2,"minecraft:crafting_table":2,"projectvibrantjourneys:twigs":3,"minecraft:grass_block":6,"minecraft:copper_ore":35,"minecraft:cobblestone":18,"minecraft:spruce_leaves":2,"minecraft:oak_planks":1,"minecraft:blue_bed":1,"minecraft:spawner":1,"minecraft:purple_bed":2,"projectvibrantjourneys:light_brown_bark_mushroom":1,"minecraft:furnace":2,"minecraft:mud":10,"minecraft:iron_ore":31,"minecraft:sweet_berry_bush":5,"minecraft:spruce_log":52,"projectvibrantjourneys:bark_mushroom":1,"minecraft:pumpkin":2,"minecraft:stone_brick_stairs":1,"minecraft:grass":3,"minecraft:coal_ore":47,"minecraft:pointed_dripstone":1,"minecraft:oak_log":13,"projectvibrantjourneys:short_grass":9,"minecraft:gravel":1,"minecraft:dripstone_block":2,"minecraft:dirt":8,"minecraft:stone":163,"minecraft:mossy_stone_bricks":2,"projectvibrantjourneys:oak_hollow_log":2},"minecraft:killed_by":{"minecraft:zombie":1},"minecraft:custom":{"minecraft:interact_with_smithing_table":1,"minecraft:interact_with_furnace":46,"minecraft:mob_kills":36,"minecraft:interact_with_crafting_table":26,"minecraft:damage_dealt_resisted":222,"minecraft:time_since_death":13773,"minecraft:climb_one_cm":452,"minecraft:time_since_rest":13917,"minecraft:sprint_one_cm":145323,"minecraft:damage_taken":1346,"minecraft:walk_one_cm":163113,"minecraft:damage_blocked_by_shield":45,"minecraft:drop":12,"minecraft:damage_dealt":4675,"minecraft:swim_one_cm":17240,"minecraft:fly_one_cm":313178,"minecraft:open_chest":18,"minecraft:play_time":72226,"minecraft:crouch_one_cm":31418,"minecraft:deaths":2,"minecraft:sneak_time":9787,"minecraft:walk_under_water_one_cm":4369,"minecraft:jump":1702,"minecraft:walk_on_water_one_cm":4448,"minecraft:total_world_time":72226,"minecraft:fall_one_cm":38218},"minecraft:used":{"minecraft:cooked_mutton":1,"minecraft:leather_leggings":1,"minecraft:chest":1,"minecraft:stone_pickaxe":95,"minecraft:spruce_planks":41,"minecraft:oak_planks":48,"minecraft:wooden_pickaxe":17,"minecraft:blue_bed":1,"minecraft:iron_sword":40,"minecraft:shield":3,"minecraft:cooked_chicken":1,"minecraft:rotten_flesh":19,"minecraft:iron_chestplate":1,"minecraft:torch":32,"minecraft:dirt":8,"minecraft:mutton":1,"minecraft:crafting_table":5,"minecraft:wooden_axe":3,"minecraft:iron_pickaxe":238,"projectvibrantjourneys:twigs":1,"minecraft:iron_axe":3,"minecraft:bread":23,"minecraft:gravel":1,"minecraft:stone_axe":110,"minecraft:cobblestone":55,"minecraft:purple_bed":2,"minecraft:sweet_berries":19,"minecraft:furnace":6,"alexsmobs:animal_dictionary":1,"minecraft:pumpkin":2,"minecraft:iron_leggings":1},"minecraft:crafted":{"minecraft:oak_planks":56,"minecraft:crafting_table":5,"minecraft:spruce_planks":204,"minecraft:cooked_chicken":1,"minecraft:wooden_pickaxe":1,"minecraft:iron_sword":1,"minecraft:furnace":5,"minecraft:copper_ingot":26,"minecraft:stone_axe":2,"minecraft:cooked_mutton":1,"minecraft:air":0,"minecraft:iron_chestplate":1,"minecraft:iron_axe":1,"minecraft:stick":40,"psg:potassium":8,"minecraft:iron_ingot":23,"minecraft:iron_pickaxe":2,"minecraft:stone_pickaxe":1,"minecraft:wooden_axe":1,"minecraft:chest":1,"minecraft:iron_leggings":1,"minecraft:dark_oak_planks":16,"minecraft:torch":32},"minecraft:dropped":{"minecraft:moss_carpet":3,"minecraft:stone_axe":1,"minecraft:wheat_seeds":1,"minecraft:pointed_dripstone":1,"minecraft:copper_ingot":26,"projectvibrantjourneys:rocks":1,"minecraft:dirt":1,"minecraft:gunpowder":5,"minecraft:wooden_sword":1,"projectvibrantjourneys:bark_mushroom":1},"minecraft:picked_up":{"minecraft:crafting_table":2,"minecraft:mud":20,"minecraft:iron_chestplate":1,"minecraft:wheat":5,"minecraft:feather":4,"minecraft:chicken":1,"minecraft:wooden_pickaxe":1,"create:raw_zinc":24,"minecraft:stone_brick_stairs":2,"minecraft:oak_log":13,"minecraft:shield":1,"minecraft:gunpowder":5,"projectvibrantjourneys:rocks":1,"projectvibrantjourneys:oak_hollow_log":2,"minecraft:string":4,"minecraft:dirt":18,"minecraft:blue_bed":1,"psg:potassium":8,"minecraft:moss_carpet":5,"minecraft:raw_copper":206,"minecraft:iron_leggings":1,"minecraft:leather_boots":1,"minecraft:bone":6,"minecraft:wheat_seeds":1,"minecraft:spruce_planks":99,"minecraft:iron_ingot":6,"minecraft:iron_pickaxe":1,"minecraft:iron_sword":1,"minecraft:oak_planks":1,"minecraft:furnace":2,"projectvibrantjourneys:light_brown_bark_mushroom":2,"minecraft:stick":18,"minecraft:raw_iron":29,"minecraft:pumpkin":2,"minecraft:sweet_berries":15,"psg:raw_potassium":8,"projectvibrantjourneys:bark_mushroom":2,"minecraft:torch":6,"minecraft:gravel":1,"pointblank:gunmetal_nugget":49,"psg:sulphur":58,"minecraft:spruce_sapling":2,"minecraft:pointed_dripstone":1,"minecraft:spruce_log":51,"minecraft:dark_oak_log":4,"alexsmobs:animal_dictionary":1,"minecraft:purple_bed":2,"minecraft:rotten_flesh":18,"minecraft:slime_ball":2,"minecraft:bread":8,"alexsmobs:banana_slug_slime":12,"projectvibrantjourneys:twigs":1,"minecraft:mutton":2,"minecraft:coal":52,"minecraft:white_wool":3,"minecraft:cobblestone":220}},"DataVersion":3465}