{"stats":{"minecraft:killed":{"minecraft:zombie":16,"alexsmobs:banana_slug":3,"minecraft:chicken":1},"minecraft:mined":{"create:zinc_ore":12,"minecraft:spruce_planks":4,"minecraft:mossy_cobblestone":2,"minecraft:dark_oak_log":2,"projectvibrantjourneys:rocks":1,"psg:sulphur_ore":7,"projectvibrantjourneys:twigs":1,"minecraft:grass_block":4,"minecraft:copper_ore":35,"minecraft:cobblestone":17,"minecraft:oak_planks":1,"minecraft:spawner":1,"minecraft:mud":10,"minecraft:iron_ore":31,"minecraft:spruce_log":29,"projectvibrantjourneys:bark_mushroom":1,"minecraft:stone_brick_stairs":1,"minecraft:oak_log":13,"minecraft:pointed_dripstone":1,"minecraft:coal_ore":40,"projectvibrantjourneys:short_grass":5,"minecraft:gravel":1,"minecraft:dripstone_block":2,"minecraft:dirt":8,"minecraft:stone":160,"minecraft:mossy_stone_bricks":2,"projectvibrantjourneys:oak_hollow_log":2},"minecraft:custom":{"minecraft:interact_with_furnace":42,"minecraft:mob_kills":32,"minecraft:interact_with_crafting_table":20,"minecraft:damage_dealt_resisted":222,"minecraft:time_since_death":49923,"minecraft:climb_one_cm":278,"minecraft:time_since_rest":49923,"minecraft:sprint_one_cm":63455,"minecraft:damage_taken":620,"minecraft:walk_one_cm":86662,"minecraft:damage_blocked_by_shield":45,"minecraft:drop":8,"minecraft:damage_dealt":4129,"minecraft:swim_one_cm":10993,"minecraft:fly_one_cm":105325,"minecraft:open_chest":15,"minecraft:play_time":49923,"minecraft:crouch_one_cm":29865,"minecraft:sneak_time":9304,"minecraft:walk_under_water_one_cm":3525,"minecraft:jump":720,"minecraft:walk_on_water_one_cm":3696,"minecraft:total_world_time":49923,"minecraft:fall_one_cm":16749},"minecraft:used":{"minecraft:stone_pickaxe":95,"minecraft:oak_planks":48,"minecraft:wooden_pickaxe":17,"minecraft:chest":1,"minecraft:spruce_planks":38,"minecraft:shield":3,"minecraft:iron_sword":35,"minecraft:cooked_chicken":1,"minecraft:rotten_flesh":15,"minecraft:iron_chestplate":1,"minecraft:torch":32,"minecraft:dirt":8,"minecraft:crafting_table":3,"minecraft:bread":14,"minecraft:iron_pickaxe":224,"minecraft:gravel":1,"minecraft:stone_axe":88,"minecraft:cobblestone":37,"minecraft:furnace":4,"alexsmobs:animal_dictionary":1,"minecraft:iron_leggings":1},"minecraft:crafted":{"minecraft:oak_planks":56,"minecraft:crafting_table":3,"minecraft:spruce_planks":112,"minecraft:wooden_pickaxe":1,"minecraft:cooked_chicken":1,"minecraft:iron_sword":1,"minecraft:furnace":4,"minecraft:copper_ingot":26,"minecraft:stone_axe":1,"minecraft:air":0,"minecraft:iron_chestplate":1,"minecraft:stick":32,"psg:potassium":8,"minecraft:iron_ingot":23,"minecraft:iron_pickaxe":1,"minecraft:stone_pickaxe":1,"minecraft:chest":1,"minecraft:iron_leggings":1,"minecraft:dark_oak_planks":8,"minecraft:torch":32},"minecraft:dropped":{"minecraft:stone_axe":1,"minecraft:moss_carpet":3,"minecraft:pointed_dripstone":1,"projectvibrantjourneys:rocks":1,"minecraft:wooden_sword":1,"projectvibrantjourneys:bark_mushroom":1},"minecraft:picked_up":{"minecraft:mud":10,"minecraft:feather":2,"minecraft:chicken":1,"minecraft:stone_brick_stairs":1,"create:raw_zinc":12,"minecraft:oak_log":13,"minecraft:gunpowder":5,"projectvibrantjourneys:oak_hollow_log":2,"projectvibrantjourneys:rocks":1,"minecraft:dirt":12,"minecraft:string":1,"minecraft:moss_carpet":4,"minecraft:raw_copper":116,"minecraft:bone":3,"minecraft:spruce_planks":2,"minecraft:oak_planks":1,"minecraft:raw_iron":29,"psg:raw_potassium":8,"projectvibrantjourneys:bark_mushroom":1,"minecraft:torch":3,"minecraft:gravel":1,"pointblank:gunmetal_nugget":22,"psg:sulphur":29,"minecraft:spruce_sapling":1,"minecraft:pointed_dripstone":1,"minecraft:spruce_log":28,"minecraft:dark_oak_log":2,"minecraft:rotten_flesh":18,"minecraft:slime_ball":1,"minecraft:bread":5,"alexsmobs:banana_slug_slime":6,"minecraft:coal":39,"minecraft:cobblestone":158}},"DataVersion":3465}