{"stats":{"minecraft:killed":{"zombie_more:cursed_zombie":1,"hordes:zombie_player":1,"alexsmobs:banana_slug":3,"minecraft:chicken":1,"minecraft:cat":1,"minecraft:iron_golem":1,"minecraft:sheep":2,"minecraft:zombie":16},"minecraft:mined":{"create:zinc_ore":12,"minecraft:spruce_planks":5,"minecraft:mossy_cobblestone":2,"minecraft:dark_oak_log":4,"projectvibrantjourneys:rocks":2,"psg:sulphur_ore":7,"minecraft:grass_block":7,"minecraft:spruce_leaves":2,"minecraft:spawner":1,"minecraft:furnace":2,"minecraft:iron_ore":39,"projectvibrantjourneys:bark_mushroom":1,"minecraft:pumpkin":2,"minecraft:pointed_dripstone":4,"minecraft:stone":185,"minecraft:torch":1,"minecraft:crafting_table":3,"projectvibrantjourneys:twigs":3,"minecraft:copper_ore":35,"minecraft:cobblestone":20,"minecraft:oak_planks":1,"minecraft:blue_bed":1,"projectvibrantjourneys:light_brown_bark_mushroom":1,"minecraft:purple_bed":2,"minecraft:mud":10,"minecraft:sweet_berry_bush":9,"minecraft:spruce_log":52,"minecraft:stone_brick_stairs":1,"minecraft:grass":4,"minecraft:oak_log":13,"minecraft:coal_ore":55,"projectvibrantjourneys:short_grass":11,"minecraft:dripstone_block":4,"minecraft:gravel":1,"minecraft:dirt":9,"minecraft:mossy_stone_bricks":2,"projectvibrantjourneys:oak_hollow_log":2},"minecraft:killed_by":{"minecraft:player":1,"minecraft:zombie":1},"minecraft:custom":{"minecraft:interact_with_smithing_table":1,"minecraft:mob_kills":38,"minecraft:interact_with_crafting_table":29,"minecraft:damage_dealt_resisted":1470,"minecraft:time_since_death":11875,"minecraft:climb_one_cm":452,"minecraft:sprint_one_cm":156676,"minecraft:walk_one_cm":191619,"minecraft:damage_blocked_by_shield":315,"minecraft:drop":24,"minecraft:play_time":84226,"minecraft:deaths":3,"minecraft:sneak_time":12197,"minecraft:walk_under_water_one_cm":4502,"minecraft:jump":1890,"minecraft:walk_on_water_one_cm":5377,"minecraft:total_world_time":84226,"minecraft:interact_with_furnace":46,"minecraft:time_since_rest":11908,"minecraft:damage_taken":1871,"minecraft:damage_dealt":5490,"minecraft:swim_one_cm":18283,"minecraft:fly_one_cm":337675,"minecraft:open_chest":18,"minecraft:crouch_one_cm":37084,"minecraft:fall_one_cm":42790},"minecraft:used":{"minecraft:spruce_planks":62,"minecraft:chest":1,"minecraft:shield":4,"minecraft:iron_sword":40,"minecraft:cooked_chicken":1,"minecraft:rotten_flesh":19,"minecraft:iron_chestplate":1,"minecraft:torch":47,"minecraft:dirt":8,"minecraft:mutton":1,"minecraft:wooden_axe":3,"minecraft:iron_axe":3,"minecraft:sweet_berries":36,"minecraft:furnace":6,"minecraft:pumpkin":2,"minecraft:iron_leggings":1,"minecraft:cooked_mutton":1,"minecraft:leather_leggings":2,"minecraft:stone_pickaxe":95,"minecraft:oak_planks":48,"minecraft:wooden_pickaxe":17,"minecraft:blue_bed":1,"minecraft:crafting_table":7,"projectvibrantjourneys:twigs":1,"minecraft:bread":23,"minecraft:iron_pickaxe":283,"minecraft:gravel":1,"minecraft:stone_axe":133,"minecraft:cobblestone":66,"minecraft:purple_bed":2,"alexsmobs:animal_dictionary":1},"minecraft:crafted":{"minecraft:oak_planks":56,"minecraft:iron_nugget":9,"minecraft:cooked_chicken":1,"minecraft:furnace":5,"minecraft:cooked_mutton":1,"minecraft:iron_boots":2,"minecraft:iron_axe":1,"psg:potassium":8,"minecraft:stone_pickaxe":1,"minecraft:chest":1,"minecraft:dark_oak_planks":16,"minecraft:crafting_table":5,"minecraft:spruce_planks":204,"minecraft:wooden_pickaxe":1,"minecraft:iron_sword":1,"minecraft:copper_ingot":26,"minecraft:stone_axe":2,"minecraft:air":0,"minecraft:iron_chestplate":1,"minecraft:shield":2,"minecraft:stick":44,"minecraft:iron_ingot":24,"minecraft:iron_pickaxe":2,"minecraft:wooden_axe":1,"minecraft:iron_leggings":1,"minecraft:torch":52},"minecraft:dropped":{"minecraft:iron_ingot":1,"minecraft:wheat_seeds":1,"minecraft:copper_ingot":26,"projectvibrantjourneys:rocks":1,"minecraft:dirt":1,"minecraft:wooden_sword":1,"projectvibrantjourneys:bark_mushroom":1,"minecraft:stone_axe":1,"minecraft:moss_carpet":3,"minecraft:pointed_dripstone":1,"minecraft:iron_boots":1,"minecraft:shield":1,"minecraft:gunpowder":5,"minecraft:spruce_planks":9},"minecraft:picked_up":{"minecraft:mud":20,"minecraft:iron_chestplate":1,"minecraft:crafting_table":4,"minecraft:wheat":5,"minecraft:chicken":1,"minecraft:leather_leggings":1,"minecraft:wooden_pickaxe":1,"minecraft:stone_brick_stairs":2,"minecraft:shield":1,"minecraft:string":4,"minecraft:moss_carpet":5,"minecraft:raw_copper":206,"minecraft:iron_leggings":1,"minecraft:spruce_planks":183,"minecraft:iron_pickaxe":2,"minecraft:furnace":2,"minecraft:stick":19,"minecraft:raw_iron":37,"projectvibrantjourneys:bark_mushroom":3,"minecraft:torch":7,"pointblank:gunmetal_nugget":49,"psg:sulphur":58,"minecraft:pointed_dripstone":12,"minecraft:rotten_flesh":18,"minecraft:mutton":2,"minecraft:white_wool":3,"minecraft:cobblestone":243,"minecraft:feather":4,"minecraft:tuff":2,"create:raw_zinc":24,"minecraft:oak_log":13,"minecraft:gunpowder":5,"projectvibrantjourneys:oak_hollow_log":2,"projectvibrantjourneys:rocks":1,"alexsmobs:rocky_shell":1,"minecraft:blue_bed":1,"minecraft:dirt":21,"psg:potassium":8,"minecraft:leather_boots":1,"minecraft:bone":6,"minecraft:wheat_seeds":1,"minecraft:iron_ingot":17,"minecraft:oak_planks":1,"minecraft:iron_sword":1,"projectvibrantjourneys:light_brown_bark_mushroom":3,"minecraft:pumpkin":2,"minecraft:sweet_berries":27,"psg:raw_potassium":8,"minecraft:dripstone_block":2,"minecraft:gravel":1,"minecraft:spruce_sapling":2,"minecraft:spruce_log":51,"alexsmobs:animal_dictionary":1,"minecraft:dark_oak_log":4,"minecraft:purple_bed":2,"minecraft:slime_ball":2,"minecraft:stone_axe":1,"minecraft:bread":8,"alexsmobs:banana_slug_slime":12,"projectvibrantjourneys:twigs":1,"minecraft:coal":67}},"DataVersion":3465}