{"stats":{"minecraft:crafted":{"minecraft:oak_planks":56,"minecraft:crafting_table":3,"minecraft:cooked_chicken":3,"comforts:sleeping_bag_white":1,"minecraft:wooden_pickaxe":2,"minecraft:bowl":4,"minecraft:furnace":2,"minecraft:cooked_salmon":3,"minecraft:mushroom_stew":2,"minecraft:stone_axe":2,"minecraft:air":0,"farmersdelight:fried_egg":3,"minecraft:oak_boat":1,"minecraft:shield":1,"minecraft:stick":36,"minecraft:iron_ingot":16,"minecraft:iron_pickaxe":1,"minecraft:stone_pickaxe":3,"minecraft:chest":2,"minecraft:acacia_planks":120,"minecraft:torch":40,"minecraft:oak_fence":3},"minecraft:dropped":{"minecraft:dirt":1,"projectvibrantjourneys:cattail":1},"minecraft:mined":{"create:zinc_ore":7,"projectvibrantjourneys:cattail":1,"minecraft:large_amethyst_bud":1,"minecraft:acacia_leaves":1,"minecraft:brown_mushroom":6,"psg:potassium_ore":2,"psg:sulphur_ore":13,"minecraft:oak_fence":1,"projectvibrantjourneys:rocks":3,"minecraft:crafting_table":2,"minecraft:cornflower":1,"minecraft:torch":2,"minecraft:granite":66,"minecraft:acacia_log":31,"minecraft:grass_block":11,"minecraft:copper_ore":16,"minecraft:cobblestone":2,"minecraft:tall_grass":14,"minecraft:red_mushroom":2,"minecraft:sugar_cane":1,"minecraft:wall_torch":2,"minecraft:large_fern":1,"minecraft:iron_ore":24,"minecraft:andesite":10,"create:asurine":1,"minecraft:grass":22,"k_turrets:titanium_ore":3,"minecraft:oak_log":14,"minecraft:coal_ore":37,"projectvibrantjourneys:short_grass":8,"minecraft:deepslate_iron_ore":1,"minecraft:gravel":2,"minecraft:dirt":30,"minecraft:smooth_basalt":1,"minecraft:stone":96,"minecraft:green_bed":1,"minecraft:oak_leaves":4},"minecraft:killed_by":{"mutantmonsters:mutant_skeleton":1,"minecraft:skeleton":1},"minecraft:custom":{"minecraft:interact_with_furnace":28,"minecraft:mob_kills":44,"minecraft:interact_with_crafting_table":25,"minecraft:open_barrel":3,"minecraft:interact_with_loom":2,"minecraft:eat_cake_slice":4,"minecraft:leave_game":1,"minecraft:time_since_death":17840,"minecraft:sleep_in_bed":7,"minecraft:climb_one_cm":270,"minecraft:time_since_rest":17865,"minecraft:sprint_one_cm":182198,"minecraft:damage_taken":1766,"minecraft:walk_one_cm":149955,"minecraft:damage_blocked_by_shield":555,"minecraft:drop":2,"minecraft:damage_dealt":4683,"minecraft:swim_one_cm":24030,"minecraft:talked_to_villager":2,"minecraft:fly_one_cm":323294,"minecraft:open_chest":18,"minecraft:crouch_one_cm":33716,"minecraft:play_time":76351,"minecraft:deaths":3,"minecraft:sneak_time":10241,"minecraft:walk_under_water_one_cm":2280,"minecraft:boat_one_cm":62325,"minecraft:jump":1717,"minecraft:walk_on_water_one_cm":3654,"minecraft:total_world_time":76351,"minecraft:fall_one_cm":53998},"minecraft:killed":{"zombie_more:boomer_zombie":1,"minecraft:pig":7,"minecraft:salmon":3,"alexsmobs:raccoon":1,"alexsmobs:seal":2,"alexsmobs:tasmanian_devil":1,"minecraft:creeper":1,"minecraft:skeleton":1,"minecraft:sheep":5,"minecraft:zombie":1,"zombie_more:explosive_zombie":1,"minecraft:chicken":3,"alexsmobs:gazelle":1,"minecraft:cow":16},"minecraft:broken":{"minecraft:stone_pickaxe":1},"minecraft:used":{"minecraft:oak_fence":3,"minecraft:stone_pickaxe":166,"minecraft:brown_mushroom":1,"minecraft:chest":2,"minecraft:wooden_pickaxe":9,"minecraft:shield":14,"minecraft:cooked_chicken":3,"minecraft:cooked_salmon":1,"minecraft:green_bed":1,"minecraft:sugar_cane":2,"minecraft:torch":46,"minecraft:dirt":26,"minecraft:crafting_table":5,"minecraft:mushroom_stew":1,"minecraft:granite":62,"minecraft:apple":19,"minecraft:bread":6,"minecraft:iron_pickaxe":116,"create:asurine":1,"minecraft:stone_axe":124,"minecraft:wooden_sword":21,"minecraft:cobblestone":60,"minecraft:furnace":2,"minecraft:andesite":5,"minecraft:oak_boat":1,"comforts:sleeping_bag_white":2,"farmersdelight:fried_egg":3},"minecraft:picked_up":{"minecraft:crafting_table":2,"minecraft:feather":3,"minecraft:chicken":3,"minecraft:andesite":14,"minecraft:salmon":6,"minecraft:leather":20,"minecraft:brown_mushroom":6,"alexsmobs:acacia_blossom":2,"minecraft:wooden_pickaxe":1,"minecraft:red_mushroom":2,"minecraft:raw_copper":59,"minecraft:gunpowder":2,"create:raw_zinc":7,"minecraft:oak_log":14,"minecraft:shield":1,"alexsmobs:gazelle_horn":1,"minecraft:dirt":43,"minecraft:bone":2,"minecraft:apple":12,"minecraft:wheat_seeds":3,"comforts:sleeping_bag_white":2,"minecraft:beef":33,"minecraft:stone_pickaxe":1,"minecraft:cooked_chicken":2,"minecraft:oak_boat":1,"minecraft:iron_pickaxe":1,"alexsmobs:raccoon_tail":1,"minecraft:sugar_cane":2,"minecraft:oak_planks":1,"minecraft:acacia_sapling":4,"minecraft:egg":3,"minecraft:stick":3,"minecraft:raw_iron":26,"minecraft:smooth_basalt":1,"psg:raw_potassium":3,"minecraft:oak_fence":2,"minecraft:acacia_log":30,"minecraft:torch":42,"minecraft:green_bed":1,"minecraft:gravel":4,"psg:sulphur":55,"minecraft:porkchop":16,"minecraft:arrow":2,"minecraft:rotten_flesh":1,"minecraft:stone_axe":2,"k_turrets:raw_titanium":5,"minecraft:granite":65,"create:asurine":1,"projectvibrantjourneys:cattail":3,"minecraft:black_wool":1,"minecraft:mutton":10,"minecraft:coal":59,"minecraft:white_wool":4,"minecraft:cobblestone":128}},"DataVersion":3465}