{"stats":{"minecraft:killed_by":{"minecraft:player":3,"minecraft:enderman":1,"hordes:zombie_player":2,"zombie_more:boomer_zombie":1,"zombie_more:crawler_zombie":2,"zombie_more:cursed_zombie":1,"minecraft:zombie":14},"minecraft:picked_up":{"minecraft:mud":20,"minecraft:iron_chestplate":7,"minecraft:crafting_table":6,"minecraft:wheat":5,"minecraft:chicken":1,"dustrial_decor:sheet_metal":15,"minecraft:leather_leggings":5,"minecraft:brown_mushroom":12,"minecraft:wooden_pickaxe":1,"minecraft:stone_brick_stairs":2,"minecraft:shield":11,"minecraft:music_disc_cat":3,"minecraft:string":20,"minecraft:moss_carpet":5,"minecraft:raw_copper":359,"minecraft:iron_axe":4,"zombie_more:acid_drool":5,"minecraft:iron_leggings":7,"tacz:ammo":92,"minecraft:iron_shovel":2,"minecraft:shroomlight":2,"minecraft:cobbled_deepslate":8,"minecraft:bucket":1,"minecraft:spruce_planks":374,"minecraft:white_tulip":3,"minecraft:iron_pickaxe":17,"farmersdelight:cabbage_seeds":17,"minecraft:iron_boots":10,"minecraft:furnace":3,"minecraft:raw_iron":271,"minecraft:stick":127,"minecraft:copper_ingot":115,"projectvibrantjourneys:bark_mushroom":7,"zombie_more:cursed_heart":4,"minecraft:torch":174,"minecraft:bowl":33,"pointblank:gunmetal_nugget":104,"psg:sulphur":58,"farmersdelight:tomato_seeds":12,"minecraft:pointed_dripstone":136,"minecraft:diorite":1,"minecraft:redstone":93,"minecraft:brown_dye":1,"minecraft:arrow":3,"minecraft:rotten_flesh":90,"k_turrets:raw_titanium":41,"farmersdelight:rope":49,"minecraft:saddle":3,"minecraft:mutton":2,"marbledsapi:raw_steel":1,"minecraft:white_wool":3,"minecraft:cobblestone":376,"minecraft:feather":9,"minecraft:glow_ink_sac":8,"table_top_craft:chess_piece_figure":3,"minecraft:andesite":7,"projectvibrantjourneys:fallen_leaves":1,"minecraft:red_mushroom":63,"alexsmobs:bear_fur":2,"minecraft:tuff":16,"create:raw_zinc":24,"minecraft:oak_log":13,"minecraft:gunpowder":43,"projectvibrantjourneys:rocks":1,"projectvibrantjourneys:oak_hollow_log":2,"alexsmobs:rocky_shell":1,"minecraft:wooden_hoe":1,"minecraft:lapis_lazuli":76,"minecraft:blue_bed":1,"minecraft:dirt":231,"psg:potassium":8,"zombie_more:crawler_gut":1,"minecraft:leather_boots":1,"minecraft:bone":8,"minecraft:bow":1,"minecraft:wheat_seeds":13,"minecraft:iron_ingot":137,"minecraft:stone_pickaxe":3,"minecraft:iron_sword":8,"minecraft:oak_planks":1,"projectvibrantjourneys:light_brown_bark_mushroom":5,"minecraft:pumpkin":2,"minecraft:sweet_berries":414,"psg:raw_potassium":16,"minecraft:dripstone_block":40,"minecraft:gravel":1,"minecraft:spruce_sapling":4,"minecraft:spruce_log":75,"minecraft:spider_eye":1,"minecraft:dark_oak_log":4,"alexsmobs:animal_dictionary":1,"minecraft:mossy_cobblestone":3,"minecraft:purple_bed":2,"minecraft:slime_ball":6,"minecraft:diamond":12,"minecraft:stone_axe":7,"tacz:modern_kinetic_gun":11,"minecraft:iron_helmet":9,"minecraft:golden_apple":3,"minecraft:golden_horse_armor":3,"minecraft:bread":8,"alexsmobs:banana_slug_slime":12,"projectvibrantjourneys:twigs":1,"minecraft:coal":253},"minecraft:mined":{"create:zinc_ore":12,"minecraft:tuff":5,"minecraft:spruce_planks":16,"minecraft:mossy_cobblestone":3,"minecraft:deepslate_diamond_ore":3,"minecraft:dark_oak_log":4,"projectvibrantjourneys:rocks":10,"psg:sulphur_ore":7,"minecraft:grass_block":11,"minecraft:redstone_wire":1,"minecraft:spruce_leaves":6,"minecraft:red_mushroom":5,"minecraft:spawner":2,"minecraft:furnace":2,"minecraft:iron_ore":159,"minecraft:andesite":7,"projectvibrantjourneys:bark_mushroom":1,"minecraft:pumpkin":2,"minecraft:pointed_dripstone":8,"farmersdelight:rope":1,"minecraft:shroomlight":1,"minecraft:deepslate_iron_ore":8,"minecraft:dirt_path":1,"minecraft:white_tulip":1,"minecraft:stone":272,"minecraft:deepslate_redstone_ore":5,"minecraft:brown_mushroom":3,"psg:potassium_ore":2,"minecraft:torch":1,"minecraft:crafting_table":3,"projectvibrantjourneys:twigs":3,"minecraft:mushroom_stem":4,"minecraft:copper_ore":91,"minecraft:tall_grass":1,"minecraft:cobblestone":30,"minecraft:lapis_ore":2,"minecraft:oak_planks":1,"minecraft:blue_bed":1,"minecraft:diorite":1,"minecraft:wall_torch":3,"minecraft:purple_bed":2,"projectvibrantjourneys:light_brown_bark_mushroom":2,"minecraft:mud":10,"minecraft:sweet_berry_bush":129,"minecraft:ice":3,"minecraft:spruce_log":75,"minecraft:stone_brick_stairs":1,"minecraft:grass":26,"k_turrets:titanium_ore":9,"minecraft:coal_ore":141,"minecraft:oak_log":13,"projectvibrantjourneys:short_grass":27,"minecraft:gravel":1,"minecraft:dirt":13,"minecraft:dripstone_block":15,"minecraft:red_mushroom_block":20,"minecraft:mossy_stone_bricks":2,"projectvibrantjourneys:oak_hollow_log":2,"minecraft:deepslate":11,"minecraft:fern":7},"minecraft:custom":{"minecraft:interact_with_smithing_table":1,"minecraft:mob_kills":67,"minecraft:interact_with_crafting_table":79,"minecraft:damage_dealt_resisted":2162,"minecraft:leave_game":4,"minecraft:time_since_death":323,"minecraft:climb_one_cm":452,"minecraft:sprint_one_cm":528738,"minecraft:walk_one_cm":487539,"minecraft:damage_blocked_by_shield":1142,"minecraft:drop":176,"minecraft:play_time":229039,"minecraft:sneak_time":25732,"minecraft:deaths":25,"minecraft:walk_under_water_one_cm":25868,"minecraft:jump":5573,"minecraft:walk_on_water_one_cm":21096,"minecraft:total_world_time":229039,"minecraft:interact_with_furnace":217,"minecraft:sleep_in_bed":2,"minecraft:time_since_rest":349,"minecraft:damage_taken":8991,"minecraft:damage_dealt":7178,"minecraft:swim_one_cm":23137,"minecraft:fly_one_cm":1069327,"minecraft:open_chest":34,"minecraft:crouch_one_cm":71589,"minecraft:fall_one_cm":154447},"minecraft:killed":{"zombie_more:cursed_zombie":2,"hordes:zombie_player":4,"minecraft:spider":4,"minecraft:skeleton":4,"alexsmobs:banana_slug":3,"minecraft:chicken":1,"minecraft:cat":1,"alexsmobs:grizzly_bear":1,"zombie_more:crawler_zombie":1,"minecraft:iron_golem":1,"minecraft:bat":1,"minecraft:sheep":2,"minecraft:zombie":29,"zombie_more:explosive_zombie":1},"minecraft:broken":{"minecraft:leather_leggings":1,"minecraft:iron_pickaxe":1},"minecraft:dropped":{"minecraft:iron_ingot":66,"minecraft:water_bucket":1,"minecraft:brown_mushroom":1,"minecraft:wheat_seeds":10,"minecraft:crafting_table":2,"minecraft:dripstone_block":9,"minecraft:feather":2,"minecraft:iron_helmet":2,"minecraft:cobblestone":2,"minecraft:copper_ingot":26,"minecraft:coal":27,"projectvibrantjourneys:rocks":1,"minecraft:dirt":452,"minecraft:diorite":1,"minecraft:wooden_hoe":1,"projectvibrantjourneys:fallen_leaves":1,"minecraft:iron_leggings":1,"minecraft:wooden_sword":1,"tacz:modern_kinetic_gun":4,"minecraft:iron_axe":3,"minecraft:iron_pickaxe":3,"minecraft:iron_shovel":2,"minecraft:string":16,"minecraft:bucket":1,"projectvibrantjourneys:bark_mushroom":4,"minecraft:furnace":1,"minecraft:stone_axe":2,"minecraft:moss_carpet":3,"minecraft:brown_dye":1,"farmersdelight:cabbage_seeds":6,"minecraft:raw_iron":5,"minecraft:tuff":7,"minecraft:pointed_dripstone":2,"zombie_more:crawler_gut":1,"minecraft:rotten_flesh":45,"minecraft:iron_boots":3,"psg:raw_potassium":4,"alexsmobs:bear_fur":2,"pointblank:gunmetal_nugget":22,"projectvibrantjourneys:light_brown_bark_mushroom":1,"minecraft:shield":2,"minecraft:gunpowder":7,"minecraft:spruce_planks":9,"zombie_more:cursed_heart":2,"zombie_more:acid_drool":1,"k_turrets:raw_titanium":5,"minecraft:spider_eye":1,"minecraft:bow":1},"minecraft:used":{"minecraft:redstone":1,"minecraft:chest":1,"minecraft:spruce_planks":109,"minecraft:shield":18,"minecraft:iron_sword":84,"minecraft:cooked_chicken":1,"minecraft:rotten_flesh":20,"minecraft:iron_chestplate":5,"minecraft:torch":219,"minecraft:dirt":83,"minecraft:mutton":1,"minecraft:tuff":5,"farmersdelight:rope":1,"minecraft:wooden_axe":3,"minecraft:iron_axe":29,"minecraft:iron_helmet":2,"minecraft:iron_boots":1,"minecraft:sweet_berries":196,"minecraft:furnace":8,"minecraft:cobbled_deepslate":7,"minecraft:pumpkin":2,"minecraft:iron_leggings":1,"minecraft:pointed_dripstone":2,"minecraft:cooked_mutton":1,"minecraft:leather_leggings":2,"minecraft:brown_mushroom":1,"minecraft:oak_planks":48,"minecraft:stone_pickaxe":95,"minecraft:wooden_pickaxe":17,"minecraft:blue_bed":1,"minecraft:mossy_cobblestone":2,"minecraft:crafting_table":10,"minecraft:mushroom_stew":4,"minecraft:dripstone_block":10,"projectvibrantjourneys:twigs":1,"minecraft:bread":23,"minecraft:iron_pickaxe":763,"minecraft:gravel":1,"minecraft:stone_axe":143,"minecraft:purple_bed":2,"minecraft:cobblestone":148,"minecraft:bucket":1,"alexsmobs:animal_dictionary":1},"minecraft:crafted":{"minecraft:oak_planks":56,"dustrial_decor:sheet_metal":3,"minecraft:iron_nugget":9,"minecraft:cooked_chicken":1,"minecraft:furnace":7,"minecraft:mushroom_stew":4,"minecraft:cooked_mutton":1,"minecraft:iron_boots":3,"minecraft:iron_axe":3,"psg:potassium":8,"minecraft:stone_pickaxe":1,"minecraft:chest":1,"minecraft:dark_oak_planks":16,"minecraft:crafting_table":8,"minecraft:iron_helmet":1,"minecraft:spruce_planks":248,"minecraft:wooden_pickaxe":1,"minecraft:iron_sword":2,"minecraft:bowl":4,"minecraft:copper_ingot":26,"minecraft:stone_axe":2,"minecraft:air":0,"minecraft:iron_chestplate":3,"minecraft:shield":2,"minecraft:stick":96,"minecraft:iron_ingot":166,"minecraft:iron_pickaxe":3,"minecraft:wooden_axe":1,"minecraft:iron_leggings":2,"minecraft:torch":212}},"DataVersion":3465}