{"stats":{"minecraft:killed":{"minecraft:pig":4,"minecraft:cow":4},"minecraft:mined":{"minecraft:jungle_leaves":2,"minecraft:crafting_table":2,"minecraft:granite":28,"projectvibrantjourneys:twigs":5,"minecraft:grass_block":5,"minecraft:decorated_pot":1,"minecraft:jungle_log":8,"minecraft:rose_bush":1,"create:ochrum":1,"minecraft:copper_ore":7,"farmersdelight:wild_tomatoes":2,"minecraft:coarse_dirt":5,"minecraft:iron_ore":1,"projectvibrantjourneys:bones":1,"projectvibrantjourneys:bark_mushroom":1,"k_turrets:titanium_ore":1,"minecraft:grass":6,"minecraft:coal_ore":34,"minecraft:oak_log":8,"projectvibrantjourneys:short_grass":6,"minecraft:flowering_azalea_leaves":1,"minecraft:vine":3,"minecraft:dirt":13,"minecraft:stone":39,"create:crimsite":1,"minecraft:oak_leaves":1,"minecraft:fern":1},"minecraft:killed_by":{"minecraft:skeleton":2,"zombie_more:cursed_zombie":1,"minecraft:zombie":3,"hordes:zombie_player":7,"zombie_more:explosive_zombie":1},"minecraft:custom":{"minecraft:mob_kills":8,"minecraft:interact_with_crafting_table":8,"minecraft:time_since_death":7825,"minecraft:climb_one_cm":1733,"minecraft:time_since_rest":7999,"minecraft:sprint_one_cm":4338,"minecraft:damage_taken":4383,"minecraft:walk_one_cm":267697,"minecraft:drop":8,"minecraft:damage_dealt":859,"minecraft:fly_one_cm":4819,"minecraft:crouch_one_cm":3535,"minecraft:play_time":76016,"minecraft:deaths":15,"minecraft:sneak_time":1563,"minecraft:walk_under_water_one_cm":732,"minecraft:jump":448,"minecraft:walk_on_water_one_cm":6742,"minecraft:total_world_time":76016,"minecraft:fall_one_cm":2945},"minecraft:used":{"minecraft:rose_bush":1,"minecraft:stone_sword":25,"minecraft:stone_pickaxe":65,"minecraft:decorated_pot":1,"minecraft:wooden_pickaxe":54,"create:ochrum":1,"minecraft:dirt":26,"minecraft:crafting_table":3,"projectvibrantjourneys:bark_mushroom":1,"minecraft:snowball":7,"minecraft:jungle_sapling":2,"minecraft:stone_axe":2},"minecraft:crafted":{"minecraft:oak_planks":32,"minecraft:crafting_table":2,"minecraft:wooden_pickaxe":2,"minecraft:stone_axe":1,"minecraft:jungle_planks":32,"minecraft:stick":28,"minecraft:stone_pickaxe":2,"minecraft:stone_sword":1},"minecraft:dropped":{"alexsmobs:maggot":1,"psg:raw_potassium":3,"create:crimsite":1,"minecraft:dirt":4,"minecraft:wooden_sword":1},"minecraft:picked_up":{"minecraft:coarse_dirt":5,"minecraft:crafting_table":2,"minecraft:jungle_log":8,"minecraft:leather":4,"minecraft:red_mushroom":1,"minecraft:oak_log":8,"minecraft:dirt":37,"minecraft:raw_copper":28,"minecraft:wooden_sword":1,"minecraft:bone":1,"minecraft:beef":10,"minecraft:rose_bush":1,"minecraft:jungle_sapling":2,"minecraft:stick":7,"minecraft:raw_iron":1,"psg:raw_potassium":3,"projectvibrantjourneys:bark_mushroom":1,"minecraft:porkchop":4,"farmersdelight:tomato_seeds":2,"create:crimsite":1,"minecraft:decorated_pot":1,"create:ochrum":1,"k_turrets:raw_titanium":1,"minecraft:granite":28,"alexsmobs:maggot":1,"minecraft:coal":34,"minecraft:snowball":7,"minecraft:cobblestone":39}},"DataVersion":3465}