{"stats":{"minecraft:mined":{"farmersdelight:wild_beetroots":1,"minecraft:acacia_leaves":2,"minecraft:spruce_planks":5,"projectvibrantjourneys:sea_oats":1,"ecologics:seashell":1,"minecraft:spruce_log":3,"minecraft:crafting_table":1,"minecraft:grass_block":1,"minecraft:oak_log":9,"minecraft:dirt":2,"minecraft:tall_grass":1,"minecraft:cobblestone":2,"ecologics:coconut_log":8,"minecraft:stone":59,"minecraft:oak_planks":2,"minecraft:moss_block":1,"minecraft:oak_leaves":9},"minecraft:broken":{"minecraft:wooden_pickaxe":1},"minecraft:killed_by":{"hordes:zombie_player":1,"minecraft:zombie":1},"minecraft:custom":{"minecraft:time_since_rest":11620,"minecraft:sprint_one_cm":12325,"minecraft:damage_taken":968,"minecraft:walk_one_cm":92515,"minecraft:drop":6,"minecraft:damage_dealt":145,"minecraft:interact_with_crafting_table":4,"minecraft:fly_one_cm":15085,"minecraft:crouch_one_cm":799,"minecraft:play_time":35093,"minecraft:deaths":2,"minecraft:sneak_time":155,"minecraft:walk_under_water_one_cm":2236,"minecraft:jump":199,"minecraft:leave_game":2,"minecraft:time_since_death":11465,"minecraft:walk_on_water_one_cm":1228,"minecraft:total_world_time":35093,"minecraft:fall_one_cm":3631},"minecraft:used":{"minecraft:stone_sword":4,"minecraft:bread":5,"minecraft:stone_pickaxe":2,"minecraft:spruce_planks":4,"minecraft:wooden_pickaxe":59,"minecraft:stone_axe":11,"ecologics:coconut_slice":3,"minecraft:dirt":3,"minecraft:cobblestone":2,"minecraft:crafting_table":1,"minecraft:oak_sapling":1,"ecologics:seashell":1,"alexsmobs:animal_dictionary":1},"minecraft:crafted":{"minecraft:oak_planks":36,"minecraft:crafting_table":1,"ecologics:coconut_planks":32,"minecraft:stick":16,"minecraft:wooden_pickaxe":1,"minecraft:stone_pickaxe":1,"minecraft:stone_sword":1,"minecraft:stone_axe":1},"minecraft:dropped":{"minecraft:beetroot_seeds":1,"minecraft:wooden_sword":3,"ecologics:crab_claw":1,"projectvibrantjourneys:sea_oats":1},"minecraft:picked_up":{"minecraft:crafting_table":1,"ecologics:coconut_slice":4,"ecologics:seashell":1,"minecraft:oak_log":9,"minecraft:spruce_log":3,"projectvibrantjourneys:sea_oats":1,"minecraft:dirt":3,"minecraft:wooden_sword":3,"minecraft:beetroot_seeds":1,"minecraft:spruce_planks":4,"ecologics:coconut_log":8,"minecraft:oak_sapling":1,"minecraft:moss_block":1,"minecraft:oak_planks":2,"ecologics:crab_claw":1,"minecraft:cobblestone":61}},"DataVersion":3465}