{"stats":{"minecraft:killed":{"minecraft:spider":1,"minecraft:chicken":1,"minecraft:zombie_villager":1,"minecraft:sheep":3,"minecraft:zombie":6,"alexsmobs:fly":1,"minecraft:cow":1,"minecraft:phantom":1,"minecraft:drowned":1},"minecraft:custom":{"minecraft:animals_bred":3,"minecraft:interact_with_crafting_table":45,"minecraft:open_barrel":15,"minecraft:leave_game":5,"minecraft:time_since_death":45384,"minecraft:sprint_one_cm":187689,"minecraft:drop":181,"minecraft:play_time":434772,"minecraft:deaths":23,"minecraft:jump":2456,"minecraft:walk_on_water_one_cm":15901,"minecraft:interact_with_furnace":46,"minecraft:damage_dealt":5249,"minecraft:crouch_one_cm":7237,"minecraft:interact_with_smoker":2,"minecraft:mob_kills":16,"minecraft:interact_with_anvil":1,"minecraft:damage_dealt_resisted":158,"minecraft:climb_one_cm":8544,"minecraft:walk_one_cm":1451415,"minecraft:sneak_time":3730,"minecraft:walk_under_water_one_cm":9844,"minecraft:interact_with_blast_furnace":4,"minecraft:total_world_time":434772,"minecraft:interact_with_stonecutter":3,"minecraft:time_since_rest":45424,"minecraft:damage_taken":9090,"minecraft:swim_one_cm":4772,"minecraft:fly_one_cm":117878,"minecraft:open_chest":191,"minecraft:fall_one_cm":28864},"minecraft:crafted":{"minecraft:brick":24,"minecraft:oak_planks":36,"minecraft:stone":3,"automobility:auto_mechanic_table":2,"minecraft:cooked_mutton":3,"minecraft:chest":2,"minecraft:bricks":4,"minecraft:stone_hoe":1,"farmersdelight:stove":1,"minecraft:wooden_shovel":1,"minecraft:crafting_table":1,"minecraft:wooden_pickaxe":1,"farmersdelight:flint_knife":2,"create:cut_calcite_bricks":8,"minecraft:copper_ingot":6,"minecraft:campfire":1,"farmersdelight:skillet":1,"farmersdelight:beef_patty":3,"pointblank:gunmetal_nugget":72,"farmersdelight:cutting_board":1,"minecraft:stick":48,"minecraft:iron_ingot":14,"minecraft:iron_pickaxe":1,"minecraft:stone_sword":2,"ecologics:coconut_planks":32,"minecraft:furnace":1,"minecraft:stone_pickaxe":10,"pointblank:gunmetal_ingot":8,"farmersdelight:cooking_pot":1,"minecraft:stone_axe":2,"minecraft:stonecutter":1},"minecraft:dropped":{"minecraft:rooted_dirt":1,"minecraft:sheaf_pottery_sherd":2,"farmersdelight:beef_patty":7,"minecraft:red_mushroom":3,"minecraft:dirt":8,"create:cut_calcite_bricks":8,"minecraft:wooden_sword":3,"minecraft:amethyst_shard":4,"minecraft:bone":1,"minecraft:gravel":1,"minecraft:blackstone":3,"minecraft:cobbled_deepslate":27,"projectvibrantjourneys:twigs":1,"minecraft:wheat":4,"minecraft:rotten_flesh":12,"psg:raw_potassium":6,"projectvibrantjourneys:sea_oats":1,"minecraft:carrot":5,"psg:sulphur":37,"farmersdelight:cooked_chicken_cuts":2,"minecraft:beetroot_seeds":2,"minecraft:snort_pottery_sherd":1,"minecraft:stripped_spruce_log":7,"minecraft:wheat_seeds":51,"minecraft:shelter_pottery_sherd":1,"minecraft:cobblestone":1111,"minecraft:amethyst_block":26,"minecraft:granite":42,"ecologics:crab_claw":1,"minecraft:stick":1,"tacz:modern_kinetic_gun":1,"minecraft:angler_pottery_sherd":1,"minecraft:smooth_basalt":12,"farmersdelight:rotten_tomato":4,"alexsmobs:maggot":2,"minecraft:coarse_dirt":2,"minecraft:stone_sword":4,"minecraft:diamond_sword":2,"farmersdelight:minced_beef":1,"minecraft:spruce_log":3,"minecraft:stone_pickaxe":4,"minecraft:calcite":274,"farmersdelight:tomato":10},"minecraft:mined":{"minecraft:spruce_planks":5,"minecraft:granite":31,"minecraft:budding_amethyst":1,"minecraft:grass_block":5,"automobility:auto_mechanic_table":1,"minecraft:iron_ore":19,"minecraft:fire":2,"minecraft:moss_carpet":1,"create:limestone":1,"minecraft:tripwire":1,"projectvibrantjourneys:cattail":1,"projectvibrantjourneys:sea_oats":2,"minecraft:blackstone":33,"minecraft:amethyst_cluster":1,"minecraft:clay":4,"minecraft:torch":1,"projectvibrantjourneys:twigs":2,"minecraft:calcite":251,"minecraft:chest":1,"minecraft:dead_bush":1,"minecraft:mushroom_stem":4,"projectvibrantjourneys:natural_cobweb":3,"minecraft:glass":2,"minecraft:cobblestone":109,"projectvibrantjourneys:fallen_leaves":1,"minecraft:oak_planks":2,"minecraft:amethyst_block":9,"minecraft:white_terracotta":1,"ecologics:seashell":1,"farmersdelight:cutting_board":1,"minecraft:wheat":15,"minecraft:grass":139,"minecraft:oak_log":12,"projectvibrantjourneys:short_grass":54,"minecraft:sand":1,"minecraft:dirt":13,"minecraft:smooth_basalt":13,"minecraft:red_mushroom_block":5,"minecraft:oak_leaves":22,"minecraft:deepslate":31,"minecraft:red_carpet":2,"minecraft:tuff":33,"farmersdelight:onions":35,"farmersdelight:wild_carrots":12,"projectvibrantjourneys:rocks":1,"psg:sulphur_ore":9,"minecraft:decorated_pot":2,"farmersdelight:tomatoes":1,"ecologics:coconut_log":8,"minecraft:moss_block":3,"minecraft:large_fern":1,"minecraft:oak_trapdoor":1,"minecraft:furnace":2,"projectvibrantjourneys:beach_grass":1,"minecraft:deepslate_iron_ore":25,"minecraft:vine":1,"minecraft:lantern":1,"projectvibrantjourneys:seashells":1,"minecraft:stone":845,"farmersdelight:cooking_pot":1,"minecraft:acacia_leaves":2,"psg:potassium_ore":1,"minecraft:oak_fence":2,"minecraft:crafting_table":2,"minecraft:tall_grass":51,"minecraft:copper_ore":15,"farmersdelight:wild_beetroots":2,"minecraft:coarse_dirt":2,"minecraft:spruce_log":3,"k_turrets:titanium_ore":9,"minecraft:coal_ore":93,"minecraft:gravel":5,"farmersdelight:stove":1,"minecraft:cracked_stone_bricks":1,"minecraft:stone_bricks":7,"minecraft:mossy_stone_bricks":1,"minecraft:fern":7},"minecraft:picked_up":{"minecraft:iron_chestplate":6,"minecraft:wheat":20,"create:polished_cut_calcite_slab":1,"minecraft:diamond_sword":4,"minecraft:stone_brick_stairs":6,"minecraft:amethyst_block":30,"farmersdelight:cutting_board":2,"minecraft:string":22,"minecraft:raw_copper":133,"create:limestone":1,"minecraft:iron_leggings":2,"minecraft:cobbled_deepslate":44,"max_armory:iron_hammer":1,"minecraft:spruce_planks":5,"minecraft:calcite":304,"minecraft:iron_pickaxe":5,"minecraft:iron_boots":8,"ecologics:crab_claw":1,"minecraft:furnace":15,"minecraft:stick":50,"minecraft:sheaf_pottery_sherd":2,"farmersdelight:rotten_tomato":7,"minecraft:oak_fence":6,"minecraft:torch":8,"psg:sulphur":76,"farmersdelight:chicken_cuts":2,"minecraft:stone_sword":14,"farmersdelight:fried_egg":1,"minecraft:rotten_flesh":36,"farmersdelight:wild_cabbages":1,"farmersdelight:onion":166,"ecologics:coconut_log":8,"projectvibrantjourneys:cattail":1,"minecraft:white_terracotta":1,"minecraft:cobblestone":2181,"minecraft:feather":1,"minecraft:water_bucket":1,"projectvibrantjourneys:fallen_leaves":4,"minecraft:brown_wool":5,"minecraft:flint":4,"minecraft:tuff":76,"create:raw_zinc":14,"farmersdelight:tomato":266,"minecraft:dirt":24,"minecraft:lantern":3,"farmersdelight:mutton_chops":16,"minecraft:bone":7,"minecraft:acacia_planks":42,"minecraft:wheat_seeds":75,"minecraft:raw_gold":3,"minecraft:mossy_stone_bricks":2,"minecraft:moss_block":9,"minecraft:oak_planks":55,"psg:raw_potassium":7,"minecraft:sand":11,"ecologics:coconut_husk":8,"minecraft:stripped_spruce_log":7,"projectvibrantjourneys:beach_grass":1,"farmersdelight:cooked_mutton_chops":16,"minecraft:angler_pottery_sherd":3,"minecraft:granite":51,"minecraft:bone_meal":2,"minecraft:spruce_sign":1,"alexsmobs:maggot":4,"minecraft:rooted_dirt":1,"minecraft:oak_sapling":13,"minecraft:diamond_pickaxe":1,"minecraft:crafting_table":4,"minecraft:shelter_pottery_sherd":1,"minecraft:coarse_dirt":4,"minecraft:chicken":3,"minecraft:clay_ball":24,"minecraft:brown_mushroom":3,"ecologics:seashell":1,"minecraft:oak_trapdoor":6,"minecraft:moss_carpet":1,"minecraft:iron_axe":1,"minecraft:wooden_sword":3,"minecraft:blackstone":111,"minecraft:cracked_stone_bricks":3,"farmersdelight:beef_patty":18,"minecraft:beef":11,"minecraft:sugar_cane":16,"minecraft:chest":1,"minecraft:phantom_membrane":2,"minecraft:egg":1,"minecraft:raw_iron":48,"minecraft:stone":6,"ecologics:coconut_slice":4,"farmersdelight:minced_beef":22,"minecraft:copper_ingot":10,"pointblank:gunmetal_nugget":44,"farmersdelight:tomato_seeds":3,"minecraft:carrot":22,"minecraft:diamond_chestplate":2,"minecraft:arrow":12,"minecraft:beetroot_seeds":2,"farmersdelight:cooked_chicken_cuts":2,"minecraft:decorated_pot":1,"k_turrets:raw_titanium":9,"create:cut_calcite_bricks":64,"minecraft:mutton":13,"minecraft:white_wool":7,"minecraft:leather":4,"minecraft:red_mushroom":4,"minecraft:oak_log":12,"minecraft:gunpowder":4,"projectvibrantjourneys:sea_oats":2,"minecraft:red_carpet":4,"minecraft:stone_bricks":10,"farmersdelight:cooking_pot":1,"automobility:auto_mechanic_table":1,"minecraft:stone_pickaxe":16,"minecraft:iron_ingot":8,"minecraft:iron_sword":2,"minecraft:smooth_basalt":14,"minecraft:gravel":2,"minecraft:amethyst_shard":4,"minecraft:spruce_log":12,"minecraft:spider_eye":1,"minecraft:snort_pottery_sherd":1,"minecraft:stone_axe":7,"tacz:modern_kinetic_gun":1,"minecraft:iron_helmet":8,"projectvibrantjourneys:twigs":1,"farmersdelight:stove":2,"minecraft:coal":151},"minecraft:killed_by":{"minecraft:drowned":1,"zombie_more:crawler_zombie":2,"minecraft:zombie":4,"minecraft:player":1,"minecraft:enderman":1,"hordes:zombie_player":5,"minecraft:skeleton":4,"zombie_more:cursed_zombie":1,"minecraft:phantom":1,"k_turrets:bullet_turret":1},"minecraft:used":{"minecraft:iron_shovel":5,"farmersdelight:stove":3,"minecraft:decorated_pot":1,"minecraft:chest":3,"minecraft:white_terracotta":1,"minecraft:iron_chestplate":4,"minecraft:carrot":11,"minecraft:tuff":1,"minecraft:glass":2,"farmersdelight:tomato":182,"minecraft:lantern":2,"minecraft:iron_helmet":4,"minecraft:stone_brick_stairs":3,"minecraft:stone_bricks":2,"farmersdelight:cutting_board":3,"minecraft:furnace":3,"minecraft:oak_sapling":2,"max_armory:iron_hammer":1,"minecraft:stone_pickaxe":843,"minecraft:wooden_pickaxe":59,"projectvibrantjourneys:beach_grass":1,"automobility:auto_mechanic_table":2,"minecraft:bread":5,"ecologics:coconut_slice":3,"minecraft:diamond_sword":37,"minecraft:coarse_dirt":2,"create:limestone":1,"minecraft:stone_sword":72,"minecraft:spruce_planks":4,"minecraft:stone_hoe":18,"minecraft:torch":3,"minecraft:dirt":12,"farmersdelight:flint_knife":1,"ecologics:seashell":1,"minecraft:granite":1,"farmersdelight:beef_patty":3,"alexsmobs:maggot":2,"minecraft:iron_axe":3,"minecraft:iron_boots":4,"minecraft:diamond_chestplate":1,"projectvibrantjourneys:cattail":1,"farmersdelight:cooking_pot":2,"farmersdelight:tomato_seeds":2,"farmersdelight:fried_egg":1,"minecraft:wheat_seeds":16,"minecraft:cooked_mutton":3,"minecraft:water_bucket":5,"minecraft:amethyst_block":4,"minecraft:stonecutter":1,"projectvibrantjourneys:sea_oats":1,"farmersdelight:onion":60,"create:cut_calcite_bricks":64,"minecraft:crafting_table":3,"minecraft:diamond_pickaxe":303,"minecraft:iron_pickaxe":363,"minecraft:stone_axe":33,"create:polished_cut_calcite_slab":1,"minecraft:cobblestone":237,"minecraft:bucket":5,"alexsmobs:animal_dictionary":1},"minecraft:broken":{"minecraft:stone_pickaxe":5,"minecraft:wooden_pickaxe":1,"minecraft:iron_pickaxe":2}},"DataVersion":3465}