{"stats":{"minecraft:killed":{"minecraft:spider":1,"minecraft:sheep":3,"minecraft:zombie":2,"minecraft:cow":1},"minecraft:mined":{"minecraft:red_carpet":2,"minecraft:spruce_planks":5,"farmersdelight:wild_carrots":12,"projectvibrantjourneys:rocks":1,"psg:sulphur_ore":1,"minecraft:grass_block":4,"ecologics:coconut_log":8,"minecraft:moss_block":3,"automobility:auto_mechanic_table":1,"minecraft:large_fern":1,"minecraft:oak_trapdoor":1,"minecraft:furnace":1,"minecraft:iron_ore":4,"minecraft:fire":1,"projectvibrantjourneys:beach_grass":1,"minecraft:vine":1,"projectvibrantjourneys:seashells":1,"minecraft:stone":75,"minecraft:tripwire":1,"projectvibrantjourneys:cattail":1,"minecraft:acacia_leaves":2,"projectvibrantjourneys:sea_oats":2,"minecraft:oak_fence":2,"minecraft:crafting_table":2,"projectvibrantjourneys:twigs":2,"minecraft:dead_bush":1,"projectvibrantjourneys:natural_cobweb":3,"minecraft:copper_ore":13,"minecraft:tall_grass":50,"minecraft:cobblestone":2,"projectvibrantjourneys:fallen_leaves":1,"minecraft:oak_planks":2,"farmersdelight:wild_beetroots":2,"minecraft:white_terracotta":1,"minecraft:coarse_dirt":2,"ecologics:seashell":1,"minecraft:wheat":7,"minecraft:spruce_log":3,"k_turrets:titanium_ore":2,"minecraft:grass":137,"minecraft:coal_ore":33,"minecraft:oak_log":9,"projectvibrantjourneys:short_grass":52,"minecraft:dirt":6,"minecraft:stone_bricks":1,"minecraft:oak_leaves":16,"minecraft:fern":7},"minecraft:broken":{"minecraft:wooden_pickaxe":1},"minecraft:killed_by":{"minecraft:player":1,"hordes:zombie_player":1,"minecraft:drowned":1,"minecraft:skeleton":1,"minecraft:phantom":1,"minecraft:zombie":2},"minecraft:custom":{"minecraft:mob_kills":7,"minecraft:animals_bred":2,"minecraft:interact_with_crafting_table":14,"minecraft:damage_dealt_resisted":80,"minecraft:leave_game":2,"minecraft:time_since_death":28528,"minecraft:climb_one_cm":5836,"minecraft:sprint_one_cm":59583,"minecraft:walk_one_cm":683185,"minecraft:drop":82,"minecraft:play_time":167093,"minecraft:deaths":8,"minecraft:sneak_time":1537,"minecraft:walk_under_water_one_cm":4568,"minecraft:jump":1050,"minecraft:walk_on_water_one_cm":9003,"minecraft:total_world_time":167093,"minecraft:interact_with_furnace":19,"minecraft:time_since_rest":28557,"minecraft:damage_taken":3738,"minecraft:damage_dealt":1584,"minecraft:swim_one_cm":4490,"minecraft:fly_one_cm":51258,"minecraft:open_chest":31,"minecraft:crouch_one_cm":4637,"minecraft:fall_one_cm":11487},"minecraft:used":{"minecraft:stone_sword":47,"minecraft:spruce_planks":4,"minecraft:chest":1,"minecraft:white_terracotta":1,"minecraft:iron_chestplate":1,"minecraft:dirt":9,"ecologics:seashell":1,"minecraft:carrot":11,"farmersdelight:beef_patty":2,"farmersdelight:tomato":70,"minecraft:lantern":1,"minecraft:iron_helmet":1,"minecraft:stone_bricks":1,"farmersdelight:cutting_board":1,"minecraft:furnace":2,"minecraft:oak_sapling":1,"projectvibrantjourneys:cattail":1,"minecraft:wheat_seeds":8,"minecraft:cooked_mutton":3,"minecraft:stone_pickaxe":80,"minecraft:wooden_pickaxe":59,"projectvibrantjourneys:sea_oats":1,"minecraft:crafting_table":3,"projectvibrantjourneys:beach_grass":1,"automobility:auto_mechanic_table":2,"minecraft:bread":5,"minecraft:stone_axe":15,"ecologics:coconut_slice":3,"minecraft:cobblestone":9,"alexsmobs:animal_dictionary":1,"minecraft:coarse_dirt":2},"minecraft:crafted":{"minecraft:oak_planks":36,"ecologics:coconut_planks":32,"minecraft:furnace":1,"automobility:auto_mechanic_table":2,"minecraft:cooked_mutton":3,"minecraft:stone_pickaxe":1,"minecraft:chest":1,"minecraft:crafting_table":1,"farmersdelight:flint_knife":1,"minecraft:wooden_pickaxe":1,"minecraft:copper_ingot":6,"minecraft:stone_axe":1,"farmersdelight:beef_patty":3,"farmersdelight:cutting_board":1,"minecraft:stick":16,"minecraft:iron_ingot":3,"minecraft:stone_sword":1},"minecraft:dropped":{"minecraft:stripped_spruce_log":7,"minecraft:wheat_seeds":50,"ecologics:crab_claw":1,"farmersdelight:beef_patty":1,"minecraft:stick":1,"minecraft:wooden_sword":3,"minecraft:bone":1,"farmersdelight:rotten_tomato":2,"minecraft:stone_sword":1,"minecraft:wheat":4,"projectvibrantjourneys:sea_oats":1,"minecraft:carrot":5,"minecraft:beetroot_seeds":2,"farmersdelight:minced_beef":1,"minecraft:spruce_log":3,"minecraft:stone_pickaxe":1},"minecraft:picked_up":{"minecraft:crafting_table":4,"minecraft:coarse_dirt":2,"minecraft:iron_chestplate":3,"minecraft:wheat":11,"ecologics:seashell":1,"minecraft:string":20,"minecraft:oak_trapdoor":3,"minecraft:raw_copper":126,"minecraft:wooden_sword":3,"minecraft:iron_leggings":2,"minecraft:cracked_stone_bricks":2,"minecraft:spruce_planks":5,"minecraft:beef":2,"minecraft:sugar_cane":12,"ecologics:crab_claw":1,"minecraft:phantom_membrane":1,"minecraft:iron_boots":3,"minecraft:furnace":12,"minecraft:stick":41,"minecraft:raw_iron":4,"ecologics:coconut_slice":4,"farmersdelight:rotten_tomato":2,"minecraft:copper_ingot":10,"farmersdelight:minced_beef":4,"minecraft:oak_fence":3,"pointblank:gunmetal_nugget":10,"psg:sulphur":12,"farmersdelight:tomato_seeds":2,"minecraft:carrot":22,"minecraft:stone_sword":6,"minecraft:arrow":10,"minecraft:rotten_flesh":8,"minecraft:beetroot_seeds":2,"farmersdelight:onion":1,"k_turrets:raw_titanium":1,"ecologics:coconut_log":8,"projectvibrantjourneys:cattail":1,"minecraft:white_terracotta":1,"minecraft:mutton":5,"minecraft:white_wool":5,"minecraft:cobblestone":224,"projectvibrantjourneys:fallen_leaves":3,"minecraft:brown_wool":4,"minecraft:leather":1,"minecraft:tuff":3,"minecraft:oak_log":9,"minecraft:gunpowder":1,"projectvibrantjourneys:sea_oats":2,"farmersdelight:tomato":81,"minecraft:dirt":9,"minecraft:lantern":1,"minecraft:red_carpet":2,"minecraft:bone":1,"minecraft:acacia_planks":42,"minecraft:stone_bricks":3,"minecraft:wheat_seeds":57,"automobility:auto_mechanic_table":1,"minecraft:iron_ingot":2,"minecraft:stone_pickaxe":6,"minecraft:mossy_stone_bricks":1,"minecraft:moss_block":7,"minecraft:oak_planks":55,"ecologics:coconut_husk":6,"minecraft:stripped_spruce_log":7,"projectvibrantjourneys:beach_grass":1,"minecraft:spruce_log":12,"minecraft:spider_eye":1,"minecraft:stone_axe":5,"minecraft:iron_helmet":3,"minecraft:oak_sapling":6,"minecraft:coal":69}},"DataVersion":3465}