{"stats":{"minecraft:killed":{"minecraft:spider":1,"minecraft:phantom":1,"minecraft:chicken":1,"minecraft:drowned":1,"minecraft:zombie_villager":1,"minecraft:sheep":3,"minecraft:zombie":6,"alexsmobs:fly":1,"minecraft:cow":1},"minecraft:custom":{"minecraft:interact_with_anvil":1,"minecraft:mob_kills":16,"minecraft:animals_bred":3,"minecraft:interact_with_crafting_table":32,"minecraft:open_barrel":8,"minecraft:damage_dealt_resisted":150,"minecraft:leave_game":5,"minecraft:time_since_death":34923,"minecraft:climb_one_cm":8544,"minecraft:sprint_one_cm":144441,"minecraft:walk_one_cm":1173872,"minecraft:drop":120,"minecraft:play_time":332772,"minecraft:sneak_time":2036,"minecraft:deaths":19,"minecraft:walk_under_water_one_cm":9844,"minecraft:jump":1861,"minecraft:walk_on_water_one_cm":15193,"minecraft:total_world_time":332772,"minecraft:interact_with_furnace":30,"minecraft:time_since_rest":34968,"minecraft:damage_taken":7526,"minecraft:damage_dealt":4909,"minecraft:swim_one_cm":4772,"minecraft:fly_one_cm":96213,"minecraft:open_chest":118,"minecraft:crouch_one_cm":5091,"minecraft:interact_with_smoker":2,"minecraft:fall_one_cm":19331},"minecraft:crafted":{"minecraft:brick":16,"minecraft:oak_planks":36,"ecologics:coconut_planks":32,"minecraft:furnace":1,"automobility:auto_mechanic_table":2,"minecraft:cooked_mutton":3,"minecraft:stone_pickaxe":7,"minecraft:chest":2,"minecraft:bricks":4,"minecraft:stone_hoe":1,"farmersdelight:stove":1,"minecraft:crafting_table":1,"farmersdelight:flint_knife":1,"minecraft:wooden_pickaxe":1,"minecraft:copper_ingot":6,"minecraft:campfire":1,"minecraft:stone_axe":2,"farmersdelight:beef_patty":3,"farmersdelight:cutting_board":1,"minecraft:stick":36,"minecraft:iron_ingot":10,"minecraft:iron_pickaxe":1,"minecraft:stone_sword":2},"minecraft:dropped":{"minecraft:stripped_spruce_log":7,"minecraft:shelter_pottery_sherd":1,"minecraft:wheat_seeds":51,"ecologics:crab_claw":1,"minecraft:sheaf_pottery_sherd":2,"farmersdelight:beef_patty":1,"minecraft:red_mushroom":3,"minecraft:stick":1,"minecraft:wooden_sword":3,"tacz:modern_kinetic_gun":1,"minecraft:angler_pottery_sherd":1,"minecraft:bone":1,"farmersdelight:rotten_tomato":4,"alexsmobs:maggot":2,"minecraft:stone_sword":2,"projectvibrantjourneys:twigs":1,"minecraft:wheat":4,"minecraft:rotten_flesh":10,"minecraft:carrot":5,"projectvibrantjourneys:sea_oats":1,"minecraft:diamond_sword":2,"minecraft:beetroot_seeds":2,"farmersdelight:minced_beef":1,"minecraft:snort_pottery_sherd":1,"minecraft:spruce_log":3,"minecraft:stone_pickaxe":3,"farmersdelight:tomato":10},"minecraft:mined":{"minecraft:tuff":33,"minecraft:red_carpet":2,"minecraft:spruce_planks":5,"farmersdelight:onions":29,"farmersdelight:wild_carrots":12,"projectvibrantjourneys:rocks":1,"psg:sulphur_ore":7,"minecraft:granite":9,"minecraft:grass_block":4,"minecraft:decorated_pot":2,"farmersdelight:tomatoes":1,"ecologics:coconut_log":8,"minecraft:moss_block":3,"automobility:auto_mechanic_table":1,"minecraft:large_fern":1,"minecraft:oak_trapdoor":1,"minecraft:furnace":2,"minecraft:iron_ore":19,"minecraft:fire":2,"minecraft:moss_carpet":1,"projectvibrantjourneys:beach_grass":1,"minecraft:vine":1,"minecraft:deepslate_iron_ore":25,"projectvibrantjourneys:seashells":1,"minecraft:stone":657,"create:limestone":1,"minecraft:tripwire":1,"projectvibrantjourneys:cattail":1,"minecraft:acacia_leaves":2,"projectvibrantjourneys:sea_oats":2,"minecraft:blackstone":31,"psg:potassium_ore":1,"minecraft:clay":4,"minecraft:oak_fence":2,"minecraft:crafting_table":2,"minecraft:torch":1,"projectvibrantjourneys:twigs":2,"minecraft:chest":1,"minecraft:dead_bush":1,"projectvibrantjourneys:natural_cobweb":3,"minecraft:mushroom_stem":4,"minecraft:copper_ore":13,"minecraft:tall_grass":51,"minecraft:glass":2,"minecraft:cobblestone":13,"minecraft:oak_planks":2,"projectvibrantjourneys:fallen_leaves":1,"farmersdelight:wild_beetroots":2,"minecraft:white_terracotta":1,"minecraft:coarse_dirt":2,"ecologics:seashell":1,"minecraft:wheat":15,"minecraft:spruce_log":3,"k_turrets:titanium_ore":6,"minecraft:grass":139,"minecraft:oak_log":12,"minecraft:coal_ore":93,"projectvibrantjourneys:short_grass":54,"minecraft:gravel":1,"minecraft:dirt":6,"minecraft:cracked_stone_bricks":1,"minecraft:red_mushroom_block":5,"minecraft:stone_bricks":7,"minecraft:mossy_stone_bricks":1,"minecraft:oak_leaves":22,"minecraft:deepslate":17,"minecraft:fern":7},"minecraft:picked_up":{"minecraft:iron_chestplate":6,"minecraft:coarse_dirt":2,"minecraft:shelter_pottery_sherd":1,"minecraft:crafting_table":4,"minecraft:wheat":20,"minecraft:chicken":3,"minecraft:clay_ball":24,"minecraft:brown_mushroom":1,"ecologics:seashell":1,"minecraft:diamond_sword":4,"minecraft:oak_trapdoor":6,"minecraft:string":22,"minecraft:moss_carpet":1,"create:limestone":1,"minecraft:raw_copper":126,"minecraft:iron_axe":1,"minecraft:wooden_sword":3,"minecraft:iron_leggings":2,"minecraft:blackstone":108,"minecraft:cracked_stone_bricks":3,"minecraft:cobbled_deepslate":17,"minecraft:spruce_planks":5,"minecraft:beef":2,"minecraft:iron_pickaxe":5,"minecraft:furnace":15,"minecraft:sugar_cane":16,"minecraft:chest":1,"ecologics:crab_claw":1,"minecraft:phantom_membrane":2,"minecraft:iron_boots":8,"minecraft:stick":42,"minecraft:raw_iron":44,"minecraft:sheaf_pottery_sherd":2,"minecraft:stone":6,"ecologics:coconut_slice":4,"farmersdelight:rotten_tomato":7,"minecraft:copper_ingot":10,"farmersdelight:minced_beef":4,"minecraft:oak_fence":6,"minecraft:torch":4,"pointblank:gunmetal_nugget":38,"psg:sulphur":39,"farmersdelight:tomato_seeds":3,"minecraft:carrot":22,"minecraft:stone_sword":11,"minecraft:rotten_flesh":34,"minecraft:arrow":12,"minecraft:diamond_chestplate":2,"minecraft:decorated_pot":1,"minecraft:beetroot_seeds":2,"farmersdelight:onion":123,"k_turrets:raw_titanium":6,"ecologics:coconut_log":8,"projectvibrantjourneys:cattail":1,"minecraft:white_terracotta":1,"minecraft:mutton":5,"minecraft:white_wool":7,"minecraft:cobblestone":1218,"minecraft:feather":1,"projectvibrantjourneys:fallen_leaves":4,"minecraft:brown_wool":5,"minecraft:leather":1,"minecraft:red_mushroom":3,"minecraft:tuff":76,"minecraft:oak_log":12,"minecraft:gunpowder":2,"projectvibrantjourneys:sea_oats":2,"farmersdelight:tomato":261,"minecraft:dirt":9,"minecraft:lantern":1,"minecraft:red_carpet":4,"minecraft:bone":4,"minecraft:acacia_planks":42,"minecraft:stone_bricks":10,"minecraft:wheat_seeds":75,"automobility:auto_mechanic_table":1,"minecraft:iron_ingot":2,"minecraft:stone_pickaxe":13,"minecraft:mossy_stone_bricks":2,"minecraft:moss_block":9,"minecraft:iron_sword":2,"minecraft:oak_planks":55,"psg:raw_potassium":6,"minecraft:gravel":1,"ecologics:coconut_husk":8,"minecraft:stripped_spruce_log":7,"projectvibrantjourneys:beach_grass":1,"minecraft:spruce_log":12,"minecraft:spider_eye":1,"minecraft:snort_pottery_sherd":1,"minecraft:angler_pottery_sherd":3,"minecraft:stone_axe":6,"tacz:modern_kinetic_gun":1,"minecraft:iron_helmet":8,"minecraft:granite":9,"minecraft:spruce_sign":1,"alexsmobs:maggot":4,"minecraft:oak_sapling":13,"projectvibrantjourneys:twigs":1,"farmersdelight:stove":1,"minecraft:coal":151,"minecraft:diamond_pickaxe":1},"minecraft:killed_by":{"minecraft:player":1,"minecraft:enderman":1,"hordes:zombie_player":3,"minecraft:drowned":1,"zombie_more:crawler_zombie":2,"minecraft:skeleton":4,"zombie_more:cursed_zombie":1,"minecraft:phantom":1,"minecraft:zombie":3},"minecraft:used":{"create:limestone":1,"minecraft:stone_sword":66,"minecraft:iron_shovel":5,"minecraft:chest":3,"minecraft:spruce_planks":4,"minecraft:decorated_pot":1,"farmersdelight:stove":2,"minecraft:white_terracotta":1,"minecraft:stone_hoe":18,"minecraft:iron_chestplate":4,"minecraft:torch":3,"minecraft:dirt":9,"farmersdelight:flint_knife":1,"ecologics:seashell":1,"minecraft:carrot":11,"minecraft:tuff":1,"minecraft:granite":1,"farmersdelight:beef_patty":2,"minecraft:glass":2,"alexsmobs:maggot":2,"farmersdelight:tomato":131,"minecraft:lantern":1,"minecraft:iron_axe":3,"minecraft:iron_helmet":4,"minecraft:iron_boots":4,"minecraft:stone_bricks":2,"minecraft:diamond_chestplate":1,"farmersdelight:cutting_board":1,"minecraft:oak_sapling":2,"minecraft:furnace":3,"projectvibrantjourneys:cattail":1,"farmersdelight:tomato_seeds":2,"minecraft:wheat_seeds":16,"minecraft:cooked_mutton":3,"minecraft:stone_pickaxe":483,"minecraft:wooden_pickaxe":59,"farmersdelight:onion":50,"projectvibrantjourneys:sea_oats":1,"minecraft:crafting_table":3,"projectvibrantjourneys:beach_grass":1,"minecraft:diamond_pickaxe":296,"automobility:auto_mechanic_table":2,"minecraft:bread":5,"minecraft:iron_pickaxe":113,"minecraft:stone_axe":32,"ecologics:coconut_slice":3,"minecraft:diamond_sword":37,"minecraft:cobblestone":29,"alexsmobs:animal_dictionary":1,"minecraft:coarse_dirt":2},"minecraft:broken":{"minecraft:wooden_pickaxe":1,"minecraft:stone_pickaxe":2,"minecraft:iron_pickaxe":1}},"DataVersion":3465}