{"stats":{"minecraft:killed":{"minecraft:spider":1,"minecraft:sheep":2,"minecraft:cow":1},"minecraft:mined":{"projectvibrantjourneys:cattail":1,"minecraft:acacia_leaves":2,"minecraft:spruce_planks":5,"projectvibrantjourneys:sea_oats":1,"farmersdelight:wild_carrots":12,"psg:sulphur_ore":1,"minecraft:crafting_table":2,"projectvibrantjourneys:twigs":2,"minecraft:grass_block":4,"projectvibrantjourneys:natural_cobweb":3,"minecraft:cobblestone":2,"minecraft:tall_grass":49,"minecraft:copper_ore":13,"ecologics:coconut_log":8,"projectvibrantjourneys:fallen_leaves":1,"minecraft:moss_block":3,"minecraft:oak_planks":2,"automobility:auto_mechanic_table":1,"minecraft:large_fern":1,"minecraft:white_terracotta":1,"farmersdelight:wild_beetroots":1,"minecraft:coarse_dirt":2,"minecraft:oak_trapdoor":1,"minecraft:furnace":1,"ecologics:seashell":1,"minecraft:wheat":7,"minecraft:fire":1,"minecraft:spruce_log":3,"minecraft:grass":136,"minecraft:oak_log":9,"minecraft:coal_ore":10,"projectvibrantjourneys:short_grass":52,"minecraft:vine":1,"minecraft:dirt":6,"minecraft:stone_bricks":1,"minecraft:stone":69,"minecraft:tripwire":1,"minecraft:oak_leaves":16,"minecraft:fern":7},"minecraft:broken":{"minecraft:wooden_pickaxe":1},"minecraft:killed_by":{"minecraft:skeleton":1,"minecraft:zombie":2,"hordes:zombie_player":1,"minecraft:drowned":1},"minecraft:custom":{"minecraft:interact_with_furnace":17,"minecraft:mob_kills":4,"minecraft:animals_bred":2,"minecraft:interact_with_crafting_table":14,"minecraft:leave_game":2,"minecraft:time_since_death":63754,"minecraft:climb_one_cm":4632,"minecraft:time_since_rest":63793,"minecraft:sprint_one_cm":53199,"minecraft:damage_taken":3034,"minecraft:walk_one_cm":471275,"minecraft:drop":77,"minecraft:damage_dealt":779,"minecraft:swim_one_cm":4490,"minecraft:fly_one_cm":47042,"minecraft:open_chest":21,"minecraft:crouch_one_cm":3214,"minecraft:play_time":131093,"minecraft:deaths":6,"minecraft:sneak_time":909,"minecraft:walk_under_water_one_cm":4568,"minecraft:jump":707,"minecraft:walk_on_water_one_cm":6410,"minecraft:total_world_time":131093,"minecraft:fall_one_cm":9451},"minecraft:used":{"minecraft:wheat_seeds":8,"minecraft:cooked_mutton":3,"minecraft:stone_sword":25,"minecraft:stone_pickaxe":45,"minecraft:chest":1,"minecraft:white_terracotta":1,"minecraft:spruce_planks":4,"minecraft:wooden_pickaxe":59,"minecraft:dirt":9,"minecraft:crafting_table":3,"minecraft:carrot":11,"ecologics:seashell":1,"farmersdelight:beef_patty":2,"farmersdelight:tomato":51,"automobility:auto_mechanic_table":2,"minecraft:lantern":1,"minecraft:bread":5,"minecraft:stone_bricks":1,"minecraft:stone_axe":13,"ecologics:coconut_slice":3,"farmersdelight:cutting_board":1,"minecraft:cobblestone":9,"projectvibrantjourneys:cattail":1,"minecraft:oak_sapling":1,"minecraft:furnace":2,"alexsmobs:animal_dictionary":1,"minecraft:coarse_dirt":2},"minecraft:crafted":{"minecraft:oak_planks":36,"minecraft:crafting_table":1,"ecologics:coconut_planks":32,"farmersdelight:flint_knife":1,"minecraft:wooden_pickaxe":1,"minecraft:furnace":1,"minecraft:copper_ingot":6,"automobility:auto_mechanic_table":2,"minecraft:stone_axe":1,"farmersdelight:beef_patty":3,"minecraft:cooked_mutton":3,"farmersdelight:cutting_board":1,"minecraft:stick":16,"minecraft:chest":1,"minecraft:stone_pickaxe":1,"minecraft:stone_sword":1},"minecraft:dropped":{"farmersdelight:rotten_tomato":1,"minecraft:stripped_spruce_log":7,"minecraft:wheat_seeds":50,"minecraft:wheat":3,"ecologics:crab_claw":1,"minecraft:carrot":5,"projectvibrantjourneys:sea_oats":1,"farmersdelight:beef_patty":1,"minecraft:stick":1,"minecraft:beetroot_seeds":1,"farmersdelight:minced_beef":1,"minecraft:wooden_sword":3,"minecraft:spruce_log":3,"minecraft:stone_pickaxe":1},"minecraft:picked_up":{"minecraft:iron_chestplate":1,"minecraft:coarse_dirt":2,"minecraft:crafting_table":4,"minecraft:wheat":8,"projectvibrantjourneys:fallen_leaves":1,"minecraft:leather":1,"minecraft:brown_wool":4,"ecologics:seashell":1,"minecraft:tuff":3,"minecraft:oak_log":9,"farmersdelight:tomato":51,"minecraft:oak_trapdoor":3,"projectvibrantjourneys:sea_oats":1,"minecraft:string":20,"minecraft:dirt":9,"minecraft:lantern":1,"minecraft:raw_copper":126,"minecraft:wooden_sword":3,"minecraft:iron_leggings":1,"minecraft:acacia_planks":42,"minecraft:stone_bricks":3,"minecraft:cracked_stone_bricks":2,"minecraft:beef":2,"minecraft:wheat_seeds":57,"automobility:auto_mechanic_table":1,"minecraft:iron_ingot":2,"minecraft:stone_pickaxe":4,"minecraft:spruce_planks":5,"minecraft:mossy_stone_bricks":1,"minecraft:sugar_cane":4,"minecraft:moss_block":3,"minecraft:oak_planks":55,"minecraft:phantom_membrane":1,"minecraft:iron_boots":1,"ecologics:crab_claw":1,"minecraft:furnace":8,"minecraft:stick":37,"farmersdelight:rotten_tomato":1,"ecologics:coconut_slice":4,"farmersdelight:minced_beef":4,"minecraft:copper_ingot":10,"pointblank:gunmetal_nugget":10,"psg:sulphur":12,"ecologics:coconut_husk":6,"minecraft:stripped_spruce_log":7,"minecraft:carrot":22,"minecraft:spruce_log":12,"minecraft:spider_eye":1,"minecraft:rotten_flesh":2,"minecraft:arrow":6,"minecraft:stone_sword":3,"minecraft:stone_axe":3,"minecraft:beetroot_seeds":1,"minecraft:iron_helmet":1,"ecologics:coconut_log":8,"projectvibrantjourneys:cattail":1,"minecraft:white_terracotta":1,"minecraft:oak_sapling":6,"minecraft:mutton":3,"minecraft:coal":34,"minecraft:white_wool":4,"minecraft:cobblestone":214}},"DataVersion":3465}