{"stats":{"minecraft:killed":{"minecraft:spider":1,"minecraft:phantom":1,"minecraft:drowned":1,"minecraft:zombie_villager":1,"minecraft:sheep":3,"minecraft:zombie":6,"alexsmobs:fly":1,"minecraft:cow":1},"minecraft:mined":{"minecraft:tuff":33,"minecraft:red_carpet":2,"minecraft:spruce_planks":5,"farmersdelight:onions":26,"farmersdelight:wild_carrots":12,"projectvibrantjourneys:rocks":1,"psg:sulphur_ore":7,"minecraft:granite":8,"minecraft:grass_block":4,"minecraft:decorated_pot":2,"farmersdelight:tomatoes":1,"ecologics:coconut_log":8,"minecraft:moss_block":3,"automobility:auto_mechanic_table":1,"minecraft:large_fern":1,"minecraft:oak_trapdoor":1,"minecraft:furnace":2,"minecraft:iron_ore":7,"minecraft:fire":2,"minecraft:moss_carpet":1,"minecraft:deepslate_iron_ore":25,"projectvibrantjourneys:beach_grass":1,"minecraft:vine":1,"projectvibrantjourneys:seashells":1,"minecraft:stone":220,"minecraft:tripwire":1,"projectvibrantjourneys:cattail":1,"minecraft:acacia_leaves":2,"projectvibrantjourneys:sea_oats":2,"minecraft:blackstone":31,"minecraft:clay":4,"minecraft:oak_fence":2,"minecraft:crafting_table":2,"minecraft:torch":1,"projectvibrantjourneys:twigs":2,"minecraft:chest":1,"minecraft:dead_bush":1,"projectvibrantjourneys:natural_cobweb":3,"minecraft:mushroom_stem":4,"minecraft:glass":2,"minecraft:copper_ore":13,"minecraft:tall_grass":51,"minecraft:cobblestone":8,"projectvibrantjourneys:fallen_leaves":1,"minecraft:oak_planks":2,"farmersdelight:wild_beetroots":2,"minecraft:white_terracotta":1,"minecraft:coarse_dirt":2,"ecologics:seashell":1,"minecraft:wheat":15,"minecraft:spruce_log":3,"k_turrets:titanium_ore":2,"minecraft:grass":139,"minecraft:coal_ore":84,"minecraft:oak_log":12,"projectvibrantjourneys:short_grass":54,"minecraft:gravel":1,"minecraft:dirt":6,"minecraft:cracked_stone_bricks":1,"minecraft:red_mushroom_block":4,"minecraft:stone_bricks":7,"minecraft:mossy_stone_bricks":1,"minecraft:oak_leaves":22,"minecraft:deepslate":17,"minecraft:fern":7},"minecraft:broken":{"minecraft:wooden_pickaxe":1,"minecraft:stone_pickaxe":2},"minecraft:killed_by":{"minecraft:player":1,"minecraft:enderman":1,"hordes:zombie_player":3,"minecraft:drowned":1,"zombie_more:crawler_zombie":2,"zombie_more:cursed_zombie":1,"minecraft:skeleton":2,"minecraft:phantom":1,"minecraft:zombie":3},"minecraft:custom":{"minecraft:interact_with_anvil":1,"minecraft:mob_kills":15,"minecraft:animals_bred":3,"minecraft:interact_with_crafting_table":29,"minecraft:open_barrel":8,"minecraft:damage_dealt_resisted":150,"minecraft:leave_game":2,"minecraft:time_since_death":1785,"minecraft:climb_one_cm":8544,"minecraft:sprint_one_cm":135162,"minecraft:walk_one_cm":1054261,"minecraft:drop":116,"minecraft:play_time":293093,"minecraft:deaths":17,"minecraft:sneak_time":2017,"minecraft:walk_under_water_one_cm":9844,"minecraft:jump":1723,"minecraft:walk_on_water_one_cm":15120,"minecraft:total_world_time":293093,"minecraft:interact_with_furnace":30,"minecraft:time_since_rest":1818,"minecraft:damage_taken":6852,"minecraft:damage_dealt":4879,"minecraft:swim_one_cm":4772,"minecraft:fly_one_cm":92900,"minecraft:open_chest":110,"minecraft:crouch_one_cm":5031,"minecraft:interact_with_smoker":2,"minecraft:fall_one_cm":18313},"minecraft:used":{"minecraft:stone_sword":65,"minecraft:iron_shovel":5,"farmersdelight:stove":2,"minecraft:decorated_pot":1,"minecraft:spruce_planks":4,"minecraft:chest":3,"minecraft:white_terracotta":1,"minecraft:stone_hoe":18,"minecraft:iron_chestplate":4,"minecraft:torch":2,"minecraft:dirt":9,"farmersdelight:flint_knife":1,"ecologics:seashell":1,"minecraft:carrot":11,"minecraft:tuff":1,"farmersdelight:beef_patty":2,"minecraft:glass":2,"alexsmobs:maggot":2,"farmersdelight:tomato":125,"minecraft:lantern":1,"minecraft:iron_axe":3,"minecraft:iron_helmet":4,"minecraft:iron_boots":4,"minecraft:stone_bricks":2,"minecraft:diamond_chestplate":1,"farmersdelight:cutting_board":1,"minecraft:furnace":3,"minecraft:oak_sapling":2,"projectvibrantjourneys:cattail":1,"farmersdelight:tomato_seeds":2,"minecraft:wheat_seeds":16,"minecraft:cooked_mutton":3,"minecraft:stone_pickaxe":420,"minecraft:wooden_pickaxe":59,"projectvibrantjourneys:sea_oats":1,"farmersdelight:onion":47,"minecraft:crafting_table":3,"projectvibrantjourneys:beach_grass":1,"automobility:auto_mechanic_table":2,"minecraft:bread":5,"minecraft:iron_pickaxe":1,"minecraft:stone_axe":32,"ecologics:coconut_slice":3,"minecraft:diamond_sword":37,"minecraft:cobblestone":13,"alexsmobs:animal_dictionary":1,"minecraft:coarse_dirt":2},"minecraft:crafted":{"minecraft:brick":16,"minecraft:oak_planks":36,"ecologics:coconut_planks":32,"minecraft:furnace":1,"automobility:auto_mechanic_table":2,"minecraft:cooked_mutton":3,"minecraft:stone_pickaxe":6,"minecraft:chest":2,"minecraft:bricks":4,"minecraft:stone_hoe":1,"farmersdelight:stove":1,"minecraft:crafting_table":1,"farmersdelight:flint_knife":1,"minecraft:wooden_pickaxe":1,"minecraft:copper_ingot":6,"minecraft:campfire":1,"minecraft:stone_axe":1,"farmersdelight:beef_patty":3,"farmersdelight:cutting_board":1,"minecraft:stick":20,"minecraft:iron_ingot":10,"minecraft:iron_pickaxe":1,"minecraft:stone_sword":1},"minecraft:dropped":{"minecraft:stripped_spruce_log":7,"minecraft:shelter_pottery_sherd":1,"minecraft:wheat_seeds":51,"ecologics:crab_claw":1,"minecraft:sheaf_pottery_sherd":2,"farmersdelight:beef_patty":1,"minecraft:red_mushroom":2,"minecraft:stick":1,"minecraft:wooden_sword":3,"tacz:modern_kinetic_gun":1,"minecraft:angler_pottery_sherd":1,"minecraft:bone":1,"farmersdelight:rotten_tomato":2,"alexsmobs:maggot":2,"minecraft:stone_sword":2,"projectvibrantjourneys:twigs":1,"minecraft:wheat":4,"minecraft:rotten_flesh":10,"projectvibrantjourneys:sea_oats":1,"minecraft:carrot":5,"minecraft:diamond_sword":2,"minecraft:beetroot_seeds":2,"farmersdelight:minced_beef":1,"minecraft:snort_pottery_sherd":1,"minecraft:spruce_log":3,"minecraft:stone_pickaxe":2,"farmersdelight:tomato":10},"minecraft:picked_up":{"minecraft:shelter_pottery_sherd":1,"minecraft:crafting_table":4,"minecraft:coarse_dirt":2,"minecraft:iron_chestplate":6,"minecraft:wheat":20,"minecraft:clay_ball":24,"minecraft:chicken":2,"minecraft:diamond_sword":4,"ecologics:seashell":1,"minecraft:string":22,"minecraft:oak_trapdoor":6,"minecraft:moss_carpet":1,"minecraft:raw_copper":126,"minecraft:iron_axe":1,"minecraft:wooden_sword":3,"minecraft:iron_leggings":2,"minecraft:blackstone":108,"minecraft:cracked_stone_bricks":3,"minecraft:cobbled_deepslate":17,"minecraft:spruce_planks":5,"minecraft:beef":2,"minecraft:iron_pickaxe":3,"minecraft:chest":1,"minecraft:sugar_cane":16,"ecologics:crab_claw":1,"minecraft:phantom_membrane":2,"minecraft:iron_boots":8,"minecraft:furnace":15,"minecraft:stick":42,"minecraft:raw_iron":31,"minecraft:sheaf_pottery_sherd":2,"minecraft:stone":6,"ecologics:coconut_slice":4,"farmersdelight:rotten_tomato":5,"minecraft:copper_ingot":10,"farmersdelight:minced_beef":4,"minecraft:oak_fence":6,"minecraft:torch":2,"pointblank:gunmetal_nugget":38,"psg:sulphur":39,"farmersdelight:tomato_seeds":3,"minecraft:carrot":22,"minecraft:diamond_chestplate":2,"minecraft:stone_sword":11,"minecraft:arrow":12,"minecraft:rotten_flesh":34,"minecraft:decorated_pot":1,"minecraft:beetroot_seeds":2,"farmersdelight:onion":111,"k_turrets:raw_titanium":2,"ecologics:coconut_log":8,"projectvibrantjourneys:cattail":1,"minecraft:white_terracotta":1,"minecraft:mutton":5,"minecraft:white_wool":7,"minecraft:cobblestone":569,"minecraft:feather":1,"projectvibrantjourneys:fallen_leaves":4,"minecraft:brown_wool":5,"minecraft:leather":1,"minecraft:red_mushroom":2,"minecraft:tuff":76,"minecraft:oak_log":12,"minecraft:gunpowder":2,"projectvibrantjourneys:sea_oats":2,"farmersdelight:tomato":204,"minecraft:dirt":9,"minecraft:lantern":1,"minecraft:red_carpet":4,"minecraft:bone":4,"minecraft:acacia_planks":42,"minecraft:stone_bricks":10,"minecraft:wheat_seeds":75,"automobility:auto_mechanic_table":1,"minecraft:iron_ingot":2,"minecraft:stone_pickaxe":12,"minecraft:mossy_stone_bricks":2,"minecraft:moss_block":9,"minecraft:iron_sword":2,"minecraft:oak_planks":55,"psg:raw_potassium":1,"minecraft:gravel":1,"ecologics:coconut_husk":8,"minecraft:stripped_spruce_log":7,"projectvibrantjourneys:beach_grass":1,"minecraft:spruce_log":12,"minecraft:spider_eye":1,"minecraft:snort_pottery_sherd":1,"minecraft:angler_pottery_sherd":3,"minecraft:stone_axe":6,"tacz:modern_kinetic_gun":1,"minecraft:iron_helmet":8,"minecraft:granite":8,"alexsmobs:maggot":4,"minecraft:oak_sapling":13,"projectvibrantjourneys:twigs":1,"farmersdelight:stove":1,"minecraft:coal":145}},"DataVersion":3465}