{"stats":{"minecraft:killed":{"minecraft:phantom":1,"minecraft:zombie_villager":1,"minecraft:sheep":4,"minecraft:zombie":3,"zombie_more:explosive_zombie":1},"minecraft:mined":{"create:zinc_ore":1,"create:deepslate_zinc_ore":1,"minecraft:tuff":2,"minecraft:spruce_planks":2,"minecraft:deepslate_diamond_ore":24,"minecraft:spruce_trapdoor":22,"psg:sulphur_ore":11,"minecraft:cave_vines_plant":8,"minecraft:granite":16,"minecraft:acacia_log":5,"minecraft:grass_block":31,"minecraft:stone_brick_wall":1,"minecraft:moss_block":24,"minecraft:composter":1,"minecraft:red_mushroom":1,"minecraft:rooted_dirt":19,"minecraft:red_stained_glass_pane":5,"minecraft:hay_block":12,"minecraft:spore_blossom":1,"minecraft:magma_block":2,"minecraft:oak_trapdoor":2,"minecraft:furnace":3,"minecraft:iron_ore":79,"minecraft:barrel":1,"minecraft:stripped_spruce_log":7,"minecraft:moss_carpet":2,"minecraft:flowering_azalea_leaves":3,"minecraft:vine":2,"minecraft:cave_vines":11,"minecraft:deepslate_iron_ore":7,"minecraft:spruce_pressure_plate":1,"minecraft:stripped_oak_log":6,"minecraft:packed_ice":10,"minecraft:azalea_leaves":6,"minecraft:stone":296,"projectvibrantjourneys:cattail":4,"minecraft:acacia_leaves":10,"minecraft:flowering_azalea":1,"minecraft:red_bed":1,"minecraft:blackstone":45,"psg:potassium_ore":5,"minecraft:smoker":2,"minecraft:basalt":1,"minecraft:spruce_door":1,"minecraft:crafting_table":7,"projectvibrantjourneys:twigs":2,"minecraft:chest":4,"minecraft:dead_bush":2,"minecraft:andesite_wall":1,"minecraft:copper_ore":11,"minecraft:tall_grass":7,"minecraft:cobblestone":7,"minecraft:deepslate_coal_ore":1,"farmersdelight:wild_tomatoes":20,"minecraft:lapis_ore":4,"projectvibrantjourneys:fallen_leaves":1,"minecraft:oak_planks":13,"minecraft:spruce_stairs":7,"minecraft:coarse_dirt":11,"minecraft:beehive":1,"minecraft:birch_log":4,"minecraft:lilac":1,"minecraft:grass":4,"minecraft:oak_log":23,"minecraft:coal_ore":175,"projectvibrantjourneys:short_grass":9,"minecraft:gravel":9,"minecraft:sand":3,"minecraft:dirt":69,"minecraft:smooth_basalt":1,"minecraft:stone_bricks":2,"minecraft:small_dripleaf":1,"minecraft:oak_leaves":22,"minecraft:deepslate":137,"minecraft:fern":1},"minecraft:broken":{"minecraft:wooden_hoe":1},"minecraft:killed_by":{"minecraft:player":1,"minecraft:creeper":1,"mutantmonsters:mutant_skeleton":3,"minecraft:skeleton":1,"minecraft:zombie":1},"minecraft:custom":{"minecraft:mob_kills":10,"minecraft:interact_with_crafting_table":55,"minecraft:open_barrel":18,"minecraft:damage_dealt_resisted":78,"minecraft:eat_cake_slice":3,"minecraft:leave_game":3,"minecraft:time_since_death":3121,"minecraft:climb_one_cm":6613,"minecraft:sprint_one_cm":377554,"minecraft:walk_one_cm":424526,"minecraft:drop":11,"minecraft:talked_to_villager":1,"minecraft:play_time":148970,"minecraft:sneak_time":1710,"minecraft:deaths":8,"minecraft:walk_under_water_one_cm":7980,"minecraft:boat_one_cm":75195,"minecraft:jump":1268,"minecraft:interact_with_blast_furnace":8,"minecraft:walk_on_water_one_cm":11157,"minecraft:total_world_time":148970,"minecraft:interact_with_furnace":46,"minecraft:sleep_in_bed":6,"minecraft:time_since_rest":3154,"minecraft:damage_taken":2231,"minecraft:damage_dealt":834,"minecraft:swim_one_cm":4489,"minecraft:fly_one_cm":138257,"minecraft:open_chest":66,"minecraft:crouch_one_cm":3829,"minecraft:interact_with_smoker":1,"minecraft:fall_one_cm":20488},"minecraft:used":{"minecraft:oak_trapdoor":2,"minecraft:stone_shovel":114,"minecraft:diamond_hoe":30,"minecraft:chest":4,"minecraft:rotten_flesh":4,"minecraft:dirt":93,"farmersdelight:tomato":13,"minecraft:rooted_dirt":14,"minecraft:barrel":1,"minecraft:stone_bricks":2,"minecraft:bow":13,"minecraft:furnace":3,"comforts:sleeping_bag_white":1,"farmersdelight:tomato_seeds":20,"minecraft:acacia_planks":1,"minecraft:water_bucket":2,"minecraft:stone_pickaxe":353,"minecraft:wooden_pickaxe":10,"minecraft:birch_boat":2,"marbledsarsenal:swat_armor_boots":1,"minecraft:diamond_axe":8,"minecraft:glow_berries":4,"minecraft:red_bed":1,"minecraft:crafting_table":11,"minecraft:smoker":2,"minecraft:wooden_hoe":97,"minecraft:diamond_pickaxe":289,"minecraft:bread":6,"minecraft:iron_pickaxe":236,"marbledsarsenal:machete":7,"minecraft:stone_axe":117,"minecraft:wooden_sword":14,"minecraft:cobblestone":74,"minecraft:bucket":2},"minecraft:crafted":{"marbledsarsenal:swat_armor_leggings":1,"minecraft:oak_planks":76,"minecraft:stone_shovel":1,"marbledsarsenal:swat_armor_chestplate":1,"minecraft:diamond_hoe":1,"comforts:sleeping_bag_white":1,"minecraft:birch_boat":1,"minecraft:furnace":2,"marbledsarsenal:swat_armor_boots":1,"marbledsarsenal:machete":1,"minecraft:stone_pickaxe":3,"marbledsapi:steel_ingot":27,"minecraft:wheat":108,"marbledsapi:steel_sheet":8,"minecraft:diamond_axe":1,"minecraft:crafting_table":6,"minecraft:spruce_planks":36,"minecraft:wooden_pickaxe":2,"minecraft:bucket":1,"minecraft:birch_planks":12,"minecraft:stone_axe":2,"marbledsarsenal:swat_armor_helmet":1,"minecraft:bread":36,"minecraft:air":0,"minecraft:blue_dye":27,"marbledsapi:raw_steel":27,"minecraft:wooden_hoe":2,"minecraft:diamond_pickaxe":1,"minecraft:shield":1,"minecraft:stick":44,"minecraft:iron_ingot":80,"minecraft:iron_pickaxe":1,"minecraft:acacia_planks":16},"minecraft:dropped":{"minecraft:cobblestone":16,"minecraft:coal":18,"minecraft:stick":10,"minecraft:flint":1,"minecraft:stone_axe":1,"psg:raw_potassium":11,"minecraft:spruce_pressure_plate":2,"minecraft:stone_pickaxe":3},"minecraft:picked_up":{"minecraft:crafting_table":8,"minecraft:cocoa_beans":1,"minecraft:coarse_dirt":19,"minecraft:chicken":6,"minecraft:wooden_pickaxe":4,"minecraft:stone_brick_wall":1,"minecraft:potion":1,"minecraft:oak_trapdoor":2,"minecraft:string":2,"minecraft:red_bed":1,"minecraft:moss_carpet":5,"minecraft:raw_copper":38,"minecraft:acacia_door":2,"minecraft:blackstone":45,"minecraft:cobbled_deepslate":137,"minecraft:bucket":1,"minecraft:spruce_planks":28,"minecraft:chest":4,"minecraft:furnace":3,"minecraft:spruce_trapdoor":25,"minecraft:spruce_pressure_plate":3,"minecraft:beehive":1,"minecraft:stick":7,"minecraft:raw_iron":88,"minecraft:oak_door":1,"minecraft:composter":1,"projectvibrantjourneys:bark_mushroom":1,"minecraft:torch":3,"minecraft:bowl":6,"minecraft:acacia_log":5,"minecraft:spruce_stairs":6,"pointblank:gunmetal_nugget":6,"psg:sulphur":67,"farmersdelight:tomato_seeds":44,"minecraft:andesite_wall":1,"minecraft:arrow":88,"minecraft:rotten_flesh":23,"minecraft:stone_shovel":1,"minecraft:hay_block":12,"projectvibrantjourneys:cattail":1,"minecraft:glow_berries":4,"minecraft:mutton":6,"minecraft:cod":1,"minecraft:cobblestone":326,"minecraft:white_wool":4,"minecraft:stripped_oak_log":6,"minecraft:birch_log":3,"minecraft:basalt":1,"minecraft:feather":9,"minecraft:lilac":4,"minecraft:salmon":7,"projectvibrantjourneys:fallen_leaves":1,"minecraft:smoker":4,"minecraft:red_mushroom":1,"minecraft:flint":1,"minecraft:oak_log":23,"minecraft:tuff":2,"create:raw_zinc":2,"minecraft:lapis_lazuli":27,"minecraft:wooden_hoe":1,"farmersdelight:tomato":25,"minecraft:dirt":124,"minecraft:acacia_planks":9,"minecraft:apple":2,"minecraft:stone_bricks":2,"minecraft:bow":5,"minecraft:wheat_seeds":10,"alexsmobs:cockroach_wing_fragment":1,"minecraft:spore_blossom":2,"minecraft:stone_pickaxe":7,"minecraft:moss_block":46,"minecraft:acacia_sapling":4,"minecraft:oak_planks":68,"minecraft:flowering_azalea":4,"minecraft:black_candle":1,"minecraft:light_gray_stained_glass":3,"minecraft:birch_boat":2,"psg:raw_potassium":11,"minecraft:gravel":8,"minecraft:sand":3,"minecraft:stripped_spruce_log":9,"minecraft:ink_sac":4,"minecraft:spruce_door":4,"minecraft:barrel":1,"minecraft:sugar":3,"minecraft:diamond":24,"minecraft:stone_axe":4,"minecraft:granite":16,"minecraft:bread":32,"alexsmobs:maggot":1,"minecraft:rooted_dirt":21,"minecraft:oak_sapling":14,"minecraft:coal":218}},"DataVersion":3465}