{"stats":{"minecraft:custom":{"minecraft:animals_bred":9,"minecraft:interact_with_crafting_table":88,"minecraft:open_barrel":25,"minecraft:eat_cake_slice":3,"minecraft:leave_game":7,"minecraft:time_since_death":18036,"minecraft:sprint_one_cm":1259394,"minecraft:damage_blocked_by_shield":3184,"minecraft:drop":118,"minecraft:talked_to_villager":2,"minecraft:play_time":454737,"minecraft:deaths":34,"minecraft:jump":4379,"minecraft:walk_on_water_one_cm":37503,"minecraft:interact_with_furnace":104,"minecraft:sleep_in_bed":6,"minecraft:damage_dealt":13242,"minecraft:player_kills":3,"minecraft:crouch_one_cm":27661,"minecraft:interact_with_smoker":5,"minecraft:interact_with_anvil":1,"minecraft:mob_kills":51,"minecraft:damage_dealt_resisted":656,"minecraft:climb_one_cm":10545,"minecraft:walk_one_cm":1459412,"minecraft:sneak_time":11475,"minecraft:walk_under_water_one_cm":28557,"minecraft:boat_one_cm":75195,"minecraft:interact_with_blast_furnace":11,"minecraft:total_world_time":454737,"minecraft:time_since_rest":18147,"minecraft:damage_absorbed":41,"minecraft:damage_taken":9765,"minecraft:swim_one_cm":21757,"minecraft:fly_one_cm":529829,"minecraft:open_chest":260,"minecraft:fall_one_cm":61464},"minecraft:killed":{"zombie_more:cursed_zombie":1,"minecraft:skeleton":1,"minecraft:zombie_villager":1,"minecraft:iron_golem":1,"minecraft:sheep":4,"minecraft:zombie":16,"zombie_more:explosive_zombie":1,"alexsmobs:terrapin":1,"minecraft:cow":6,"hordes:zombie_player":11,"minecraft:phantom":5,"minecraft:drowned":1,"zombie_more:crawler_zombie":2},"minecraft:crafted":{"minecraft:oak_planks":104,"marbledsarsenal:swat_armor_chestplate":1,"minecraft:birch_boat":1,"minecraft:diamond_shovel":1,"max_armory:diamond_long_sword":2,"marbledsarsenal:machete":1,"psg:potassium":1,"minecraft:chest":4,"marbledsapi:steel_ingot":27,"farmersdelight:tomato_seeds":90,"minecraft:diamond_axe":1,"minecraft:crafting_table":8,"minecraft:spruce_planks":36,"minecraft:wooden_pickaxe":2,"minecraft:copper_ingot":38,"minecraft:birch_planks":12,"marbledsarsenal:swat_armor_helmet":1,"marbledsapi:raw_steel":27,"minecraft:wooden_hoe":2,"minecraft:diamond_pickaxe":3,"minecraft:shield":2,"farmersdelight:barbecue_stick":9,"minecraft:stick":80,"minecraft:iron_ingot":110,"minecraft:iron_pickaxe":2,"marbledsarsenal:swat_armor_leggings":1,"minecraft:stone_shovel":1,"minecraft:diamond_hoe":1,"comforts:sleeping_bag_white":1,"minecraft:furnace":10,"minecraft:bone_meal":192,"marbledsarsenal:swat_armor_boots":1,"minecraft:iron_hoe":1,"minecraft:stone_pickaxe":5,"minecraft:wheat":108,"minecraft:cooked_beef":9,"marbledsapi:steel_sheet":8,"max_armory:handle":2,"minecraft:bucket":1,"minecraft:stone_axe":2,"minecraft:bread":36,"minecraft:air":0,"minecraft:blue_dye":27,"minecraft:acacia_planks":16,"minecraft:torch":52},"minecraft:dropped":{"minecraft:oak_log":6,"minecraft:diamond":23,"minecraft:crafting_table":1,"minecraft:lantern":3,"minecraft:leather":1,"marbledsarsenal:desert_military_armor_chestplate":1,"minecraft:cracked_stone_bricks":4,"minecraft:flint":3,"minecraft:dirt":92,"projectvibrantjourneys:fallen_leaves":2,"farmersdelight:onion":1,"minecraft:sand":5,"minecraft:bone":2,"farmersdelight:barbecue_stick":3,"minecraft:gravel":28,"minecraft:stone_axe":1,"minecraft:blackstone":34,"minecraft:cobbled_deepslate":32,"minecraft:oak_planks":1,"psg:raw_potassium":11,"psg:sulphur":18,"projectvibrantjourneys:light_brown_bark_mushroom":2,"minecraft:spruce_pressure_plate":2,"minecraft:azalea":1,"minecraft:acacia_sapling":1,"minecraft:spruce_slab":3,"minecraft:iron_bars":2,"projectvibrantjourneys:cattail":1,"minecraft:scaffolding":1,"minecraft:iron_ingot":36,"minecraft:oak_fence":2,"minecraft:cobblestone":141,"minecraft:andesite_wall":2,"minecraft:granite":21,"minecraft:copper_ingot":22,"minecraft:coal":47,"minecraft:stick":12,"minecraft:oak_stairs":3,"minecraft:iron_axe":1,"minecraft:iron_shovel":1,"max_armory:diamond_long_sword":2,"minecraft:acacia_planks":2,"minecraft:smooth_basalt":2,"minecraft:furnace":1,"ecologics:coconut_planks":17,"marbledsarsenal:machete":2,"minecraft:coarse_dirt":3,"minecraft:raw_copper":4,"minecraft:composter":2,"psg:potassium":1,"pointblank:gunmetal_nugget":10,"minecraft:shield":2,"minecraft:spruce_trapdoor":7,"minecraft:spruce_planks":14,"minecraft:diamond_pickaxe":1,"minecraft:andesite":3,"minecraft:stone_pickaxe":3,"marbledsapi:steel_ingot":3,"farmersdelight:tomato":67},"minecraft:mined":{"create:deepslate_zinc_ore":1,"minecraft:spruce_planks":31,"minecraft:farmland":1,"minecraft:cobblestone_stairs":16,"minecraft:spruce_trapdoor":38,"minecraft:cave_vines_plant":8,"minecraft:granite":23,"minecraft:acacia_log":5,"minecraft:grass_block":55,"minecraft:stone_brick_wall":11,"farmersdelight:budding_tomatoes":6,"minecraft:composter":2,"minecraft:red_stained_glass_pane":5,"minecraft:magma_block":102,"minecraft:iron_ore":119,"minecraft:fire":2,"minecraft:barrel":1,"minecraft:moss_carpet":2,"minecraft:dark_oak_stairs":4,"minecraft:cave_vines":11,"minecraft:flowering_azalea_leaves":3,"minecraft:oak_stairs":8,"minecraft:iron_bars":11,"minecraft:spruce_pressure_plate":1,"minecraft:black_candle":1,"minecraft:azalea_leaves":6,"minecraft:spruce_slab":34,"projectvibrantjourneys:cattail":8,"minecraft:red_bed":1,"minecraft:blackstone":208,"minecraft:smoker":4,"minecraft:clay":4,"minecraft:torch":4,"projectvibrantjourneys:twigs":4,"minecraft:chest":4,"minecraft:dead_bush":2,"minecraft:cobblestone":117,"projectvibrantjourneys:fallen_leaves":2,"minecraft:oak_planks":33,"minecraft:wall_torch":9,"minecraft:deepslate_copper_ore":2,"minecraft:light_gray_candle":1,"minecraft:dark_oak_slab":32,"minecraft:mossy_stone_brick_wall":9,"minecraft:birch_log":4,"farmersdelight:cutting_board":2,"minecraft:wheat":59,"minecraft:lilac":1,"projectvibrantjourneys:bones":6,"minecraft:stone_brick_stairs":46,"minecraft:grass":13,"minecraft:oak_log":40,"projectvibrantjourneys:short_grass":18,"minecraft:sand":18,"minecraft:dirt":232,"minecraft:smooth_basalt":3,"minecraft:oak_leaves":33,"minecraft:deepslate":141,"create:zinc_ore":19,"minecraft:red_carpet":3,"minecraft:tuff":9,"farmersdelight:onions":64,"minecraft:deepslate_diamond_ore":35,"minecraft:candle":2,"minecraft:oak_door":1,"minecraft:red_stained_glass":7,"minecraft:potted_flowering_azalea_bush":1,"projectvibrantjourneys:rocks":4,"minecraft:gray_stained_glass_pane":4,"psg:sulphur_ore":20,"minecraft:spruce_fence":3,"minecraft:soul_campfire":2,"farmersdelight:tomatoes":2,"minecraft:moss_block":24,"minecraft:red_mushroom":1,"minecraft:rooted_dirt":20,"minecraft:hay_block":12,"minecraft:spore_blossom":1,"minecraft:oak_trapdoor":10,"minecraft:furnace":3,"minecraft:stripped_spruce_log":24,"minecraft:bell":1,"minecraft:mossy_stone_brick_stairs":20,"minecraft:deepslate_iron_ore":14,"minecraft:vine":2,"minecraft:lantern":12,"minecraft:stripped_oak_log":6,"minecraft:packed_ice":10,"minecraft:stone":1241,"minecraft:acacia_leaves":10,"minecraft:scaffolding":4,"minecraft:flowering_azalea":1,"psg:potassium_ore":14,"minecraft:basalt":1,"psg:deepslate_sulphur_ore":1,"minecraft:spruce_door":1,"minecraft:oak_fence":2,"minecraft:crafting_table":7,"projectvibrantjourneys:mossy_rocks":1,"minecraft:campfire":2,"minecraft:andesite_wall":15,"minecraft:stone_slab":2,"minecraft:copper_ore":15,"minecraft:tall_grass":12,"minecraft:deepslate_coal_ore":1,"minecraft:deepslate_gold_ore":18,"farmersdelight:wild_tomatoes":20,"minecraft:lapis_ore":4,"minecraft:spruce_stairs":153,"minecraft:coarse_dirt":18,"minecraft:cobblestone_wall":5,"minecraft:beehive":1,"minecraft:coal_ore":233,"minecraft:gravel":117,"minecraft:flower_pot":2,"minecraft:cobweb":2,"minecraft:cracked_stone_bricks":32,"minecraft:acacia_planks":3,"minecraft:stone_bricks":176,"minecraft:small_dripleaf":1,"minecraft:mossy_stone_bricks":20,"minecraft:iron_trapdoor":2,"minecraft:fern":1},"minecraft:picked_up":{"minecraft:wheat":57,"minecraft:flower_pot":3,"minecraft:stone_slab":10,"minecraft:oak_stairs":3,"minecraft:potion":1,"marbledsarsenal:swat_armor_chestplate":10,"minecraft:stone_brick_stairs":41,"farmersdelight:cutting_board":2,"minecraft:string":6,"minecraft:raw_copper":69,"minecraft:cobbled_deepslate":173,"minecraft:bucket":2,"minecraft:spruce_planks":112,"minecraft:azalea":1,"minecraft:iron_pickaxe":7,"minecraft:furnace":4,"max_armory:diamond_long_sword":3,"marbledsarsenal:machete":12,"minecraft:spruce_pressure_plate":3,"minecraft:beehive":1,"minecraft:stick":9,"farmersdelight:rotten_tomato":7,"minecraft:composter":3,"minecraft:oak_fence":2,"minecraft:torch":33,"minecraft:acacia_log":5,"minecraft:spruce_stairs":147,"psg:sulphur":108,"minecraft:andesite_wall":17,"minecraft:rotten_flesh":67,"farmersdelight:onion":282,"projectvibrantjourneys:cattail":4,"minecraft:iron_bars":12,"minecraft:cod":1,"minecraft:cobblestone":3449,"minecraft:birch_log":3,"minecraft:magma_block":78,"minecraft:feather":9,"minecraft:lilac":4,"minecraft:water_bucket":8,"minecraft:andesite":3,"projectvibrantjourneys:fallen_leaves":3,"ecologics:coconut_planks":17,"minecraft:smoker":6,"minecraft:flint":35,"minecraft:tuff":9,"create:raw_zinc":16,"minecraft:lapis_lazuli":27,"farmersdelight:tomato":566,"minecraft:dirt":472,"minecraft:lantern":19,"minecraft:bone":12,"minecraft:acacia_planks":44,"marbledsarsenal:desert_military_armor_chestplate":1,"minecraft:bow":5,"minecraft:wheat_seeds":166,"minecraft:raw_gold":18,"better_mob_food:cooked_flesh":1,"minecraft:bell":1,"minecraft:mossy_stone_bricks":26,"minecraft:moss_block":46,"minecraft:oak_planks":96,"minecraft:mossy_stone_brick_stairs":23,"psg:raw_potassium":27,"minecraft:sand":20,"minecraft:stripped_spruce_log":26,"minecraft:ink_sac":4,"minecraft:barrel":1,"minecraft:iron_hoe":7,"minecraft:sugar":3,"minecraft:diamond":57,"minecraft:granite":46,"minecraft:bone_meal":79,"minecraft:spruce_sign":1,"minecraft:bread":32,"alexsmobs:maggot":1,"minecraft:rooted_dirt":22,"minecraft:oak_sapling":15,"minecraft:diamond_pickaxe":10,"minecraft:coarse_dirt":25,"minecraft:cocoa_beans":1,"minecraft:crafting_table":9,"minecraft:chicken":6,"minecraft:clay_ball":16,"minecraft:wooden_pickaxe":4,"minecraft:stone_brick_wall":5,"minecraft:shield":9,"minecraft:oak_trapdoor":2,"minecraft:red_bed":2,"minecraft:moss_carpet":7,"minecraft:iron_axe":1,"minecraft:acacia_door":2,"minecraft:iron_shovel":1,"minecraft:blackstone":242,"minecraft:cracked_stone_bricks":37,"minecraft:beef":12,"minecraft:spruce_slab":27,"minecraft:chest":4,"minecraft:spruce_trapdoor":33,"minecraft:raw_iron":136,"minecraft:oak_door":1,"minecraft:copper_ingot":22,"projectvibrantjourneys:bark_mushroom":1,"minecraft:bowl":6,"minecraft:spruce_fence":3,"pointblank:gunmetal_nugget":199,"farmersdelight:tomato_seeds":88,"minecraft:stone_shovel":1,"minecraft:arrow":88,"minecraft:hay_block":12,"minecraft:glow_berries":4,"minecraft:mutton":6,"minecraft:white_wool":4,"minecraft:stripped_oak_log":6,"minecraft:basalt":1,"minecraft:salmon":7,"minecraft:leather":6,"minecraft:red_mushroom":1,"marbledsarsenal:swat_armor_boots":10,"minecraft:oak_log":40,"minecraft:gunpowder":7,"minecraft:cobblestone_wall":7,"minecraft:cobblestone_stairs":9,"minecraft:wooden_hoe":1,"saros__money_mod:euro_500":3,"marbledsarsenal:swat_armor_helmet":10,"minecraft:red_carpet":3,"minecraft:apple":2,"minecraft:stone_bricks":217,"minecraft:spore_blossom":2,"alexsmobs:cockroach_wing_fragment":1,"minecraft:iron_ingot":40,"minecraft:stone_pickaxe":7,"minecraft:mossy_stone_brick_wall":3,"minecraft:flowering_azalea":5,"minecraft:acacia_sapling":5,"projectvibrantjourneys:light_brown_bark_mushroom":3,"minecraft:scaffolding":9,"minecraft:dark_oak_slab":43,"minecraft:smooth_basalt":3,"minecraft:black_candle":5,"minecraft:light_gray_stained_glass":3,"marbledsarsenal:swat_armor_leggings":10,"minecraft:birch_boat":2,"minecraft:gravel":268,"minecraft:spruce_door":4,"alexsmobs:raw_catfish":5,"minecraft:diamond_shovel":7,"minecraft:slime_ball":3,"minecraft:stone_axe":4,"tacz:modern_kinetic_gun":1,"minecraft:diamond_axe":10,"minecraft:coal":321},"minecraft:killed_by":{"minecraft:creeper":1,"minecraft:drowned":1,"minecraft:zombie":8,"minecraft:player":10,"hordes:zombie_player":4,"mutantmonsters:mutant_skeleton":3,"minecraft:skeleton":1,"minecraft:phantom":2},"minecraft:used":{"minecraft:diamond_hoe":30,"minecraft:chest":8,"minecraft:shield":46,"minecraft:rotten_flesh":4,"farmersdelight:tomato":168,"minecraft:lantern":16,"minecraft:dark_oak_slab":21,"minecraft:stone_bricks":8,"minecraft:red_carpet":2,"minecraft:bow":13,"farmersdelight:cutting_board":1,"minecraft:scaffolding":8,"minecraft:furnace":11,"max_armory:diamond_long_sword":26,"minecraft:stone_pickaxe":599,"minecraft:blackstone":51,"minecraft:wooden_pickaxe":10,"minecraft:diamond_axe":398,"minecraft:golden_apple":3,"minecraft:glow_berries":23,"minecraft:bread":6,"minecraft:gravel":8,"marbledsarsenal:machete":308,"minecraft:wooden_sword":14,"minecraft:coarse_dirt":2,"minecraft:bone_meal":193,"minecraft:cobweb":2,"minecraft:oak_trapdoor":2,"minecraft:stone_shovel":114,"minecraft:torch":48,"minecraft:dirt":189,"farmersdelight:flint_knife":1,"minecraft:spruce_stairs":1,"minecraft:iron_hoe":84,"minecraft:rooted_dirt":14,"better_mob_food:cooked_flesh":1,"minecraft:barrel":1,"comforts:sleeping_bag_white":1,"farmersdelight:tomato_seeds":88,"minecraft:acacia_planks":1,"minecraft:wheat_seeds":59,"minecraft:water_bucket":27,"minecraft:birch_boat":2,"farmersdelight:barbecue_stick":6,"marbledsarsenal:swat_armor_boots":1,"farmersdelight:onion":131,"minecraft:red_bed":2,"minecraft:crafting_table":13,"minecraft:smoker":4,"minecraft:diamond_pickaxe":1837,"minecraft:wooden_hoe":97,"minecraft:diamond_shovel":291,"minecraft:iron_pickaxe":394,"minecraft:spruce_trapdoor":1,"minecraft:stone_axe":117,"minecraft:cobblestone":214,"minecraft:bucket":28},"minecraft:broken":{"minecraft:stone_pickaxe":2,"minecraft:shield":1,"minecraft:wooden_hoe":1}},"DataVersion":3465}