{"stats":{"minecraft:killed":{"hordes:zombie_player":1,"alexsmobs:tasmanian_devil":1,"minecraft:pig":2,"minecraft:sheep":4,"minecraft:zombie":3,"alexsmobs:fly":1},"minecraft:mined":{"minecraft:spruce_planks":4,"minecraft:dark_oak_log":3,"psg:sulphur_ore":3,"minecraft:glow_lichen":1,"minecraft:granite":1,"minecraft:acacia_log":2,"minecraft:grass_block":3,"minecraft:stone_brick_wall":1,"minecraft:jungle_log":1,"minecraft:red_mushroom":6,"minecraft:furnace":4,"minecraft:iron_ore":14,"projectvibrantjourneys:orange_bark_mushroom":1,"minecraft:andesite":2,"projectvibrantjourneys:bark_mushroom":1,"minecraft:pumpkin":1,"minecraft:pointed_dripstone":2,"minecraft:stone":142,"projectvibrantjourneys:cattail":2,"minecraft:brown_mushroom":11,"minecraft:glass_pane":1,"psg:potassium_ore":4,"minecraft:crafting_table":14,"projectvibrantjourneys:twigs":6,"minecraft:stone_slab":1,"farmersdelight:wild_tomatoes":3,"minecraft:seagrass":1,"minecraft:birch_log":17,"minecraft:sweet_berry_bush":12,"minecraft:ice":1,"minecraft:spruce_log":2,"minecraft:birch_leaves":3,"minecraft:orange_tulip":1,"k_turrets:titanium_ore":6,"minecraft:grass":9,"minecraft:coal_ore":6,"projectvibrantjourneys:spruce_hollow_log":2,"minecraft:oak_log":5,"projectvibrantjourneys:short_grass":12,"minecraft:gravel":6,"projectvibrantjourneys:pinecones":5,"minecraft:dripstone_block":8,"minecraft:dirt":12,"minecraft:red_mushroom_block":16,"minecraft:stone_bricks":1,"minecraft:oak_leaves":3,"projectvibrantjourneys:oak_hollow_log":2,"minecraft:fern":2},"minecraft:killed_by":{"minecraft:player":4,"alexsmobs:rocky_roller":1,"zombie_more:boomer_zombie":1,"zombie_more:crawler_zombie":2,"alexsmobs:tasmanian_devil":1,"minecraft:zombie":2,"alexsmobs:grizzly_bear":1},"minecraft:custom":{"minecraft:mob_kills":12,"minecraft:interact_with_crafting_table":40,"minecraft:damage_dealt_resisted":38,"minecraft:leave_game":1,"minecraft:time_since_death":7325,"minecraft:climb_one_cm":2239,"minecraft:sprint_one_cm":378523,"minecraft:walk_one_cm":349857,"minecraft:damage_blocked_by_shield":84,"minecraft:drop":6,"minecraft:play_time":105698,"minecraft:deaths":18,"minecraft:sneak_time":2257,"minecraft:walk_under_water_one_cm":17920,"minecraft:boat_one_cm":148815,"minecraft:jump":1729,"minecraft:walk_on_water_one_cm":20921,"minecraft:total_world_time":105698,"minecraft:interact_with_furnace":39,"minecraft:time_since_rest":7356,"minecraft:damage_taken":5687,"minecraft:damage_dealt":2043,"minecraft:swim_one_cm":27768,"minecraft:fly_one_cm":298096,"minecraft:player_kills":1,"minecraft:open_chest":3,"minecraft:crouch_one_cm":5005,"minecraft:fall_one_cm":61369},"minecraft:used":{"minecraft:iron_shovel":13,"minecraft:spruce_planks":4,"minecraft:shield":3,"minecraft:rotten_flesh":3,"minecraft:iron_chestplate":1,"minecraft:dirt":12,"minecraft:mutton":1,"minecraft:dark_oak_planks":6,"minecraft:wooden_axe":22,"alexsmobs:maggot":1,"farmersdelight:tomato":1,"minecraft:iron_axe":10,"minecraft:iron_boots":1,"minecraft:dark_oak_boat":3,"minecraft:sweet_berries":14,"minecraft:furnace":4,"minecraft:cooked_mutton":4,"minecraft:acacia_boat":1,"minecraft:spruce_door":1,"minecraft:birch_planks":6,"minecraft:stone_pickaxe":95,"minecraft:birch_boat":4,"minecraft:wooden_pickaxe":58,"minecraft:crafting_table":14,"minecraft:mushroom_stew":6,"minecraft:bread":1,"minecraft:iron_pickaxe":60,"minecraft:stone_axe":58,"minecraft:wooden_sword":25,"minecraft:cobblestone":3,"minecraft:porkchop":2,"minecraft:oak_boat":3},"minecraft:crafted":{"minecraft:wooden_sword":1,"minecraft:oak_planks":24,"minecraft:dark_oak_boat":1,"minecraft:birch_boat":1,"minecraft:furnace":1,"minecraft:mushroom_stew":7,"minecraft:cooked_mutton":4,"minecraft:iron_axe":1,"minecraft:stone_pickaxe":2,"minecraft:dark_oak_planks":12,"minecraft:crafting_table":4,"minecraft:spruce_planks":12,"minecraft:iron_helmet":1,"minecraft:wooden_pickaxe":4,"minecraft:brown_dye":3,"minecraft:bowl":12,"minecraft:copper_ingot":16,"minecraft:birch_planks":68,"minecraft:stone_axe":1,"minecraft:acacia_boat":1,"minecraft:air":0,"minecraft:jungle_planks":4,"minecraft:oak_boat":1,"minecraft:iron_chestplate":1,"minecraft:shield":1,"minecraft:stick":32,"minecraft:iron_ingot":24,"minecraft:wooden_axe":4,"minecraft:stone_sword":1,"minecraft:iron_leggings":1,"minecraft:acacia_planks":8},"minecraft:dropped":{"minecraft:iron_ingot":14,"minecraft:bone":1},"minecraft:picked_up":{"minecraft:wooden_axe":1,"minecraft:crafting_table":24,"minecraft:brown_mushroom":17,"minecraft:wooden_pickaxe":1,"minecraft:stone_brick_wall":2,"minecraft:shield":3,"minecraft:string":1,"minecraft:iron_axe":2,"minecraft:wooden_sword":1,"zombie_more:acid_drool":1,"minecraft:iron_shovel":10,"minecraft:spruce_planks":21,"minecraft:oak_boat":3,"minecraft:iron_nugget":2,"minecraft:poppy":3,"minecraft:iron_pickaxe":7,"minecraft:birch_sapling":2,"farmersdelight:cabbage_seeds":8,"minecraft:iron_boots":7,"minecraft:furnace":10,"minecraft:egg":2,"minecraft:stick":15,"minecraft:raw_iron":21,"projectvibrantjourneys:bark_mushroom":4,"minecraft:acacia_log":2,"minecraft:bowl":4,"minecraft:porkchop":3,"pointblank:gunmetal_nugget":20,"psg:sulphur":39,"farmersdelight:tomato_seeds":3,"minecraft:pointed_dripstone":44,"minecraft:brown_dye":3,"minecraft:dark_oak_planks":1,"minecraft:arrow":1,"minecraft:rotten_flesh":13,"k_turrets:raw_titanium":21,"projectvibrantjourneys:cattail":1,"minecraft:mutton":9,"minecraft:white_wool":5,"minecraft:cobblestone":162,"minecraft:birch_log":17,"minecraft:jungle_log":1,"minecraft:andesite":4,"minecraft:dark_oak_boat":10,"minecraft:red_mushroom":20,"minecraft:birch_planks":26,"minecraft:tuff":4,"minecraft:oak_log":5,"minecraft:lily_pad":31,"projectvibrantjourneys:rocks":4,"minecraft:acacia_boat":1,"projectvibrantjourneys:oak_hollow_log":2,"farmersdelight:tomato":1,"projectvibrantjourneys:spruce_hollow_log":2,"minecraft:dirt":18,"minecraft:cooked_mutton":6,"minecraft:bone":1,"minecraft:stone_bricks":2,"minecraft:orange_tulip":1,"minecraft:wheat_seeds":2,"minecraft:iron_ingot":28,"minecraft:stone_pickaxe":7,"minecraft:oak_planks":2,"minecraft:birch_boat":3,"minecraft:pumpkin":4,"minecraft:sweet_berries":33,"psg:raw_potassium":12,"minecraft:dripstone_block":13,"minecraft:gravel":5,"minecraft:spruce_log":2,"minecraft:dark_oak_log":3,"minecraft:spruce_door":1,"minecraft:pumpkin_seeds":4,"minecraft:stone_axe":4,"minecraft:granite":1,"minecraft:gray_wool":2,"alexsmobs:maggot":2,"projectvibrantjourneys:orange_bark_mushroom":4,"minecraft:oak_sapling":2,"minecraft:coal":81}},"DataVersion":3465}