{"stats":{"minecraft:killed":{"zombie_more:cursed_zombie":1,"minecraft:skeleton":1,"minecraft:zombie_villager":1,"minecraft:iron_golem":1,"minecraft:sheep":4,"minecraft:zombie":13,"zombie_more:explosive_zombie":1,"alexsmobs:terrapin":1,"minecraft:cow":2,"hordes:zombie_player":10,"minecraft:phantom":4,"minecraft:drowned":1,"zombie_more:crawler_zombie":1},"minecraft:mined":{"create:deepslate_zinc_ore":1,"minecraft:spruce_planks":31,"minecraft:farmland":1,"minecraft:cobblestone_stairs":16,"minecraft:granite":17,"minecraft:spruce_trapdoor":38,"minecraft:cave_vines_plant":8,"minecraft:acacia_log":5,"minecraft:grass_block":55,"minecraft:stone_brick_wall":11,"farmersdelight:budding_tomatoes":6,"minecraft:composter":2,"minecraft:red_stained_glass_pane":5,"minecraft:magma_block":4,"minecraft:iron_ore":79,"minecraft:barrel":1,"minecraft:moss_carpet":2,"minecraft:dark_oak_stairs":4,"minecraft:cave_vines":11,"minecraft:flowering_azalea_leaves":3,"minecraft:iron_bars":11,"minecraft:oak_stairs":8,"minecraft:spruce_pressure_plate":1,"minecraft:black_candle":1,"minecraft:azalea_leaves":6,"minecraft:spruce_slab":34,"projectvibrantjourneys:cattail":8,"minecraft:red_bed":1,"minecraft:blackstone":105,"minecraft:smoker":4,"minecraft:torch":4,"projectvibrantjourneys:twigs":4,"minecraft:chest":4,"minecraft:dead_bush":2,"minecraft:cobblestone":114,"projectvibrantjourneys:fallen_leaves":2,"minecraft:oak_planks":33,"minecraft:wall_torch":8,"minecraft:deepslate_copper_ore":2,"minecraft:light_gray_candle":1,"minecraft:dark_oak_slab":32,"minecraft:mossy_stone_brick_wall":9,"minecraft:birch_log":4,"farmersdelight:cutting_board":2,"minecraft:lilac":1,"projectvibrantjourneys:bones":1,"minecraft:stone_brick_stairs":46,"minecraft:grass":13,"minecraft:oak_log":40,"projectvibrantjourneys:short_grass":17,"minecraft:sand":18,"minecraft:dirt":231,"minecraft:smooth_basalt":2,"minecraft:oak_leaves":33,"minecraft:deepslate":137,"create:zinc_ore":19,"minecraft:tuff":2,"farmersdelight:onions":5,"minecraft:deepslate_diamond_ore":30,"minecraft:candle":2,"minecraft:oak_door":1,"minecraft:red_stained_glass":7,"minecraft:potted_flowering_azalea_bush":1,"psg:sulphur_ore":16,"minecraft:gray_stained_glass_pane":4,"minecraft:spruce_fence":3,"minecraft:soul_campfire":2,"farmersdelight:tomatoes":2,"minecraft:red_mushroom":1,"minecraft:moss_block":24,"minecraft:rooted_dirt":20,"minecraft:hay_block":12,"minecraft:spore_blossom":1,"minecraft:oak_trapdoor":10,"minecraft:furnace":3,"minecraft:stripped_spruce_log":24,"minecraft:bell":1,"minecraft:mossy_stone_brick_stairs":20,"minecraft:deepslate_iron_ore":7,"minecraft:vine":2,"minecraft:lantern":5,"minecraft:stripped_oak_log":6,"minecraft:packed_ice":10,"minecraft:stone":1042,"minecraft:acacia_leaves":10,"minecraft:scaffolding":4,"minecraft:flowering_azalea":1,"psg:potassium_ore":14,"minecraft:basalt":1,"minecraft:spruce_door":1,"minecraft:oak_fence":2,"minecraft:crafting_table":7,"projectvibrantjourneys:mossy_rocks":1,"minecraft:campfire":2,"minecraft:andesite_wall":15,"minecraft:stone_slab":2,"minecraft:tall_grass":12,"minecraft:copper_ore":15,"minecraft:deepslate_coal_ore":1,"minecraft:deepslate_gold_ore":9,"minecraft:lapis_ore":4,"farmersdelight:wild_tomatoes":20,"minecraft:spruce_stairs":153,"minecraft:coarse_dirt":18,"minecraft:cobblestone_wall":4,"minecraft:beehive":1,"minecraft:coal_ore":176,"minecraft:gravel":116,"minecraft:flower_pot":2,"minecraft:cobweb":2,"minecraft:cracked_stone_bricks":32,"minecraft:acacia_planks":3,"minecraft:stone_bricks":176,"minecraft:small_dripleaf":1,"minecraft:mossy_stone_bricks":20,"minecraft:iron_trapdoor":2,"minecraft:fern":1},"minecraft:broken":{"minecraft:wooden_hoe":1},"minecraft:killed_by":{"minecraft:creeper":1,"minecraft:drowned":1,"minecraft:zombie":7,"minecraft:player":6,"hordes:zombie_player":4,"mutantmonsters:mutant_skeleton":3,"minecraft:skeleton":1},"minecraft:custom":{"minecraft:interact_with_crafting_table":76,"minecraft:open_barrel":25,"minecraft:eat_cake_slice":3,"minecraft:leave_game":3,"minecraft:time_since_death":53355,"minecraft:sprint_one_cm":982308,"minecraft:damage_blocked_by_shield":1119,"minecraft:drop":113,"minecraft:talked_to_villager":2,"minecraft:play_time":358970,"minecraft:deaths":26,"minecraft:jump":3428,"minecraft:walk_on_water_one_cm":28475,"minecraft:interact_with_furnace":67,"minecraft:sleep_in_bed":6,"minecraft:damage_dealt":8314,"minecraft:player_kills":3,"minecraft:crouch_one_cm":18764,"minecraft:interact_with_smoker":1,"minecraft:mob_kills":41,"minecraft:damage_dealt_resisted":467,"minecraft:climb_one_cm":10545,"minecraft:walk_one_cm":1135778,"minecraft:sneak_time":8315,"minecraft:walk_under_water_one_cm":27788,"minecraft:boat_one_cm":75195,"minecraft:interact_with_blast_furnace":11,"minecraft:total_world_time":358970,"minecraft:time_since_rest":53390,"minecraft:damage_absorbed":41,"minecraft:damage_taken":7544,"minecraft:swim_one_cm":19055,"minecraft:fly_one_cm":429887,"minecraft:open_chest":211,"minecraft:fall_one_cm":54063},"minecraft:used":{"minecraft:diamond_hoe":30,"minecraft:chest":8,"minecraft:shield":22,"minecraft:rotten_flesh":4,"farmersdelight:tomato":123,"minecraft:lantern":9,"minecraft:dark_oak_slab":21,"minecraft:stone_bricks":8,"farmersdelight:cutting_board":1,"minecraft:bow":13,"minecraft:scaffolding":8,"minecraft:furnace":3,"max_armory:diamond_long_sword":26,"minecraft:stone_pickaxe":353,"minecraft:wooden_pickaxe":10,"minecraft:diamond_axe":375,"minecraft:golden_apple":2,"minecraft:glow_berries":23,"minecraft:bread":6,"minecraft:gravel":8,"marbledsarsenal:machete":168,"minecraft:wooden_sword":14,"minecraft:coarse_dirt":2,"minecraft:bone_meal":7,"minecraft:cobweb":2,"minecraft:oak_trapdoor":2,"minecraft:stone_shovel":114,"minecraft:torch":47,"minecraft:dirt":189,"farmersdelight:flint_knife":1,"minecraft:spruce_stairs":1,"minecraft:iron_hoe":83,"minecraft:rooted_dirt":14,"minecraft:barrel":1,"comforts:sleeping_bag_white":1,"farmersdelight:tomato_seeds":86,"minecraft:acacia_planks":1,"minecraft:water_bucket":27,"minecraft:birch_boat":2,"farmersdelight:barbecue_stick":2,"marbledsarsenal:swat_armor_boots":1,"farmersdelight:onion":12,"minecraft:crafting_table":11,"minecraft:red_bed":2,"minecraft:smoker":4,"minecraft:wooden_hoe":97,"minecraft:diamond_pickaxe":1505,"minecraft:diamond_shovel":291,"minecraft:iron_pickaxe":394,"minecraft:spruce_trapdoor":1,"minecraft:stone_axe":117,"minecraft:cobblestone":209,"minecraft:bucket":28},"minecraft:crafted":{"minecraft:oak_planks":104,"marbledsarsenal:swat_armor_chestplate":1,"minecraft:birch_boat":1,"minecraft:diamond_shovel":1,"max_armory:diamond_long_sword":2,"marbledsarsenal:machete":1,"minecraft:chest":4,"marbledsapi:steel_ingot":27,"farmersdelight:tomato_seeds":88,"minecraft:diamond_axe":1,"minecraft:crafting_table":6,"minecraft:spruce_planks":36,"minecraft:wooden_pickaxe":2,"minecraft:copper_ingot":38,"minecraft:birch_planks":12,"marbledsarsenal:swat_armor_helmet":1,"marbledsapi:raw_steel":27,"minecraft:wooden_hoe":2,"minecraft:diamond_pickaxe":2,"minecraft:shield":1,"farmersdelight:barbecue_stick":5,"minecraft:stick":72,"minecraft:iron_ingot":83,"minecraft:iron_pickaxe":2,"marbledsarsenal:swat_armor_leggings":1,"minecraft:stone_shovel":1,"minecraft:diamond_hoe":1,"comforts:sleeping_bag_white":1,"minecraft:furnace":2,"minecraft:bone_meal":6,"marbledsarsenal:swat_armor_boots":1,"minecraft:iron_hoe":1,"minecraft:stone_pickaxe":3,"minecraft:wheat":108,"minecraft:cooked_beef":5,"marbledsapi:steel_sheet":8,"max_armory:handle":2,"minecraft:bucket":1,"minecraft:stone_axe":2,"minecraft:bread":36,"minecraft:air":0,"minecraft:blue_dye":27,"minecraft:acacia_planks":16,"minecraft:torch":52},"minecraft:dropped":{"minecraft:oak_log":6,"minecraft:diamond":23,"minecraft:crafting_table":1,"minecraft:lantern":3,"minecraft:leather":1,"marbledsarsenal:desert_military_armor_chestplate":1,"minecraft:cracked_stone_bricks":4,"minecraft:flint":3,"minecraft:dirt":92,"projectvibrantjourneys:fallen_leaves":2,"minecraft:sand":5,"minecraft:bone":2,"farmersdelight:barbecue_stick":3,"minecraft:gravel":28,"minecraft:stone_axe":1,"minecraft:blackstone":34,"minecraft:cobbled_deepslate":32,"minecraft:oak_planks":1,"psg:raw_potassium":11,"projectvibrantjourneys:light_brown_bark_mushroom":2,"minecraft:spruce_pressure_plate":2,"minecraft:acacia_sapling":1,"minecraft:azalea":1,"minecraft:spruce_slab":3,"minecraft:iron_bars":2,"projectvibrantjourneys:cattail":1,"minecraft:scaffolding":1,"minecraft:iron_ingot":36,"minecraft:oak_fence":2,"minecraft:cobblestone":141,"minecraft:andesite_wall":2,"minecraft:granite":21,"minecraft:copper_ingot":22,"minecraft:coal":47,"minecraft:stick":12,"minecraft:oak_stairs":3,"minecraft:iron_axe":1,"minecraft:iron_shovel":1,"max_armory:diamond_long_sword":2,"minecraft:acacia_planks":2,"minecraft:smooth_basalt":2,"minecraft:furnace":1,"ecologics:coconut_planks":17,"marbledsarsenal:machete":2,"minecraft:coarse_dirt":3,"minecraft:raw_copper":4,"minecraft:composter":2,"pointblank:gunmetal_nugget":10,"minecraft:shield":2,"minecraft:spruce_trapdoor":7,"minecraft:spruce_planks":14,"minecraft:diamond_pickaxe":1,"minecraft:andesite":3,"minecraft:stone_pickaxe":3,"marbledsapi:steel_ingot":3,"farmersdelight:tomato":39},"minecraft:picked_up":{"minecraft:flower_pot":3,"minecraft:stone_slab":4,"minecraft:oak_stairs":3,"minecraft:potion":1,"marbledsarsenal:swat_armor_chestplate":3,"minecraft:stone_brick_stairs":41,"farmersdelight:cutting_board":2,"minecraft:string":6,"minecraft:raw_copper":69,"minecraft:cobbled_deepslate":169,"minecraft:bucket":2,"minecraft:spruce_planks":112,"minecraft:azalea":1,"minecraft:furnace":4,"max_armory:diamond_long_sword":3,"marbledsarsenal:machete":5,"minecraft:spruce_pressure_plate":3,"minecraft:stick":9,"minecraft:beehive":1,"farmersdelight:rotten_tomato":3,"minecraft:composter":3,"minecraft:oak_fence":2,"minecraft:torch":32,"minecraft:acacia_log":5,"minecraft:spruce_stairs":147,"psg:sulphur":85,"minecraft:andesite_wall":15,"minecraft:rotten_flesh":55,"farmersdelight:onion":17,"projectvibrantjourneys:cattail":4,"minecraft:iron_bars":12,"minecraft:cod":1,"minecraft:cobblestone":2104,"minecraft:birch_log":3,"minecraft:feather":9,"minecraft:lilac":4,"minecraft:water_bucket":2,"minecraft:andesite":3,"ecologics:coconut_planks":17,"projectvibrantjourneys:fallen_leaves":3,"minecraft:smoker":6,"minecraft:flint":15,"minecraft:tuff":2,"create:raw_zinc":16,"minecraft:lapis_lazuli":27,"farmersdelight:tomato":437,"minecraft:dirt":385,"minecraft:lantern":12,"minecraft:bone":7,"minecraft:acacia_planks":14,"marbledsarsenal:desert_military_armor_chestplate":1,"minecraft:bow":5,"minecraft:wheat_seeds":15,"minecraft:raw_gold":9,"minecraft:bell":1,"minecraft:mossy_stone_bricks":26,"minecraft:moss_block":46,"minecraft:oak_planks":88,"minecraft:mossy_stone_brick_stairs":23,"psg:raw_potassium":27,"minecraft:sand":20,"minecraft:stripped_spruce_log":26,"minecraft:ink_sac":4,"minecraft:barrel":1,"minecraft:sugar":3,"minecraft:diamond":49,"minecraft:granite":40,"minecraft:bone_meal":1,"minecraft:bread":32,"minecraft:rooted_dirt":22,"alexsmobs:maggot":1,"minecraft:oak_sapling":15,"minecraft:diamond_pickaxe":4,"minecraft:coarse_dirt":25,"minecraft:cocoa_beans":1,"minecraft:crafting_table":9,"minecraft:chicken":6,"minecraft:wooden_pickaxe":4,"minecraft:stone_brick_wall":5,"minecraft:shield":3,"minecraft:oak_trapdoor":2,"minecraft:red_bed":2,"minecraft:moss_carpet":7,"minecraft:iron_axe":1,"minecraft:acacia_door":2,"minecraft:iron_shovel":1,"minecraft:blackstone":139,"minecraft:cracked_stone_bricks":37,"minecraft:beef":5,"minecraft:spruce_slab":27,"minecraft:chest":4,"minecraft:spruce_trapdoor":33,"minecraft:raw_iron":88,"minecraft:oak_door":1,"minecraft:copper_ingot":22,"projectvibrantjourneys:bark_mushroom":1,"minecraft:bowl":6,"minecraft:spruce_fence":3,"pointblank:gunmetal_nugget":183,"farmersdelight:tomato_seeds":55,"minecraft:stone_shovel":1,"minecraft:arrow":88,"minecraft:hay_block":12,"minecraft:glow_berries":4,"minecraft:mutton":6,"minecraft:white_wool":4,"minecraft:stripped_oak_log":6,"minecraft:basalt":1,"minecraft:salmon":7,"minecraft:leather":1,"minecraft:red_mushroom":1,"marbledsarsenal:swat_armor_boots":3,"minecraft:oak_log":40,"minecraft:gunpowder":7,"minecraft:cobblestone_wall":5,"minecraft:cobblestone_stairs":9,"minecraft:wooden_hoe":1,"saros__money_mod:euro_500":1,"marbledsarsenal:swat_armor_helmet":3,"minecraft:apple":2,"minecraft:stone_bricks":211,"alexsmobs:cockroach_wing_fragment":1,"minecraft:spore_blossom":2,"minecraft:iron_ingot":40,"minecraft:stone_pickaxe":7,"minecraft:mossy_stone_brick_wall":3,"minecraft:flowering_azalea":5,"minecraft:acacia_sapling":5,"minecraft:scaffolding":9,"projectvibrantjourneys:light_brown_bark_mushroom":3,"minecraft:dark_oak_slab":21,"marbledsarsenal:swat_armor_leggings":3,"minecraft:smooth_basalt":2,"minecraft:black_candle":5,"minecraft:light_gray_stained_glass":3,"minecraft:birch_boat":2,"minecraft:gravel":131,"minecraft:spruce_door":4,"alexsmobs:raw_catfish":5,"minecraft:diamond_shovel":3,"minecraft:slime_ball":3,"minecraft:stone_axe":4,"tacz:modern_kinetic_gun":1,"minecraft:diamond_axe":3,"minecraft:coal":260}},"DataVersion":3465}