{"stats":{"minecraft:killed":{"hordes:zombie_player":4,"alexsmobs:tasmanian_devil":1,"minecraft:skeleton":1,"zombie_more:boomer_zombie":2,"minecraft:pig":2,"minecraft:sheep":4,"minecraft:zombie":10,"alexsmobs:fly":1,"alexsmobs:crow":1,"minecraft:enderman":1},"minecraft:mined":{"minecraft:spruce_planks":7,"minecraft:dark_oak_log":3,"projectvibrantjourneys:rocks":1,"psg:sulphur_ore":3,"minecraft:glow_lichen":1,"minecraft:granite":1,"minecraft:acacia_log":5,"minecraft:grass_block":5,"minecraft:stone_brick_wall":1,"minecraft:jungle_log":1,"minecraft:red_mushroom":8,"minecraft:large_fern":3,"minecraft:furnace":4,"minecraft:cobbled_deepslate":1,"minecraft:iron_ore":36,"projectvibrantjourneys:orange_bark_mushroom":1,"minecraft:andesite":2,"projectvibrantjourneys:bark_mushroom":1,"minecraft:pumpkin":1,"minecraft:deepslate_lapis_ore":3,"minecraft:pointed_dripstone":2,"minecraft:deepslate_iron_ore":19,"minecraft:stone":204,"projectvibrantjourneys:cattail":2,"minecraft:acacia_leaves":8,"minecraft:brown_mushroom":20,"minecraft:glass_pane":1,"psg:potassium_ore":4,"minecraft:spruce_door":1,"minecraft:crafting_table":14,"projectvibrantjourneys:twigs":15,"minecraft:stone_slab":3,"minecraft:cobblestone":3,"minecraft:tall_grass":8,"minecraft:lapis_ore":2,"farmersdelight:wild_tomatoes":3,"projectvibrantjourneys:fallen_leaves":1,"minecraft:seagrass":1,"minecraft:cobblestone_wall":3,"minecraft:birch_log":17,"minecraft:wheat":8,"minecraft:sweet_berry_bush":29,"minecraft:ice":1,"projectvibrantjourneys:bones":4,"minecraft:spruce_log":24,"minecraft:birch_leaves":3,"minecraft:orange_tulip":1,"k_turrets:titanium_ore":6,"minecraft:grass":47,"minecraft:oak_log":5,"projectvibrantjourneys:spruce_hollow_log":8,"minecraft:coal_ore":6,"projectvibrantjourneys:short_grass":35,"projectvibrantjourneys:pinecones":5,"minecraft:gravel":6,"minecraft:dripstone_block":17,"minecraft:dirt":14,"minecraft:red_mushroom_block":16,"minecraft:stone_bricks":1,"minecraft:oak_leaves":3,"projectvibrantjourneys:oak_hollow_log":2,"minecraft:deepslate":3,"minecraft:fern":9},"minecraft:killed_by":{"mutantmonsters:mutant_zombie":1,"minecraft:player":7,"alexsmobs:rocky_roller":1,"minecraft:creeper":1,"minecraft:spider":2,"hordes:zombie_player":1,"zombie_more:boomer_zombie":1,"zombie_more:crawler_zombie":2,"alexsmobs:tasmanian_devil":1,"minecraft:skeleton":1,"minecraft:zombie":4,"alexsmobs:grizzly_bear":1,"zombie_more:tank_zombie":2},"minecraft:custom":{"minecraft:mob_kills":27,"minecraft:interact_with_crafting_table":72,"minecraft:damage_dealt_resisted":355,"minecraft:leave_game":2,"minecraft:time_since_death":4084,"minecraft:climb_one_cm":2239,"minecraft:sprint_one_cm":766978,"minecraft:walk_one_cm":673860,"minecraft:damage_blocked_by_shield":3271,"minecraft:drop":36,"minecraft:play_time":207391,"minecraft:deaths":34,"minecraft:sneak_time":4191,"minecraft:walk_under_water_one_cm":76327,"minecraft:boat_one_cm":148815,"minecraft:jump":3098,"minecraft:walk_on_water_one_cm":38431,"minecraft:total_world_time":207391,"minecraft:interact_with_furnace":63,"minecraft:sleep_in_bed":1,"minecraft:time_since_rest":4139,"minecraft:damage_taken":12095,"minecraft:damage_dealt":7892,"minecraft:swim_one_cm":32472,"minecraft:fly_one_cm":565926,"minecraft:player_kills":2,"minecraft:open_chest":69,"minecraft:crouch_one_cm":7231,"minecraft:fall_one_cm":105658},"minecraft:used":{"minecraft:iron_shovel":13,"minecraft:spruce_planks":8,"minecraft:shield":42,"minecraft:rotten_flesh":17,"minecraft:iron_chestplate":3,"minecraft:dirt":14,"minecraft:mutton":1,"minecraft:spruce_fence":21,"minecraft:dark_oak_planks":6,"minecraft:wooden_axe":22,"alexsmobs:maggot":1,"farmersdelight:tomato":1,"minecraft:iron_axe":124,"minecraft:iron_boots":2,"minecraft:dark_oak_boat":3,"minecraft:sweet_berries":77,"minecraft:furnace":4,"minecraft:cobbled_deepslate":2,"minecraft:diamond_boots":1,"max_armory:iron_machete":36,"minecraft:wheat_seeds":32,"minecraft:cooked_mutton":4,"minecraft:acacia_boat":1,"minecraft:water_bucket":1,"minecraft:spruce_door":3,"minecraft:birch_planks":6,"minecraft:stone_pickaxe":95,"minecraft:wooden_pickaxe":58,"minecraft:birch_boat":4,"minecraft:crafting_table":15,"minecraft:mushroom_stew":9,"minecraft:wooden_hoe":50,"minecraft:bread":3,"minecraft:iron_pickaxe":257,"minecraft:stone_axe":58,"minecraft:wooden_sword":25,"minecraft:cobblestone":11,"minecraft:porkchop":2,"minecraft:oak_boat":3,"minecraft:bone_meal":21},"minecraft:crafted":{"minecraft:wooden_sword":1,"minecraft:oak_planks":24,"minecraft:dark_oak_boat":1,"minecraft:birch_boat":1,"minecraft:furnace":1,"minecraft:mushroom_stew":9,"minecraft:bone_meal":21,"minecraft:spruce_fence":33,"minecraft:cooked_mutton":4,"minecraft:iron_axe":1,"minecraft:stone_pickaxe":2,"max_armory:iron_machete":1,"minecraft:dark_oak_planks":12,"pointblank:gunmetal_ingot":10,"max_armory:handle":1,"minecraft:crafting_table":4,"minecraft:spruce_planks":100,"minecraft:iron_helmet":2,"minecraft:wooden_pickaxe":4,"minecraft:brown_dye":3,"minecraft:bowl":16,"minecraft:copper_ingot":37,"minecraft:birch_planks":68,"minecraft:stone_axe":1,"minecraft:bread":2,"minecraft:acacia_boat":1,"minecraft:air":0,"minecraft:jungle_planks":4,"minecraft:oak_boat":1,"minecraft:wooden_hoe":1,"minecraft:iron_chestplate":2,"minecraft:shield":2,"minecraft:stick":96,"minecraft:iron_pickaxe":1,"minecraft:iron_ingot":48,"minecraft:wooden_axe":4,"minecraft:stone_sword":1,"minecraft:iron_leggings":2,"minecraft:acacia_planks":20},"minecraft:dropped":{"minecraft:iron_ingot":15,"minecraft:iron_sword":1,"minecraft:birch_planks":12,"minecraft:dripstone_block":1,"minecraft:iron_helmet":1,"minecraft:feather":1,"minecraft:copper_ingot":16,"minecraft:stick":2,"minecraft:dirt":1,"minecraft:wooden_hoe":1,"projectvibrantjourneys:fallen_leaves":1,"minecraft:iron_axe":1,"minecraft:iron_pickaxe":2,"minecraft:bucket":1,"minecraft:bone":1,"minecraft:brown_dye":2,"minecraft:bowl":1,"minecraft:rotten_flesh":2,"minecraft:iron_boots":1,"alexsmobs:bear_fur":2,"pointblank:gunmetal_nugget":1,"minecraft:shield":1,"minecraft:iron_chestplate":1,"max_armory:iron_machete":1,"minecraft:spider_eye":1,"minecraft:arrow":1},"minecraft:picked_up":{"minecraft:wooden_axe":1,"minecraft:iron_chestplate":10,"minecraft:crafting_table":36,"minecraft:wheat":21,"minecraft:brown_mushroom":31,"minecraft:stone_slab":4,"minecraft:wooden_pickaxe":1,"minecraft:stone_brick_wall":3,"minecraft:enchanted_book":1,"minecraft:shield":14,"minecraft:string":12,"minecraft:moss_carpet":2,"minecraft:iron_axe":13,"minecraft:wooden_sword":1,"zombie_more:acid_drool":4,"minecraft:iron_leggings":6,"tacz:ammo":30,"minecraft:iron_shovel":18,"minecraft:diamond_leggings":2,"minecraft:cobbled_deepslate":4,"minecraft:bucket":7,"minecraft:spruce_planks":33,"minecraft:oak_boat":3,"minecraft:iron_nugget":2,"minecraft:poppy":3,"minecraft:iron_pickaxe":23,"projectvibrantjourneys:short_grass":1,"minecraft:birch_sapling":2,"farmersdelight:cabbage_seeds":13,"minecraft:furnace":12,"minecraft:iron_boots":21,"minecraft:egg":3,"minecraft:stick":37,"minecraft:raw_iron":63,"minecraft:copper_ingot":69,"projectvibrantjourneys:bark_mushroom":8,"minecraft:bowl":16,"minecraft:acacia_log":5,"minecraft:porkchop":3,"pointblank:gunmetal_nugget":222,"psg:sulphur":52,"farmersdelight:tomato_seeds":3,"minecraft:pointed_dripstone":104,"minecraft:brown_dye":7,"minecraft:dark_oak_planks":1,"minecraft:diamond_chestplate":2,"minecraft:arrow":4,"minecraft:rotten_flesh":41,"minecraft:diamond_boots":2,"minecraft:vex_armor_trim_smithing_template":1,"k_turrets:raw_titanium":31,"projectvibrantjourneys:cattail":1,"minecraft:mutton":9,"minecraft:white_wool":5,"minecraft:cobblestone":288,"minecraft:birch_log":17,"minecraft:feather":1,"minecraft:water_bucket":1,"farmersdelight:rice":1,"projectvibrantjourneys:fallen_leaves":4,"minecraft:glow_ink_sac":6,"minecraft:andesite":5,"minecraft:jungle_log":1,"minecraft:fern":1,"minecraft:dark_oak_boat":11,"minecraft:red_mushroom":24,"alexsmobs:bear_fur":4,"minecraft:birch_planks":40,"minecraft:cobblestone_wall":4,"minecraft:mushroom_stew":1,"minecraft:tuff":6,"minecraft:lily_pad":32,"minecraft:oak_log":5,"minecraft:gunpowder":64,"projectvibrantjourneys:oak_hollow_log":2,"minecraft:acacia_boat":1,"projectvibrantjourneys:rocks":6,"minecraft:lapis_lazuli":33,"minecraft:wooden_hoe":1,"projectvibrantjourneys:spruce_hollow_log":8,"farmersdelight:tomato":1,"minecraft:dirt":1541,"zombie_more:crawler_gut":1,"max_armory:iron_machete":4,"minecraft:cooked_mutton":6,"minecraft:bone":11,"minecraft:stone_bricks":2,"minecraft:bow":1,"minecraft:orange_tulip":1,"minecraft:wheat_seeds":88,"minecraft:raw_gold":13,"minecraft:iron_ingot":72,"minecraft:stone_pickaxe":13,"minecraft:diamond_helmet":2,"minecraft:iron_sword":2,"minecraft:oak_planks":2,"minecraft:birch_boat":3,"minecraft:pumpkin":5,"minecraft:sweet_berries":285,"psg:raw_potassium":20,"minecraft:gravel":7,"minecraft:dripstone_block":22,"minecraft:grass_block":2,"minecraft:spruce_log":21,"minecraft:spider_eye":2,"minecraft:dark_oak_log":3,"minecraft:spruce_door":3,"minecraft:pumpkin_seeds":4,"tacz:modern_kinetic_gun":1,"minecraft:stone_axe":4,"minecraft:iron_helmet":12,"minecraft:granite":1,"minecraft:bone_meal":159,"minecraft:gray_wool":2,"minecraft:bread":1,"alexsmobs:maggot":2,"projectvibrantjourneys:orange_bark_mushroom":6,"minecraft:oak_sapling":2,"minecraft:coal":91,"minecraft:ender_pearl":2}},"DataVersion":3465}