{"stats":{"minecraft:killed":{"minecraft:sheep":1,"alexsmobs:terrapin":1},"minecraft:custom":{"minecraft:interact_with_furnace":1,"minecraft:mob_kills":2,"minecraft:interact_with_crafting_table":12,"minecraft:open_barrel":1,"minecraft:leave_game":3,"minecraft:time_since_death":109864,"minecraft:sleep_in_bed":1,"minecraft:time_since_rest":71987,"minecraft:sprint_one_cm":98355,"minecraft:damage_taken":629,"minecraft:walk_one_cm":415599,"minecraft:drop":32,"minecraft:damage_dealt":997,"minecraft:talked_to_villager":32,"minecraft:fly_one_cm":106653,"minecraft:open_chest":31,"minecraft:crouch_one_cm":17211,"minecraft:play_time":110273,"minecraft:deaths":1,"minecraft:sneak_time":4781,"minecraft:walk_under_water_one_cm":1033,"minecraft:jump":877,"minecraft:walk_on_water_one_cm":15425,"minecraft:enchant_item":1,"minecraft:total_world_time":110273,"minecraft:fall_one_cm":7076},"minecraft:crafted":{"minecraft:ancient_debris":5,"minecraft:cobblestone_slab":6,"minecraft:spruce_planks":16,"minecraft:air":0,"minecraft:glass_pane":16,"minecraft:glass":8,"minecraft:diamond_pickaxe":2,"minecraft:stick":8,"minecraft:white_bed":5,"minecraft:redstone_torch":3,"minecraft:torch":32,"minecraft:minecart":1},"minecraft:picked_up":{"minecraft:coarse_dirt":1,"minecraft:crafting_table":4,"minecraft:stone_brick_stairs":20,"minecraft:flint":1,"create:raw_zinc":6,"minecraft:dirt":15,"minecraft:raw_copper":74,"minecraft:red_carpet":1,"minecraft:blackstone":1,"minecraft:acacia_planks":2,"minecraft:oak_sign":3,"minecraft:acacia_fence_gate":2,"minecraft:iron_pickaxe":1,"minecraft:powered_rail":4,"tacz:gun_smith_table":2,"minecraft:egg":2,"minecraft:furnace":1,"psg:raw_potassium":8,"minecraft:oak_fence":7,"minecraft:torch":13,"minecraft:quartz":1,"minecraft:gravel":47,"automobility:automobile_assembler":2,"minecraft:stripped_spruce_log":4,"minecraft:rotten_flesh":4,"farmersdelight:cooked_chicken_cuts":2,"k_turrets:raw_titanium":4,"minecraft:diamond_axe":1,"minecraft:spruce_sign":2,"minecraft:blaze_rod":1,"minecraft:damaged_anvil":1,"minecraft:mutton":1,"minecraft:coal":29,"minecraft:rail":13,"minecraft:white_wool":28,"minecraft:cobblestone":1652},"minecraft:dropped":{"minecraft:gravel":3,"minecraft:diamond_axe":1,"minecraft:cooked_beef":2,"minecraft:coarse_dirt":1,"minecraft:blaze_rod":1,"minecraft:raw_copper":37,"minecraft:cobblestone":137,"minecraft:rotten_flesh":4,"psg:raw_potassium":4,"minecraft:cobblestone_slab":4,"minecraft:torch":2,"minecraft:diamond_pickaxe":1,"minecraft:iron_pickaxe":3,"minecraft:calcite":37,"create:raw_zinc":6},"minecraft:mined":{"create:zinc_ore":8,"minecraft:blackstone":3,"psg:potassium_ore":4,"psg:sulphur_ore":6,"minecraft:oak_fence":7,"minecraft:crafting_table":4,"minecraft:torch":4,"minecraft:glass":10,"minecraft:copper_ore":9,"minecraft:cobblestone":108,"minecraft:damaged_anvil":1,"tacz:gun_smith_table":2,"minecraft:oak_wall_sign":3,"minecraft:wall_torch":2,"minecraft:coarse_dirt":1,"minecraft:powered_rail":4,"minecraft:furnace":1,"minecraft:acacia_fence_gate":2,"automobility:automobile_assembler":2,"minecraft:stripped_spruce_log":4,"minecraft:stone_brick_stairs":26,"k_turrets:titanium_ore":4,"minecraft:coal_ore":26,"minecraft:rail":10,"minecraft:gravel":33,"minecraft:dirt":17,"minecraft:acacia_planks":2,"minecraft:stone":2303},"minecraft:killed_by":{"hordes:zombie_player":1},"minecraft:used":{"minecraft:oak_fence":5,"minecraft:water_bucket":23,"minecraft:damaged_anvil":1,"minecraft:powered_rail":6,"minecraft:oak_sign":3,"tacz:gun_smith_table":2,"minecraft:diamond_axe":20,"minecraft:cobblestone_slab":2,"minecraft:torch":24,"minecraft:rail":13,"minecraft:crafting_table":3,"minecraft:white_bed":5,"automobility:automobile_assembler":2,"minecraft:redstone_torch":3,"minecraft:glass":10,"minecraft:diamond_pickaxe":2525,"minecraft:diamond_shovel":42,"minecraft:gravel":12,"minecraft:stone_brick_stairs":15,"minecraft:acacia_fence_gate":2,"marbledsarsenal:machete":7,"minecraft:red_carpet":1,"minecraft:cobblestone":226,"minecraft:furnace":1,"minecraft:minecart":1,"minecraft:bucket":23,"minecraft:glass_pane":9,"minecraft:cooked_beef":5}},"DataVersion":3465}