{"stats":{"minecraft:killed":{"hordes:zombie_player":1,"minecraft:drowned":1,"zombie_more:crawler_zombie":1,"minecraft:sheep":1,"alexsmobs:terrapin":1},"minecraft:custom":{"minecraft:mob_kills":5,"minecraft:interact_with_crafting_table":15,"minecraft:open_barrel":1,"minecraft:damage_dealt_resisted":54,"minecraft:leave_game":3,"minecraft:time_since_death":187864,"minecraft:sprint_one_cm":146217,"minecraft:walk_one_cm":616312,"minecraft:drop":81,"minecraft:talked_to_villager":32,"minecraft:play_time":188273,"minecraft:deaths":1,"minecraft:sneak_time":9625,"minecraft:walk_under_water_one_cm":1033,"minecraft:jump":1453,"minecraft:walk_on_water_one_cm":15978,"minecraft:enchant_item":1,"minecraft:total_world_time":188273,"minecraft:interact_with_furnace":1,"minecraft:interact_with_stonecutter":19,"minecraft:sleep_in_bed":1,"minecraft:time_since_rest":149987,"minecraft:damage_taken":704,"minecraft:damage_dealt":2353,"minecraft:fly_one_cm":160979,"minecraft:open_chest":37,"minecraft:crouch_one_cm":27058,"minecraft:fall_one_cm":11904},"minecraft:crafted":{"minecraft:ancient_debris":5,"minecraft:cobblestone_slab":6,"create:calcite_pillar":2,"minecraft:glass_pane":16,"minecraft:glass":8,"create:small_calcite_bricks":6,"minecraft:minecart":1,"create:cut_calcite_brick_stairs":4,"create:cut_calcite_slab":2,"minecraft:spruce_planks":16,"create:cut_calcite_bricks":1,"minecraft:air":0,"minecraft:diamond_pickaxe":2,"minecraft:stick":8,"minecraft:white_bed":5,"minecraft:redstone_torch":3,"minecraft:torch":32},"minecraft:picked_up":{"minecraft:crafting_table":4,"minecraft:coarse_dirt":1,"create:cut_calcite_slab":2,"minecraft:stone_brick_stairs":49,"minecraft:amethyst_block":433,"create:small_calcite_bricks":3,"minecraft:raw_copper":78,"minecraft:blackstone":4,"minecraft:oak_sign":3,"minecraft:cobbled_deepslate":2,"create:calcite_pillar":2,"minecraft:acacia_fence_gate":2,"minecraft:calcite":652,"minecraft:iron_pickaxe":1,"minecraft:furnace":1,"minecraft:egg":2,"minecraft:raw_iron":8,"minecraft:oak_fence":7,"minecraft:torch":18,"automobility:automobile_assembler":2,"pointblank:gunmetal_nugget":6,"minecraft:rotten_flesh":4,"farmersdelight:cooked_chicken_cuts":2,"k_turrets:raw_titanium":4,"create:cut_calcite_bricks":70,"minecraft:blaze_rod":1,"minecraft:mutton":1,"minecraft:white_wool":28,"minecraft:rail":13,"minecraft:cobblestone":1768,"create:cut_calcite_brick_slab":2,"minecraft:cooked_beef":2,"minecraft:flint":8,"create:raw_zinc":7,"minecraft:lapis_lazuli":33,"minecraft:dirt":35,"create:cut_calcite_stairs":4,"minecraft:red_carpet":1,"minecraft:acacia_planks":2,"minecraft:raw_gold":5,"tacz:gun_smith_table":2,"minecraft:powered_rail":4,"minecraft:smooth_basalt":5,"psg:raw_potassium":8,"minecraft:quartz":1,"minecraft:gravel":86,"minecraft:amethyst_shard":26,"minecraft:stripped_spruce_log":4,"minecraft:diamond_axe":1,"minecraft:spruce_sign":2,"minecraft:damaged_anvil":1,"minecraft:coal":29},"minecraft:dropped":{"minecraft:iron_ingot":6,"minecraft:diamond_axe":1,"minecraft:lapis_lazuli":8,"minecraft:cooked_beef":7,"minecraft:diamond":3,"minecraft:cobblestone":612,"minecraft:flint":1,"minecraft:dirt":24,"minecraft:torch":2,"minecraft:mutton":1,"create:cut_calcite_bricks":64,"minecraft:iron_pickaxe":3,"create:raw_zinc":7,"minecraft:gravel":3,"minecraft:coarse_dirt":1,"minecraft:blaze_rod":1,"minecraft:raw_copper":37,"minecraft:raw_iron":3,"minecraft:rotten_flesh":4,"psg:raw_potassium":4,"pointblank:gunmetal_nugget":6,"minecraft:cobblestone_slab":4,"minecraft:diamond_pickaxe":1,"minecraft:calcite":93,"minecraft:egg":2},"minecraft:mined":{"create:zinc_ore":8,"create:deepslate_zinc_ore":1,"create:cut_calcite_bricks":62,"create:cut_calcite_slab":1,"projectvibrantjourneys:rocks":1,"psg:sulphur_ore":7,"minecraft:granite":20,"minecraft:budding_amethyst":2,"minecraft:grass_block":1,"tacz:gun_smith_table":2,"minecraft:oak_wall_sign":3,"minecraft:rooted_dirt":1,"create:small_calcite_bricks":3,"minecraft:furnace":1,"automobility:automobile_assembler":2,"minecraft:cobbled_deepslate":3,"minecraft:stripped_spruce_log":4,"create:calcite_pillar":2,"minecraft:deepslate_iron_ore":9,"minecraft:rail":10,"minecraft:small_amethyst_bud":1,"minecraft:stone":2457,"create:cut_calcite_stairs":4,"minecraft:blackstone":7,"create:cut_calcite_brick_slab":4,"minecraft:amethyst_cluster":6,"psg:potassium_ore":4,"minecraft:oak_fence":7,"minecraft:crafting_table":4,"minecraft:torch":4,"minecraft:calcite":399,"minecraft:cobblestone":141,"minecraft:glass":10,"minecraft:copper_ore":10,"minecraft:tall_grass":1,"minecraft:lapis_ore":5,"minecraft:deepslate_gold_ore":8,"minecraft:damaged_anvil":1,"minecraft:wall_torch":2,"minecraft:amethyst_block":479,"minecraft:coarse_dirt":2,"minecraft:powered_rail":4,"minecraft:acacia_fence_gate":2,"minecraft:stone_brick_stairs":58,"k_turrets:titanium_ore":4,"minecraft:coal_ore":26,"minecraft:gravel":74,"minecraft:sand":9,"minecraft:dirt":33,"minecraft:smooth_basalt":5,"minecraft:acacia_planks":2,"minecraft:deepslate":14},"minecraft:killed_by":{"hordes:zombie_player":1},"minecraft:used":{"minecraft:oak_fence":5,"create:calcite_pillar":22,"minecraft:oak_sign":3,"tacz:gun_smith_table":2,"create:cut_calcite_slab":34,"minecraft:torch":40,"automobility:automobile_assembler":2,"minecraft:glass":10,"create:cut_calcite_brick_stairs":42,"minecraft:stone_brick_stairs":20,"minecraft:smooth_basalt":5,"create:small_calcite_bricks":9,"minecraft:red_carpet":1,"minecraft:furnace":1,"create:cut_calcite_brick_slab":130,"minecraft:minecart":1,"minecraft:cooked_beef":7,"minecraft:cobbled_deepslate":2,"minecraft:calcite":39,"minecraft:water_bucket":30,"minecraft:damaged_anvil":1,"minecraft:amethyst_block":92,"minecraft:powered_rail":6,"minecraft:blackstone":3,"minecraft:diamond_axe":20,"minecraft:cobblestone_slab":2,"minecraft:rail":13,"minecraft:crafting_table":3,"minecraft:white_bed":5,"minecraft:redstone_torch":3,"create:cut_calcite_stairs":4,"minecraft:diamond_pickaxe":3785,"minecraft:diamond_shovel":105,"farmersdelight:cooked_chicken_cuts":2,"minecraft:gravel":27,"marbledsarsenal:machete":44,"minecraft:acacia_fence_gate":2,"minecraft:cobblestone":269,"minecraft:bucket":30,"minecraft:glass_pane":9},"minecraft:broken":{"minecraft:diamond_pickaxe":1}},"DataVersion":3465}