{"stats":{"minecraft:killed":{"zombie_more:cursed_zombie":2,"hordes:zombie_player":1,"alexsmobs:raccoon":1,"minecraft:spider":2,"minecraft:phantom":1,"minecraft:skeleton":3,"alexsmobs:blue_jay":2,"zombie_more:boomer_zombie":1,"minecraft:pig":1,"zombie_more:crawler_zombie":1,"mutantmonsters:mutant_skeleton":1,"minecraft:creeper":1,"minecraft:sheep":15,"minecraft:zombie":8,"zombie_more:explosive_zombie":1,"minecraft:cow":21,"minecraft:enderman":1},"minecraft:mined":{"minecraft:deepslate_tiles":11,"minecraft:diamond_ore":2,"create:deepslate_zinc_ore":1,"minecraft:tuff":61,"minecraft:spruce_planks":5,"minecraft:deepslate_diamond_ore":48,"minecraft:jungle_leaves":1,"projectvibrantjourneys:rocks":1,"minecraft:brewing_stand":1,"psg:sulphur_ore":17,"minecraft:cave_vines_plant":1,"minecraft:grass_block":16,"minecraft:jungle_log":5,"minecraft:soul_soil":1,"minecraft:deepslate_bricks":48,"minecraft:deepslate_tile_stairs":1,"tacz:gun_smith_table":1,"minecraft:deepslate_brick_slab":1,"minecraft:furnace":15,"minecraft:iron_ore":137,"minecraft:cobbled_deepslate":35,"minecraft:diamond_block":1,"minecraft:pumpkin":26,"minecraft:moss_carpet":1,"minecraft:deepslate_lapis_ore":7,"minecraft:gold_block":6,"minecraft:enchanting_table":2,"minecraft:polished_deepslate":50,"minecraft:bookshelf":5,"minecraft:deepslate_iron_ore":18,"minecraft:vine":1,"minecraft:iron_bars":1,"minecraft:stone":1118,"psg:potassium_ore":21,"psg:deepslate_sulphur_ore":2,"minecraft:clay":106,"minecraft:crafting_table":17,"projectvibrantjourneys:twigs":1,"minecraft:melon":1,"minecraft:chest":10,"projectvibrantjourneys:natural_cobweb":1,"minecraft:copper_ore":72,"minecraft:cobblestone":33,"minecraft:lapis_ore":13,"minecraft:deepslate_gold_ore":25,"projectvibrantjourneys:fallen_leaves":1,"minecraft:cracked_deepslate_bricks":5,"minecraft:spruce_stairs":2,"minecraft:birch_planks":3,"minecraft:birch_log":34,"minecraft:spruce_log":15,"minecraft:orange_tulip":1,"k_turrets:titanium_ore":2,"minecraft:grass":4,"minecraft:cracked_deepslate_tiles":8,"minecraft:coal_ore":324,"projectvibrantjourneys:short_grass":12,"minecraft:gravel":3,"minecraft:sand":4,"minecraft:dirt":105,"minecraft:ancient_debris":2,"minecraft:oak_leaves":6,"minecraft:deepslate":381,"minecraft:fern":2},"minecraft:broken":{"minecraft:stone_pickaxe":4,"minecraft:iron_pickaxe":1},"minecraft:killed_by":{"hordes:zombie_player":1,"zombie_more:crawler_zombie":1,"minecraft:zombie":2},"minecraft:custom":{"minecraft:mob_kills":63,"minecraft:interact_with_crafting_table":59,"minecraft:damage_dealt_resisted":487,"minecraft:leave_game":5,"minecraft:time_since_death":213035,"minecraft:climb_one_cm":1357,"minecraft:sprint_one_cm":149838,"minecraft:walk_one_cm":364702,"minecraft:drop":119,"minecraft:play_time":230996,"minecraft:deaths":4,"minecraft:sneak_time":14806,"minecraft:walk_under_water_one_cm":3970,"minecraft:jump":1711,"minecraft:walk_on_water_one_cm":5217,"minecraft:enchant_item":2,"minecraft:total_world_time":230996,"minecraft:interact_with_furnace":138,"minecraft:sleep_in_bed":2,"minecraft:time_since_rest":30736,"minecraft:damage_taken":1762,"minecraft:damage_dealt":7563,"minecraft:player_kills":2,"minecraft:swim_one_cm":4776,"minecraft:fly_one_cm":302201,"minecraft:open_chest":43,"minecraft:crouch_one_cm":38838,"minecraft:fall_one_cm":37779},"minecraft:used":{"minecraft:enchanting_table":1,"minecraft:chest":1,"tacz:gun_smith_table":1,"minecraft:spruce_planks":4,"minecraft:dirt":10,"minecraft:spruce_stairs":1,"minecraft:golden_carrot":3,"minecraft:beef":15,"minecraft:sweet_berries":25,"minecraft:soul_soil":1,"minecraft:furnace":15,"minecraft:cobbled_deepslate":179,"minecraft:birch_planks":18,"minecraft:stone_pickaxe":597,"minecraft:wooden_pickaxe":30,"minecraft:diamond_axe":93,"minecraft:deepslate_bricks":2,"psg:sulphur_sack":1,"minecraft:golden_apple":4,"minecraft:crafting_table":17,"minecraft:deepslate_tiles":5,"minecraft:diamond_pickaxe":1653,"minecraft:apple":1,"minecraft:bread":10,"minecraft:iron_pickaxe":392,"minecraft:spruce_sapling":2,"marbledsarsenal:machete":127,"minecraft:stone_axe":17,"minecraft:wooden_sword":3,"minecraft:cobblestone":148},"minecraft:crafted":{"marbledsarsenal:swat_armor_leggings":1,"marbledsarsenal:desert_military_armor_boots":1,"minecraft:coal":126,"marbledsarsenal:swat_armor_chestplate":1,"minecraft:iron_nugget":72,"psg:sulphur_sack":7,"usefulbackpacks:backpack_small":1,"minecraft:furnace":10,"marbledsarsenal:desert_military_armor_helmet":1,"minecraft:diamond_block":5,"minecraft:diamond":54,"minecraft:iron_boots":1,"marbledsarsenal:machete":1,"psg:potassium":40,"minecraft:stone_pickaxe":5,"minecraft:chest":1,"marbledsapi:steel_ingot":25,"usefulbackpacks:backpack_medium":1,"minecraft:copper_block":22,"minecraft:cooked_beef":12,"minecraft:coal_block":21,"marbledsapi:steel_sheet":8,"minecraft:crafting_table":2,"minecraft:wooden_pickaxe":2,"minecraft:iron_helmet":1,"minecraft:copper_ingot":392,"minecraft:gold_block":2,"minecraft:birch_planks":64,"minecraft:stone_axe":2,"minecraft:air":0,"minecraft:jungle_planks":16,"minecraft:blue_dye":4,"marbledsapi:raw_steel":25,"minecraft:iron_chestplate":1,"minecraft:diamond_pickaxe":1,"minecraft:shield":1,"minecraft:stick":28,"usefulbackpacks:backpack_large":1,"minecraft:iron_ingot":215,"minecraft:iron_pickaxe":2,"minecraft:iron_block":8,"minecraft:iron_leggings":1,"minecraft:gold_ingot":91,"minecraft:lapis_lazuli":9,"minecraft:lapis_block":7,"minecraft:diamond_chestplate":1},"minecraft:dropped":{"minecraft:iron_ingot":18,"minecraft:diamond_axe":1,"minecraft:lapis_lazuli":2,"minecraft:diamond":4,"minecraft:crafting_table":5,"minecraft:diamond_leggings":4,"minecraft:iron_helmet":2,"minecraft:cobblestone":594,"minecraft:lead":6,"minecraft:apple":1,"minecraft:copper_ingot":14,"minecraft:spruce_stairs":1,"minecraft:stick":9,"minecraft:flint":1,"minecraft:emerald":1,"minecraft:blue_dye":2,"projectvibrantjourneys:fallen_leaves":1,"minecraft:diamond_helmet":1,"minecraft:iron_leggings":1,"minecraft:phantom_membrane":1,"minecraft:string":2,"minecraft:bucket":5,"projectvibrantjourneys:bark_mushroom":1,"create:raw_zinc":1,"minecraft:polished_deepslate":2,"usefulbackpacks:backpack_large":1,"minecraft:furnace":13,"minecraft:stone_axe":1,"minecraft:moss_carpet":1,"minecraft:sweet_berries":2,"marbledsarsenal:machete":1,"minecraft:raw_copper":3,"minecraft:cobbled_deepslate":249,"minecraft:wheat":1,"minecraft:rotten_flesh":8,"minecraft:clay_ball":80,"minecraft:iron_boots":1,"psg:raw_potassium":2,"psg:sulphur":6,"minecraft:deepslate_bricks":11,"minecraft:diamond_chestplate":1,"minecraft:iron_chestplate":1,"minecraft:spider_eye":2,"minecraft:diamond_boots":1,"minecraft:spruce_log":2,"minecraft:cracked_deepslate_bricks":3},"minecraft:picked_up":{"minecraft:crafting_table":21,"minecraft:clay_ball":260,"minecraft:lead":3,"minecraft:gold_block":6,"marbledsarsenal:swat_armor_chestplate":1,"minecraft:brewing_stand":1,"minecraft:polished_deepslate":47,"minecraft:string":5,"minecraft:moss_carpet":1,"minecraft:soul_soil":1,"minecraft:raw_copper":284,"tacz:ammo":239,"minecraft:deepslate_tiles":10,"minecraft:diamond_leggings":2,"minecraft:beef":42,"minecraft:cobbled_deepslate":518,"minecraft:bucket":4,"minecraft:spruce_planks":4,"minecraft:melon_slice":7,"minecraft:phantom_membrane":1,"minecraft:furnace":19,"marbledsarsenal:machete":1,"minecraft:stick":7,"minecraft:raw_iron":155,"minecraft:copper_ingot":50,"projectvibrantjourneys:bark_mushroom":2,"minecraft:torch":1,"minecraft:spruce_stairs":2,"psg:sulphur":85,"minecraft:deepslate_tile_stairs":1,"minecraft:rotten_flesh":8,"minecraft:deepslate_bricks":45,"minecraft:cracked_deepslate_bricks":4,"minecraft:glow_berries":1,"minecraft:iron_bars":1,"minecraft:white_wool":14,"minecraft:cobblestone":774,"minecraft:cracked_deepslate_tiles":8,"minecraft:birch_log":31,"minecraft:enchanting_table":2,"minecraft:jungle_log":4,"projectvibrantjourneys:fallen_leaves":1,"minecraft:leather":21,"minecraft:birch_planks":3,"minecraft:flint":1,"create:raw_zinc":1,"minecraft:tuff":40,"minecraft:ancient_debris":2,"minecraft:gunpowder":3,"minecraft:lapis_lazuli":139,"minecraft:dirt":49,"zombie_more:crawler_gut":1,"minecraft:apple":1,"minecraft:wheat_seeds":1,"minecraft:orange_tulip":1,"minecraft:deepslate_brick_slab":1,"minecraft:raw_gold":25,"minecraft:iron_ingot":37,"tacz:gun_smith_table":1,"minecraft:book":15,"marbledsarsenal:swat_armor_leggings":1,"minecraft:pumpkin":25,"minecraft:sweet_berries":38,"psg:raw_potassium":43,"minecraft:sand":5,"minecraft:spruce_sapling":2,"usefulbackpacks:backpack_large":1,"minecraft:spruce_log":17,"minecraft:diamond_block":1,"minecraft:spider_eye":2,"minecraft:diamond":50,"minecraft:stone_axe":1,"tacz:modern_kinetic_gun":2,"minecraft:diamond_axe":1,"minecraft:bread":1,"minecraft:coal":546}},"DataVersion":3465}