{"stats":{"minecraft:crafted":{"minecraft:crafting_table":2,"minecraft:spruce_planks":32,"minecraft:wooden_pickaxe":1,"minecraft:furnace":1,"minecraft:stone_axe":1,"minecraft:cooked_mutton":11,"minecraft:air":0,"minecraft:stick":8,"minecraft:stone_pickaxe":2,"minecraft:stone_sword":1},"minecraft:broken":{"minecraft:stone_pickaxe":1},"minecraft:picked_up":{"minecraft:crafting_table":1,"projectvibrantjourneys:fallen_leaves":2,"minecraft:tuff":2,"minecraft:dirt":1,"minecraft:string":2,"minecraft:raw_copper":65,"minecraft:wooden_sword":1,"minecraft:bone":1,"minecraft:wheat_seeds":1,"minecraft:spruce_planks":2,"minecraft:light_gray_wool":1,"alexsmobs:raccoon_tail":1,"minecraft:furnace":1,"minecraft:raw_iron":8,"minecraft:stick":1,"pointblank:gunmetal_nugget":2,"minecraft:spruce_sapling":2,"minecraft:spruce_log":8,"minecraft:arrow":2,"minecraft:rotten_flesh":2,"create:veridium":6,"minecraft:mutton":16,"minecraft:coal":58,"minecraft:white_wool":10,"minecraft:cobblestone":60},"minecraft:dropped":{"minecraft:wooden_sword":1},"minecraft:custom":{"minecraft:interact_with_furnace":3,"minecraft:mob_kills":15,"minecraft:interact_with_crafting_table":5,"minecraft:leave_game":2,"minecraft:time_since_death":36258,"minecraft:time_since_rest":36258,"minecraft:sprint_one_cm":20758,"minecraft:walk_one_cm":54027,"minecraft:damage_taken":423,"minecraft:damage_blocked_by_shield":315,"minecraft:drop":1,"minecraft:damage_dealt":1627,"minecraft:fly_one_cm":55774,"minecraft:player_kills":1,"minecraft:crouch_one_cm":10756,"minecraft:play_time":36258,"minecraft:sneak_time":3729,"minecraft:jump":336,"minecraft:total_world_time":36258,"minecraft:fall_one_cm":8977},"minecraft:used":{"minecraft:cooked_mutton":2,"minecraft:stone_sword":11,"minecraft:stone_pickaxe":147,"minecraft:wooden_pickaxe":13,"minecraft:spruce_planks":6,"minecraft:shield":5,"minecraft:rotten_flesh":1,"minecraft:crafting_table":2,"projectvibrantjourneys:fallen_leaves":1,"minecraft:bread":3,"minecraft:spruce_sapling":2,"minecraft:stone_axe":10,"minecraft:wooden_sword":21,"minecraft:cobblestone":24,"minecraft:furnace":1,"alexsmobs:animal_dictionary":1},"minecraft:killed":{"zombie_more:crawler_zombie":1,"alexsmobs:raccoon":1,"minecraft:sheep":11,"minecraft:skeleton":1,"minecraft:zombie":1},"minecraft:mined":{"minecraft:tuff":2,"minecraft:spruce_planks":2,"projectvibrantjourneys:rocks":1,"minecraft:crafting_table":2,"projectvibrantjourneys:twigs":1,"minecraft:grass_block":1,"projectvibrantjourneys:mossy_rocks":1,"minecraft:copper_ore":18,"minecraft:tall_grass":1,"minecraft:cobblestone":2,"minecraft:spruce_leaves":1,"projectvibrantjourneys:fallen_leaves":1,"minecraft:furnace":1,"minecraft:iron_ore":8,"minecraft:spruce_log":1,"minecraft:grass":3,"minecraft:coal_ore":58,"projectvibrantjourneys:short_grass":3,"minecraft:cobweb":2,"minecraft:stone":62,"create:veridium":6}},"DataVersion":3465}