{"stats":{"minecraft:killed":{"hordes:zombie_player":4,"minecraft:spider":1,"minecraft:chicken":1,"alexsmobs:kangaroo":3,"minecraft:pig":2,"minecraft:salmon":4,"minecraft:sheep":7,"alexsmobs:catfish":2,"minecraft:zombie":2,"minecraft:cow":9},"minecraft:mined":{"minecraft:tuff":2,"minecraft:red_carpet":2,"minecraft:spruce_planks":1,"minecraft:farmland":1,"minecraft:spruce_trapdoor":2,"projectvibrantjourneys:rocks":1,"psg:sulphur_ore":6,"minecraft:granite":2,"minecraft:cave_vines_plant":2,"minecraft:spruce_fence":2,"minecraft:grass_block":9,"minecraft:stone_brick_wall":10,"minecraft:composter":1,"minecraft:moss_block":1,"minecraft:rooted_dirt":3,"minecraft:oak_trapdoor":2,"minecraft:iron_ore":64,"minecraft:andesite":255,"minecraft:target":1,"minecraft:stripped_spruce_log":1,"minecraft:mossy_stone_brick_stairs":3,"minecraft:cave_vines":1,"minecraft:rail":9,"minecraft:iron_bars":1,"minecraft:spruce_pressure_plate":1,"minecraft:stripped_oak_log":1,"minecraft:stone":1122,"minecraft:red_bed":3,"psg:potassium_ore":19,"minecraft:crafting_table":7,"minecraft:chest":2,"projectvibrantjourneys:natural_cobweb":4,"minecraft:andesite_wall":3,"minecraft:stone_slab":2,"minecraft:glass":1,"minecraft:cobblestone":72,"minecraft:copper_ore":38,"minecraft:tall_grass":1,"minecraft:lapis_ore":9,"minecraft:sugar_cane":2,"minecraft:oak_planks":2,"minecraft:damaged_anvil":2,"minecraft:purple_bed":2,"minecraft:coarse_dirt":12,"minecraft:wheat":1,"minecraft:sweet_berry_bush":21,"minecraft:yellow_bed":3,"minecraft:stone_brick_stairs":4,"minecraft:grass":1,"minecraft:coal_ore":77,"minecraft:oak_log":15,"projectvibrantjourneys:short_grass":9,"minecraft:gravel":22,"minecraft:sand":84,"minecraft:dirt":68,"minecraft:cracked_stone_bricks":11,"minecraft:stone_bricks":53,"minecraft:mossy_stone_bricks":15,"minecraft:deepslate":1},"minecraft:broken":{"minecraft:stone_pickaxe":9,"minecraft:iron_pickaxe":2},"minecraft:killed_by":{"minecraft:player":1},"minecraft:custom":{"minecraft:mob_kills":35,"minecraft:interact_with_anvil":3,"minecraft:interact_with_crafting_table":38,"minecraft:open_barrel":9,"minecraft:damage_dealt_resisted":23,"minecraft:leave_game":7,"minecraft:time_since_death":32447,"minecraft:climb_one_cm":3378,"minecraft:sprint_one_cm":214309,"minecraft:walk_one_cm":442731,"minecraft:drop":89,"minecraft:talked_to_villager":2,"minecraft:play_time":203567,"minecraft:deaths":3,"minecraft:sneak_time":8772,"minecraft:walk_under_water_one_cm":11367,"minecraft:boat_one_cm":282924,"minecraft:jump":2091,"minecraft:interact_with_blast_furnace":26,"minecraft:walk_on_water_one_cm":29555,"minecraft:enchant_item":1,"minecraft:total_world_time":203567,"minecraft:interact_with_furnace":8,"minecraft:sleep_in_bed":5,"minecraft:time_since_rest":32478,"minecraft:damage_taken":1077,"minecraft:damage_dealt":4933,"minecraft:fly_one_cm":391201,"minecraft:swim_one_cm":20912,"minecraft:player_kills":2,"minecraft:open_chest":91,"minecraft:crouch_one_cm":20936,"minecraft:interact_with_smoker":28,"minecraft:fall_one_cm":44829},"minecraft:used":{"minecraft:oak_trapdoor":2,"minecraft:stone_shovel":114,"minecraft:spruce_planks":1,"minecraft:chest":11,"minecraft:stone_hoe":99,"minecraft:torch":9,"minecraft:dirt":142,"minecraft:tuff":1,"minecraft:spruce_fence":2,"minecraft:spruce_boat":1,"minecraft:glass":13,"minecraft:rooted_dirt":1,"minecraft:stone_bricks":9,"minecraft:red_carpet":10,"minecraft:sweet_berries":1,"minecraft:furnace":1,"minecraft:cooked_beef":4,"minecraft:cobbled_deepslate":1,"minecraft:wheat_seeds":1,"minecraft:cooked_mutton":1,"minecraft:acacia_boat":2,"minecraft:water_bucket":14,"minecraft:mossy_stone_bricks":2,"minecraft:damaged_anvil":2,"minecraft:powered_rail":3,"minecraft:stone_pickaxe":1164,"minecraft:oak_planks":2,"minecraft:baked_potato":6,"minecraft:composter":3,"minecraft:spruce_sign":5,"minecraft:rail":24,"minecraft:sand":1,"minecraft:crafting_table":9,"minecraft:red_bed":2,"minecraft:oak_log":1,"minecraft:bread":2,"minecraft:iron_pickaxe":681,"minecraft:spruce_trapdoor":7,"minecraft:gravel":3,"marbledsarsenal:machete":105,"minecraft:stone_axe":11,"minecraft:wooden_sword":16,"minecraft:cobblestone":227,"minecraft:purple_bed":2,"minecraft:porkchop":2,"minecraft:bucket":14,"minecraft:yellow_bed":4,"minecraft:oak_boat":1,"minecraft:coarse_dirt":3},"minecraft:crafted":{"minecraft:oak_planks":56,"minecraft:stone_shovel":1,"minecraft:cooked_chicken":1,"usefulbackpacks:backpack_small":1,"minecraft:furnace":1,"minecraft:cooked_mutton":1,"minecraft:glass":24,"minecraft:spruce_slab":18,"minecraft:stone_pickaxe":8,"minecraft:chest":9,"minecraft:spruce_boat":1,"alexsmobs:cooked_catfish":5,"minecraft:rail":16,"minecraft:stone_hoe":1,"minecraft:cooked_beef":19,"minecraft:cooked_porkchop":3,"minecraft:spruce_sign":6,"minecraft:crafting_table":2,"pointblank:gunmetal_ingot":1,"minecraft:powered_rail":6,"alexsmobs:cooked_kangaroo_meat":4,"minecraft:cooked_salmon":4,"minecraft:copper_ingot":53,"minecraft:stone_axe":1,"minecraft:acacia_boat":1,"minecraft:air":0,"minecraft:oak_boat":1,"minecraft:spruce_trapdoor":2,"minecraft:white_wool":1,"minecraft:stick":32,"minecraft:iron_pickaxe":1,"minecraft:iron_ingot":37,"minecraft:composter":2,"minecraft:acacia_planks":4,"minecraft:torch":8,"minecraft:shears":1},"minecraft:dropped":{"minecraft:iron_ingot":9,"minecraft:oak_slab":4,"minecraft:dark_oak_stairs":4,"minecraft:wheat_seeds":3,"minecraft:feather":2,"minecraft:cobblestone":716,"minecraft:andesite_wall":1,"minecraft:lantern":2,"minecraft:rooted_dirt":4,"minecraft:mossy_stone_brick_stairs":1,"minecraft:cracked_stone_bricks":2,"minecraft:spruce_door":1,"minecraft:spruce_stairs":1,"minecraft:coal":12,"minecraft:stick":2,"minecraft:spruce_fence_gate":2,"minecraft:dirt":1,"minecraft:torch":1,"minecraft:oak_stairs":2,"minecraft:gold_nugget":3,"minecraft:acacia_planks":1,"projectvibrantjourneys:bark_mushroom":1,"create:raw_zinc":2,"minecraft:bone":1,"minecraft:gravel":1,"minecraft:oak_trapdoor":3,"minecraft:iron_nugget":1,"minecraft:coarse_dirt":5,"minecraft:chicken":1,"minecraft:stripped_oak_log":3,"minecraft:stone_slab":2,"psg:raw_potassium":13,"minecraft:oak_sign":1,"minecraft:target":1,"alexsmobs:kangaroo_hide":1,"farmersdelight:cutting_board":3,"minecraft:mossy_stone_brick_wall":1,"minecraft:spruce_trapdoor":3,"minecraft:spruce_planks":18,"minecraft:mossy_stone_bricks":1,"minecraft:spruce_pressure_plate":1,"minecraft:oak_sapling":2,"minecraft:stone_bricks":7,"minecraft:spruce_slab":7,"minecraft:iron_bars":1,"minecraft:arrow":1},"minecraft:picked_up":{"minecraft:coarse_dirt":12,"minecraft:crafting_table":8,"minecraft:wheat":1,"minecraft:chicken":2,"minecraft:stone_slab":2,"minecraft:oak_stairs":5,"minecraft:stone_brick_wall":13,"minecraft:stone_brick_stairs":7,"minecraft:shield":1,"farmersdelight:cutting_board":3,"minecraft:red_bed":5,"minecraft:string":5,"minecraft:oak_trapdoor":6,"minecraft:raw_copper":125,"minecraft:oak_sign":2,"minecraft:cracked_stone_bricks":8,"minecraft:candle":8,"minecraft:gold_nugget":2,"minecraft:cobbled_deepslate":1,"minecraft:spruce_planks":19,"minecraft:beef":21,"minecraft:iron_pickaxe":1,"minecraft:iron_nugget":1,"minecraft:spruce_slab":17,"minecraft:sugar_cane":6,"minecraft:chest":2,"minecraft:spruce_trapdoor":5,"minecraft:furnace":4,"minecraft:spruce_pressure_plate":1,"minecraft:stick":5,"minecraft:raw_iron":64,"minecraft:composter":1,"projectvibrantjourneys:bark_mushroom":1,"minecraft:torch":5,"minecraft:spruce_stairs":3,"minecraft:spruce_fence":2,"minecraft:porkchop":5,"pointblank:gunmetal_nugget":23,"psg:sulphur":27,"minecraft:target":1,"minecraft:redstone":21,"minecraft:andesite_wall":7,"minecraft:rotten_flesh":6,"minecraft:shears":1,"marbledsarsenal:desert_military_armor_boots":1,"minecraft:glow_berries":4,"minecraft:mutton":5,"minecraft:rail":9,"minecraft:iron_bars":2,"alexsmobs:kangaroo_meat":4,"minecraft:white_wool":7,"minecraft:cobblestone":1324,"minecraft:stripped_oak_log":4,"minecraft:feather":1,"marbledsarsenal:desert_military_armor_leggings":1,"minecraft:salmon":4,"minecraft:andesite":238,"minecraft:leather":11,"minecraft:flint":3,"minecraft:tuff":1,"create:raw_zinc":1,"minecraft:oak_log":15,"minecraft:yellow_bed":7,"minecraft:acacia_boat":1,"minecraft:cobblestone_stairs":2,"minecraft:lapis_lazuli":63,"minecraft:dirt":137,"minecraft:lantern":2,"minecraft:red_carpet":10,"minecraft:bone":6,"marbledsarsenal:desert_military_armor_chestplate":1,"minecraft:stone_bricks":34,"minecraft:wheat_seeds":20,"minecraft:stone_pickaxe":1,"minecraft:mossy_stone_brick_wall":4,"minecraft:mossy_stone_bricks":10,"minecraft:oak_planks":2,"minecraft:mossy_stone_brick_stairs":3,"minecraft:dark_oak_stairs":4,"minecraft:oak_slab":55,"minecraft:dark_oak_slab":11,"minecraft:sweet_berries":49,"psg:raw_potassium":117,"minecraft:sand":84,"minecraft:gravel":21,"minecraft:stripped_spruce_log":1,"minecraft:spruce_door":1,"alexsmobs:kangaroo_hide":1,"alexsmobs:raw_catfish":5,"minecraft:spruce_fence_gate":2,"minecraft:purple_bed":3,"marbledsarsenal:desert_military_armor_helmet":1,"farmersdelight:barbecue_stick":1,"minecraft:rooted_dirt":5,"minecraft:oak_sapling":2,"minecraft:damaged_anvil":3,"minecraft:coal":76,"minecraft:ender_pearl":2}},"DataVersion":3465}