{"stats":{"minecraft:killed":{"hordes:zombie_player":3,"minecraft:spider":1,"minecraft:chicken":1,"alexsmobs:kangaroo":3,"minecraft:pig":2,"minecraft:salmon":4,"minecraft:sheep":7,"alexsmobs:catfish":2,"minecraft:cow":9},"minecraft:mined":{"minecraft:red_carpet":2,"projectvibrantjourneys:rocks":1,"psg:sulphur_ore":6,"minecraft:granite":2,"minecraft:cave_vines_plant":2,"minecraft:spruce_fence":1,"minecraft:grass_block":9,"minecraft:stone_brick_wall":10,"minecraft:moss_block":1,"minecraft:rooted_dirt":2,"minecraft:iron_ore":64,"minecraft:andesite":255,"minecraft:target":1,"minecraft:stripped_spruce_log":1,"minecraft:mossy_stone_brick_stairs":3,"minecraft:cave_vines":1,"minecraft:iron_bars":1,"minecraft:spruce_pressure_plate":1,"minecraft:stripped_oak_log":1,"minecraft:stone":311,"minecraft:red_bed":2,"psg:potassium_ore":19,"minecraft:crafting_table":6,"projectvibrantjourneys:natural_cobweb":4,"minecraft:andesite_wall":3,"minecraft:cobblestone":24,"minecraft:copper_ore":24,"minecraft:tall_grass":1,"minecraft:lapis_ore":9,"minecraft:sugar_cane":2,"minecraft:oak_planks":2,"minecraft:damaged_anvil":1,"minecraft:purple_bed":1,"minecraft:coarse_dirt":8,"minecraft:wheat":1,"minecraft:sweet_berry_bush":21,"minecraft:yellow_bed":2,"minecraft:stone_brick_stairs":4,"minecraft:grass":1,"minecraft:coal_ore":59,"minecraft:oak_log":15,"projectvibrantjourneys:short_grass":9,"minecraft:gravel":1,"minecraft:sand":84,"minecraft:dirt":50,"minecraft:cracked_stone_bricks":11,"minecraft:stone_bricks":49,"minecraft:mossy_stone_bricks":13,"minecraft:deepslate":1},"minecraft:broken":{"minecraft:stone_pickaxe":3,"minecraft:iron_pickaxe":2},"minecraft:custom":{"minecraft:mob_kills":32,"minecraft:interact_with_anvil":1,"minecraft:interact_with_crafting_table":17,"minecraft:open_barrel":6,"minecraft:damage_dealt_resisted":23,"minecraft:leave_game":7,"minecraft:time_since_death":31950,"minecraft:climb_one_cm":2080,"minecraft:sprint_one_cm":142635,"minecraft:walk_one_cm":202858,"minecraft:drop":63,"minecraft:talked_to_villager":1,"minecraft:play_time":119567,"minecraft:deaths":1,"minecraft:sneak_time":3987,"minecraft:walk_under_water_one_cm":11367,"minecraft:boat_one_cm":215010,"minecraft:jump":1398,"minecraft:interact_with_blast_furnace":26,"minecraft:walk_on_water_one_cm":7370,"minecraft:total_world_time":119567,"minecraft:sleep_in_bed":5,"minecraft:time_since_rest":31982,"minecraft:damage_taken":525,"minecraft:damage_dealt":4093,"minecraft:fly_one_cm":324349,"minecraft:swim_one_cm":20912,"minecraft:player_kills":1,"minecraft:open_chest":49,"minecraft:crouch_one_cm":9154,"minecraft:interact_with_smoker":28,"minecraft:fall_one_cm":37932},"minecraft:used":{"minecraft:stone_shovel":101,"minecraft:chest":7,"minecraft:dirt":17,"minecraft:spruce_fence":1,"minecraft:stone_bricks":7,"minecraft:red_carpet":10,"minecraft:sweet_berries":1,"minecraft:cooked_beef":3,"minecraft:cobbled_deepslate":1,"minecraft:wheat_seeds":1,"minecraft:mossy_stone_bricks":1,"minecraft:stone_pickaxe":424,"minecraft:oak_planks":2,"minecraft:baked_potato":6,"minecraft:sand":1,"minecraft:crafting_table":7,"minecraft:oak_log":1,"minecraft:bread":2,"minecraft:iron_pickaxe":497,"marbledsarsenal:machete":88,"minecraft:stone_axe":2,"minecraft:wooden_sword":16,"minecraft:cobblestone":68,"minecraft:porkchop":2,"minecraft:yellow_bed":2,"minecraft:oak_boat":1,"minecraft:coarse_dirt":3},"minecraft:crafted":{"minecraft:oak_planks":56,"minecraft:stone_shovel":1,"minecraft:cooked_chicken":1,"usefulbackpacks:backpack_small":1,"minecraft:cooked_mutton":1,"minecraft:stone_pickaxe":4,"minecraft:chest":7,"alexsmobs:cooked_catfish":5,"minecraft:cooked_beef":19,"minecraft:cooked_porkchop":3,"minecraft:crafting_table":2,"pointblank:gunmetal_ingot":1,"alexsmobs:cooked_kangaroo_meat":4,"minecraft:cooked_salmon":4,"minecraft:copper_ingot":53,"minecraft:stone_axe":1,"minecraft:air":0,"minecraft:oak_boat":1,"minecraft:white_wool":1,"minecraft:stick":12,"minecraft:iron_ingot":37,"minecraft:shears":1},"minecraft:dropped":{"minecraft:oak_slab":4,"minecraft:dark_oak_stairs":4,"minecraft:wheat_seeds":3,"minecraft:feather":2,"minecraft:cobblestone":85,"minecraft:andesite_wall":1,"minecraft:lantern":2,"minecraft:rooted_dirt":2,"minecraft:mossy_stone_brick_stairs":1,"minecraft:cracked_stone_bricks":2,"minecraft:spruce_door":1,"minecraft:spruce_stairs":1,"minecraft:stick":2,"minecraft:spruce_fence_gate":2,"minecraft:dirt":1,"minecraft:torch":1,"minecraft:oak_stairs":2,"minecraft:gold_nugget":3,"projectvibrantjourneys:bark_mushroom":1,"create:raw_zinc":2,"minecraft:bone":1,"minecraft:gravel":1,"minecraft:oak_trapdoor":3,"minecraft:iron_nugget":1,"minecraft:chicken":1,"minecraft:stripped_oak_log":3,"psg:raw_potassium":5,"minecraft:oak_sign":1,"minecraft:target":1,"alexsmobs:kangaroo_hide":1,"farmersdelight:cutting_board":3,"minecraft:mossy_stone_brick_wall":1,"minecraft:spruce_trapdoor":3,"minecraft:spruce_planks":18,"minecraft:mossy_stone_bricks":1,"minecraft:spruce_pressure_plate":1,"minecraft:oak_sapling":2,"minecraft:stone_bricks":4,"minecraft:spruce_slab":7,"minecraft:iron_bars":1,"minecraft:arrow":1},"minecraft:picked_up":{"minecraft:coarse_dirt":8,"minecraft:crafting_table":7,"minecraft:wheat":1,"minecraft:chicken":2,"minecraft:oak_stairs":5,"minecraft:stone_brick_wall":13,"minecraft:stone_brick_stairs":7,"minecraft:shield":1,"farmersdelight:cutting_board":3,"minecraft:red_bed":2,"minecraft:string":5,"minecraft:oak_trapdoor":3,"minecraft:raw_copper":73,"minecraft:oak_sign":2,"minecraft:cracked_stone_bricks":8,"minecraft:candle":8,"minecraft:gold_nugget":2,"minecraft:cobbled_deepslate":1,"minecraft:spruce_planks":18,"minecraft:beef":21,"minecraft:iron_nugget":1,"minecraft:spruce_slab":17,"minecraft:sugar_cane":6,"minecraft:spruce_trapdoor":3,"minecraft:furnace":4,"minecraft:spruce_pressure_plate":1,"minecraft:stick":2,"minecraft:raw_iron":64,"projectvibrantjourneys:bark_mushroom":1,"minecraft:torch":1,"minecraft:spruce_stairs":3,"minecraft:spruce_fence":1,"minecraft:porkchop":5,"pointblank:gunmetal_nugget":9,"psg:sulphur":27,"minecraft:target":1,"minecraft:andesite_wall":7,"marbledsarsenal:desert_military_armor_boots":1,"minecraft:glow_berries":4,"minecraft:mutton":5,"minecraft:iron_bars":2,"alexsmobs:kangaroo_meat":4,"minecraft:white_wool":7,"minecraft:cobblestone":593,"minecraft:stripped_oak_log":4,"minecraft:feather":1,"marbledsarsenal:desert_military_armor_leggings":1,"minecraft:salmon":4,"minecraft:andesite":238,"minecraft:leather":11,"create:raw_zinc":1,"minecraft:oak_log":15,"minecraft:yellow_bed":4,"minecraft:cobblestone_stairs":2,"minecraft:lapis_lazuli":63,"minecraft:dirt":55,"minecraft:lantern":2,"minecraft:red_carpet":10,"marbledsarsenal:desert_military_armor_chestplate":1,"minecraft:stone_bricks":30,"minecraft:wheat_seeds":6,"minecraft:stone_pickaxe":1,"minecraft:mossy_stone_brick_wall":4,"minecraft:mossy_stone_bricks":7,"minecraft:oak_planks":2,"minecraft:mossy_stone_brick_stairs":3,"minecraft:dark_oak_stairs":4,"minecraft:oak_slab":55,"minecraft:dark_oak_slab":11,"minecraft:sweet_berries":49,"psg:raw_potassium":49,"minecraft:sand":84,"minecraft:gravel":2,"minecraft:stripped_spruce_log":1,"minecraft:spruce_door":1,"alexsmobs:kangaroo_hide":1,"alexsmobs:raw_catfish":5,"minecraft:spruce_fence_gate":2,"minecraft:purple_bed":1,"marbledsarsenal:desert_military_armor_helmet":1,"minecraft:rooted_dirt":2,"minecraft:oak_sapling":2,"minecraft:damaged_anvil":1,"minecraft:coal":58}},"DataVersion":3465}