{"stats":{"minecraft:mined":{"minecraft:deepslate_tiles":11,"minecraft:diamond_ore":2,"create:deepslate_zinc_ore":1,"minecraft:tuff":61,"minecraft:deepslate_diamond_ore":48,"minecraft:jungle_leaves":1,"minecraft:brewing_stand":1,"psg:sulphur_ore":11,"minecraft:cave_vines_plant":1,"minecraft:grass_block":3,"minecraft:jungle_log":5,"minecraft:soul_soil":1,"minecraft:deepslate_bricks":48,"minecraft:deepslate_tile_stairs":1,"minecraft:deepslate_brick_slab":1,"minecraft:furnace":15,"minecraft:iron_ore":137,"minecraft:cobbled_deepslate":34,"minecraft:diamond_block":1,"minecraft:moss_carpet":1,"minecraft:deepslate_lapis_ore":7,"minecraft:gold_block":6,"minecraft:enchanting_table":1,"minecraft:polished_deepslate":50,"minecraft:bookshelf":5,"minecraft:vine":1,"minecraft:deepslate_iron_ore":18,"minecraft:iron_bars":1,"minecraft:stone":552,"psg:potassium_ore":21,"psg:deepslate_sulphur_ore":2,"minecraft:crafting_table":15,"minecraft:clay":105,"minecraft:melon":1,"minecraft:chest":10,"minecraft:copper_ore":63,"minecraft:cobblestone":27,"minecraft:lapis_ore":5,"minecraft:deepslate_gold_ore":25,"minecraft:cracked_deepslate_bricks":5,"minecraft:birch_log":17,"minecraft:orange_tulip":1,"minecraft:grass":4,"minecraft:cracked_deepslate_tiles":8,"minecraft:coal_ore":291,"projectvibrantjourneys:short_grass":7,"minecraft:gravel":2,"minecraft:sand":2,"minecraft:dirt":31,"minecraft:ancient_debris":2,"minecraft:oak_leaves":6,"minecraft:fern":2,"minecraft:deepslate":381},"minecraft:broken":{"minecraft:stone_pickaxe":4,"minecraft:iron_pickaxe":1},"minecraft:killed_by":{"hordes:zombie_player":1,"zombie_more:crawler_zombie":1,"minecraft:zombie":2},"minecraft:custom":{"minecraft:interact_with_crafting_table":48,"minecraft:damage_dealt_resisted":19,"minecraft:leave_game":4,"minecraft:time_since_death":120879,"minecraft:climb_one_cm":1357,"minecraft:sprint_one_cm":19809,"minecraft:walk_one_cm":181119,"minecraft:drop":40,"minecraft:play_time":138840,"minecraft:deaths":4,"minecraft:sneak_time":13817,"minecraft:walk_under_water_one_cm":3505,"minecraft:jump":523,"minecraft:walk_on_water_one_cm":4464,"minecraft:total_world_time":138840,"minecraft:interact_with_furnace":129,"minecraft:time_since_rest":120919,"minecraft:damage_taken":1291,"minecraft:damage_dealt":116,"minecraft:swim_one_cm":4776,"minecraft:fly_one_cm":23601,"minecraft:open_chest":28,"minecraft:crouch_one_cm":34483,"minecraft:fall_one_cm":5408},"minecraft:used":{"minecraft:enchanting_table":1,"minecraft:dirt":10,"minecraft:soul_soil":1,"minecraft:furnace":14,"minecraft:cobbled_deepslate":168,"minecraft:stone_pickaxe":597,"minecraft:wooden_pickaxe":30,"minecraft:diamond_axe":12,"minecraft:deepslate_bricks":2,"minecraft:crafting_table":14,"minecraft:deepslate_tiles":5,"minecraft:diamond_pickaxe":946,"minecraft:bread":1,"minecraft:iron_pickaxe":392,"minecraft:stone_axe":17,"minecraft:wooden_sword":3,"minecraft:cobblestone":108},"minecraft:crafted":{"marbledsarsenal:swat_armor_leggings":1,"minecraft:coal":126,"marbledsarsenal:swat_armor_chestplate":1,"minecraft:furnace":9,"minecraft:diamond_block":5,"minecraft:iron_boots":1,"marbledsarsenal:machete":1,"psg:potassium":40,"minecraft:stone_pickaxe":5,"marbledsapi:steel_ingot":25,"minecraft:copper_block":22,"minecraft:coal_block":21,"marbledsapi:steel_sheet":8,"minecraft:crafting_table":1,"minecraft:wooden_pickaxe":2,"minecraft:iron_helmet":1,"minecraft:copper_ingot":194,"minecraft:gold_block":2,"minecraft:birch_planks":64,"minecraft:stone_axe":2,"minecraft:air":0,"minecraft:jungle_planks":16,"minecraft:blue_dye":4,"marbledsapi:raw_steel":25,"minecraft:iron_chestplate":1,"minecraft:diamond_pickaxe":1,"minecraft:shield":1,"minecraft:stick":28,"minecraft:iron_ingot":143,"minecraft:iron_pickaxe":2,"minecraft:iron_block":8,"minecraft:iron_leggings":1,"minecraft:gold_ingot":19,"minecraft:lapis_block":7,"minecraft:diamond_chestplate":1},"minecraft:dropped":{"minecraft:lapis_lazuli":1,"minecraft:diamond_leggings":3,"minecraft:iron_helmet":2,"minecraft:cobblestone":122,"minecraft:lead":3,"minecraft:stick":6,"minecraft:emerald":1,"minecraft:flint":1,"minecraft:blue_dye":2,"minecraft:iron_leggings":1,"projectvibrantjourneys:bark_mushroom":1,"create:raw_zinc":1,"minecraft:polished_deepslate":2,"minecraft:furnace":5,"minecraft:stone_axe":1,"minecraft:moss_carpet":1,"minecraft:cobbled_deepslate":137,"minecraft:wheat":1,"minecraft:clay_ball":64,"minecraft:iron_boots":1,"psg:raw_potassium":2,"minecraft:deepslate_bricks":11,"minecraft:iron_chestplate":1,"minecraft:cracked_deepslate_bricks":3},"minecraft:picked_up":{"minecraft:crafting_table":14,"minecraft:clay_ball":244,"minecraft:lead":3,"minecraft:gold_block":6,"minecraft:brewing_stand":1,"minecraft:polished_deepslate":47,"minecraft:moss_carpet":1,"minecraft:soul_soil":1,"minecraft:raw_copper":281,"minecraft:diamond_leggings":2,"minecraft:deepslate_tiles":10,"minecraft:cobbled_deepslate":433,"minecraft:melon_slice":7,"minecraft:furnace":12,"minecraft:stick":4,"minecraft:raw_iron":155,"minecraft:copper_ingot":10,"projectvibrantjourneys:bark_mushroom":2,"psg:sulphur":57,"minecraft:deepslate_tile_stairs":1,"minecraft:deepslate_bricks":45,"minecraft:cracked_deepslate_bricks":4,"minecraft:glow_berries":1,"minecraft:iron_bars":1,"minecraft:cobblestone":511,"minecraft:cracked_deepslate_tiles":8,"minecraft:birch_log":16,"minecraft:enchanting_table":1,"minecraft:jungle_log":4,"minecraft:flint":1,"create:raw_zinc":1,"minecraft:tuff":40,"minecraft:ancient_debris":2,"minecraft:lapis_lazuli":59,"minecraft:dirt":22,"minecraft:orange_tulip":1,"minecraft:deepslate_brick_slab":1,"minecraft:raw_gold":25,"minecraft:iron_ingot":19,"minecraft:book":15,"psg:raw_potassium":43,"minecraft:sand":2,"minecraft:diamond_block":1,"minecraft:diamond":50,"minecraft:stone_axe":1,"minecraft:bread":1,"minecraft:coal":534}},"DataVersion":3465}