{"stats":{"minecraft:killed":{"minecraft:spider":1,"minecraft:chicken":1,"alexsmobs:kangaroo":3,"minecraft:pig":2,"minecraft:salmon":4,"minecraft:sheep":7,"minecraft:zombie":2,"minecraft:cow":12,"hordes:zombie_player":4,"alexsmobs:catfish":2,"minecraft:villager":1},"minecraft:mined":{"create:deepslate_zinc_ore":4,"minecraft:spruce_planks":1,"minecraft:farmland":2,"minecraft:spruce_trapdoor":2,"minecraft:cave_vines_plant":2,"minecraft:granite":244,"minecraft:grass_block":9,"minecraft:stone_brick_wall":10,"minecraft:composter":1,"minecraft:iron_ore":75,"minecraft:cobbled_deepslate":5,"minecraft:target":1,"minecraft:deepslate_lapis_ore":31,"minecraft:cave_vines":1,"minecraft:iron_bars":1,"minecraft:spruce_pressure_plate":1,"minecraft:spruce_slab":5,"minecraft:deepslate_redstone_ore":17,"minecraft:red_bed":4,"minecraft:blackstone":153,"minecraft:chest":2,"projectvibrantjourneys:natural_cobweb":4,"minecraft:spruce_wall_sign":1,"minecraft:glass":4,"minecraft:cobblestone":93,"minecraft:sugar_cane":2,"minecraft:oak_planks":2,"minecraft:damaged_anvil":2,"minecraft:wall_torch":2,"minecraft:deepslate_copper_ore":8,"minecraft:wheat":1,"overworld_netherite_ore:deepslate_ancient_debris_ore":25,"minecraft:stone_brick_stairs":4,"minecraft:grass":1,"minecraft:oak_log":15,"projectvibrantjourneys:short_grass":9,"minecraft:sand":84,"minecraft:dirt":89,"minecraft:smooth_basalt":1,"minecraft:deepslate":553,"minecraft:diamond_ore":2,"minecraft:red_carpet":2,"minecraft:tuff":51,"ecologics:coconut_planks":5,"minecraft:mossy_cobblestone":2,"minecraft:deepslate_diamond_ore":66,"projectvibrantjourneys:rocks":1,"psg:sulphur_ore":18,"minecraft:spruce_fence":2,"minecraft:moss_block":1,"minecraft:rooted_dirt":3,"minecraft:redstone_ore":1,"minecraft:oak_trapdoor":2,"minecraft:carrots":30,"minecraft:andesite":255,"minecraft:stripped_spruce_log":1,"minecraft:mossy_stone_brick_stairs":3,"minecraft:deepslate_iron_ore":66,"minecraft:rail":9,"minecraft:stripped_oak_log":1,"minecraft:stone":1529,"psg:potassium_ore":19,"minecraft:crafting_table":8,"minecraft:andesite_wall":3,"minecraft:stone_slab":2,"minecraft:tall_grass":1,"minecraft:copper_ore":46,"minecraft:lapis_ore":13,"minecraft:deepslate_gold_ore":24,"minecraft:purple_bed":3,"minecraft:coarse_dirt":12,"minecraft:sweet_berry_bush":21,"minecraft:yellow_bed":3,"minecraft:coal_ore":116,"overworld_netherite_ore:ancient_debris_ore":23,"minecraft:gravel":37,"minecraft:cracked_stone_bricks":11,"minecraft:stone_bricks":53,"minecraft:mossy_stone_bricks":15,"minecraft:gold_ore":21},"minecraft:killed_by":{"minecraft:player":1},"minecraft:broken":{"minecraft:stone_pickaxe":11,"minecraft:stone_shovel":1,"minecraft:iron_pickaxe":4},"minecraft:custom":{"minecraft:interact_with_crafting_table":57,"minecraft:open_barrel":9,"minecraft:leave_game":8,"minecraft:time_since_death":150819,"minecraft:sprint_one_cm":291954,"minecraft:damage_blocked_by_shield":75,"minecraft:drop":118,"minecraft:talked_to_villager":2,"minecraft:play_time":321939,"minecraft:deaths":3,"minecraft:jump":3035,"minecraft:walk_on_water_one_cm":42778,"minecraft:enchant_item":1,"minecraft:interact_with_furnace":14,"minecraft:sleep_in_bed":5,"minecraft:damage_dealt":5288,"minecraft:player_kills":2,"minecraft:crouch_one_cm":33306,"minecraft:interact_with_smoker":28,"minecraft:mob_kills":40,"minecraft:interact_with_anvil":4,"minecraft:damage_dealt_resisted":23,"minecraft:climb_one_cm":3378,"minecraft:walk_one_cm":728624,"minecraft:sneak_time":14012,"minecraft:walk_under_water_one_cm":11941,"minecraft:boat_one_cm":285080,"minecraft:interact_with_blast_furnace":26,"minecraft:total_world_time":321939,"minecraft:time_since_rest":150850,"minecraft:damage_taken":1113,"minecraft:swim_one_cm":20912,"minecraft:fly_one_cm":487949,"minecraft:open_chest":120,"minecraft:fall_one_cm":56901},"minecraft:used":{"minecraft:spruce_slab":6,"minecraft:chest":11,"minecraft:shield":1,"minecraft:carrot":61,"minecraft:tuff":1,"minecraft:spruce_boat":1,"minecraft:glass":17,"minecraft:stone_bricks":9,"minecraft:red_carpet":10,"minecraft:sweet_berries":1,"minecraft:furnace":1,"minecraft:mossy_stone_bricks":2,"minecraft:damaged_anvil":2,"minecraft:powered_rail":3,"minecraft:stone_pickaxe":1458,"minecraft:oak_planks":2,"minecraft:composter":3,"minecraft:sand":1,"minecraft:bread":2,"minecraft:gravel":5,"marbledsarsenal:machete":110,"minecraft:wooden_sword":16,"minecraft:oak_boat":1,"minecraft:coarse_dirt":3,"minecraft:bone_meal":64,"minecraft:oak_trapdoor":2,"minecraft:stone_shovel":131,"minecraft:spruce_planks":1,"minecraft:stone_hoe":101,"minecraft:torch":14,"minecraft:dirt":148,"minecraft:spruce_fence":2,"minecraft:granite":3,"minecraft:rooted_dirt":1,"minecraft:smooth_basalt":1,"minecraft:cooked_beef":7,"minecraft:cobbled_deepslate":38,"minecraft:wheat_seeds":1,"minecraft:cooked_mutton":1,"minecraft:acacia_boat":2,"minecraft:water_bucket":15,"minecraft:baked_potato":6,"minecraft:spruce_sign":5,"minecraft:rail":24,"minecraft:crafting_table":10,"minecraft:red_bed":4,"minecraft:oak_log":1,"minecraft:diamond_pickaxe":1389,"minecraft:iron_pickaxe":813,"minecraft:spruce_trapdoor":7,"minecraft:stone_axe":21,"minecraft:cobblestone":388,"minecraft:purple_bed":3,"minecraft:porkchop":2,"minecraft:bucket":15,"minecraft:yellow_bed":5},"minecraft:crafted":{"minecraft:oak_planks":80,"minecraft:cooked_chicken":1,"usefulbackpacks:backpack_small":1,"minecraft:cooked_mutton":1,"minecraft:glass":24,"minecraft:chest":9,"minecraft:copper_block":17,"alexsmobs:cooked_catfish":5,"minecraft:rail":16,"minecraft:stone_hoe":1,"minecraft:cooked_porkchop":3,"minecraft:crafting_table":3,"minecraft:copper_ingot":53,"minecraft:spruce_trapdoor":2,"minecraft:diamond_pickaxe":2,"minecraft:stick":48,"minecraft:iron_pickaxe":3,"minecraft:iron_ingot":37,"usefulbackpacks:backpack_large":1,"minecraft:composter":2,"minecraft:shears":1,"minecraft:stone_shovel":1,"minecraft:furnace":1,"minecraft:spruce_slab":18,"minecraft:stone_pickaxe":12,"usefulbackpacks:backpack_medium":1,"minecraft:spruce_boat":1,"minecraft:cooked_beef":26,"minecraft:coal_block":11,"minecraft:spruce_sign":6,"pointblank:gunmetal_ingot":1,"minecraft:powered_rail":6,"alexsmobs:cooked_kangaroo_meat":4,"minecraft:cooked_salmon":4,"minecraft:stone_axe":1,"minecraft:acacia_boat":1,"minecraft:air":0,"minecraft:oak_boat":1,"minecraft:white_wool":1,"minecraft:acacia_planks":4,"minecraft:torch":8,"minecraft:lapis_block":7},"minecraft:dropped":{"minecraft:dark_oak_stairs":4,"minecraft:lantern":2,"minecraft:rooted_dirt":4,"minecraft:mossy_stone_brick_stairs":1,"minecraft:cracked_stone_bricks":2,"minecraft:flint":1,"minecraft:dirt":27,"minecraft:mutton":2,"minecraft:gold_nugget":3,"projectvibrantjourneys:bark_mushroom":1,"minecraft:bone":3,"minecraft:gravel":8,"minecraft:iron_nugget":1,"minecraft:cobbled_deepslate":200,"psg:raw_potassium":13,"minecraft:carrot":56,"alexsmobs:kangaroo_hide":1,"farmersdelight:cutting_board":3,"minecraft:mossy_stone_brick_wall":1,"minecraft:spruce_pressure_plate":1,"minecraft:spruce_slab":7,"minecraft:iron_bars":1,"minecraft:arrow":1,"minecraft:iron_ingot":9,"minecraft:oak_slab":4,"minecraft:wheat_seeds":59,"minecraft:feather":2,"minecraft:cobblestone":778,"minecraft:andesite_wall":1,"minecraft:granite":46,"minecraft:spruce_door":1,"minecraft:spruce_stairs":1,"minecraft:coal":12,"minecraft:stick":2,"minecraft:spruce_fence_gate":2,"minecraft:torch":1,"minecraft:oak_stairs":2,"minecraft:acacia_planks":1,"create:raw_zinc":2,"minecraft:redstone":18,"minecraft:oak_trapdoor":3,"marbledsarsenal:machete":2,"minecraft:coarse_dirt":5,"minecraft:tuff":29,"minecraft:chicken":1,"minecraft:stripped_oak_log":3,"minecraft:stone_slab":2,"minecraft:oak_sign":1,"minecraft:target":1,"minecraft:spruce_trapdoor":3,"minecraft:spruce_planks":18,"minecraft:mossy_stone_bricks":1,"minecraft:oak_sapling":2,"minecraft:stone_bricks":7,"minecraft:stone_pickaxe":2},"minecraft:picked_up":{"minecraft:wheat":1,"minecraft:stone_slab":2,"minecraft:oak_stairs":5,"minecraft:stone_brick_stairs":7,"farmersdelight:cutting_board":3,"minecraft:raw_copper":183,"minecraft:string":5,"minecraft:oak_sign":2,"minecraft:cobbled_deepslate":553,"minecraft:gold_nugget":2,"minecraft:spruce_planks":19,"minecraft:iron_pickaxe":1,"minecraft:furnace":4,"marbledsarsenal:machete":2,"minecraft:spruce_pressure_plate":1,"minecraft:stick":5,"minecraft:composter":1,"minecraft:torch":8,"minecraft:spruce_stairs":3,"minecraft:porkchop":5,"psg:sulphur":97,"minecraft:target":1,"minecraft:andesite_wall":7,"minecraft:rotten_flesh":6,"minecraft:iron_bars":2,"minecraft:cobblestone":1726,"minecraft:feather":1,"minecraft:andesite":238,"ecologics:coconut_planks":5,"minecraft:flint":5,"minecraft:tuff":37,"create:raw_zinc":5,"minecraft:acacia_boat":2,"minecraft:lapis_lazuli":285,"minecraft:dirt":161,"minecraft:lantern":2,"minecraft:bone":6,"marbledsarsenal:desert_military_armor_chestplate":1,"minecraft:wheat_seeds":62,"minecraft:raw_gold":45,"minecraft:mossy_stone_bricks":10,"minecraft:oak_planks":2,"minecraft:mossy_stone_brick_stairs":3,"psg:raw_potassium":117,"minecraft:sand":85,"minecraft:stripped_spruce_log":1,"overworld_netherite_ore:large_ancient_shard":5,"minecraft:mossy_cobblestone":1,"alexsmobs:kangaroo_hide":1,"minecraft:spruce_fence_gate":2,"minecraft:diamond":68,"marbledsarsenal:desert_military_armor_helmet":1,"minecraft:granite":241,"minecraft:bone_meal":64,"minecraft:spruce_sign":1,"minecraft:rooted_dirt":5,"minecraft:oak_sapling":2,"minecraft:crafting_table":9,"minecraft:coarse_dirt":12,"minecraft:chicken":2,"minecraft:stone_brick_wall":13,"minecraft:shield":1,"minecraft:oak_trapdoor":6,"minecraft:red_bed":6,"minecraft:blackstone":111,"minecraft:cracked_stone_bricks":8,"minecraft:candle":8,"minecraft:beef":26,"minecraft:iron_nugget":1,"minecraft:spruce_slab":23,"minecraft:sugar_cane":6,"minecraft:chest":2,"minecraft:spruce_trapdoor":5,"minecraft:raw_iron":141,"projectvibrantjourneys:bark_mushroom":1,"minecraft:spruce_fence":2,"pointblank:gunmetal_nugget":23,"minecraft:carrot":117,"minecraft:redstone":83,"minecraft:shears":1,"marbledsarsenal:desert_military_armor_boots":1,"minecraft:glow_berries":4,"minecraft:mutton":6,"minecraft:white_wool":16,"alexsmobs:kangaroo_meat":4,"minecraft:rail":9,"minecraft:stripped_oak_log":4,"marbledsarsenal:desert_military_armor_leggings":1,"minecraft:salmon":4,"minecraft:leather":13,"overworld_netherite_ore:ancientdebrispiece":39,"minecraft:oak_log":21,"minecraft:yellow_bed":7,"minecraft:cobblestone_stairs":2,"minecraft:red_carpet":10,"minecraft:stone_bricks":34,"minecraft:stone_pickaxe":1,"minecraft:mossy_stone_brick_wall":4,"minecraft:dark_oak_stairs":4,"minecraft:oak_slab":55,"minecraft:dark_oak_slab":11,"minecraft:smooth_basalt":1,"minecraft:sweet_berries":49,"minecraft:gravel":38,"minecraft:spruce_door":1,"alexsmobs:raw_catfish":5,"minecraft:purple_bed":4,"farmersdelight:barbecue_stick":1,"minecraft:damaged_anvil":3,"minecraft:coal":115,"minecraft:ender_pearl":2}},"DataVersion":3465}