{"stats":{"minecraft:killed":{"minecraft:zombie":1},"minecraft:mined":{"minecraft:deepslate_tiles":11,"minecraft:diamond_ore":2,"create:deepslate_zinc_ore":1,"minecraft:tuff":61,"minecraft:deepslate_diamond_ore":48,"minecraft:jungle_leaves":1,"minecraft:brewing_stand":1,"psg:sulphur_ore":17,"minecraft:cave_vines_plant":1,"minecraft:grass_block":5,"minecraft:jungle_log":5,"minecraft:soul_soil":1,"minecraft:deepslate_bricks":48,"minecraft:deepslate_tile_stairs":1,"minecraft:deepslate_brick_slab":1,"minecraft:furnace":15,"minecraft:iron_ore":137,"minecraft:cobbled_deepslate":35,"minecraft:diamond_block":1,"minecraft:moss_carpet":1,"minecraft:deepslate_lapis_ore":7,"minecraft:gold_block":6,"minecraft:enchanting_table":2,"minecraft:polished_deepslate":50,"minecraft:bookshelf":5,"minecraft:deepslate_iron_ore":18,"minecraft:vine":1,"minecraft:iron_bars":1,"minecraft:stone":844,"psg:potassium_ore":21,"psg:deepslate_sulphur_ore":2,"minecraft:clay":106,"minecraft:crafting_table":17,"minecraft:melon":1,"minecraft:chest":10,"minecraft:copper_ore":72,"minecraft:cobblestone":31,"minecraft:lapis_ore":13,"minecraft:deepslate_gold_ore":25,"minecraft:cracked_deepslate_bricks":5,"minecraft:birch_log":17,"minecraft:orange_tulip":1,"k_turrets:titanium_ore":2,"minecraft:grass":4,"minecraft:cracked_deepslate_tiles":8,"minecraft:coal_ore":291,"projectvibrantjourneys:short_grass":8,"minecraft:gravel":2,"minecraft:sand":4,"minecraft:dirt":69,"minecraft:ancient_debris":2,"minecraft:oak_leaves":6,"minecraft:deepslate":381,"minecraft:fern":2},"minecraft:broken":{"minecraft:stone_pickaxe":4,"minecraft:iron_pickaxe":1},"minecraft:killed_by":{"hordes:zombie_player":1,"zombie_more:crawler_zombie":1,"minecraft:zombie":2},"minecraft:custom":{"minecraft:mob_kills":1,"minecraft:interact_with_crafting_table":51,"minecraft:damage_dealt_resisted":205,"minecraft:leave_game":5,"minecraft:time_since_death":141035,"minecraft:climb_one_cm":1357,"minecraft:sprint_one_cm":19905,"minecraft:walk_one_cm":203388,"minecraft:drop":90,"minecraft:play_time":158996,"minecraft:deaths":4,"minecraft:sneak_time":14200,"minecraft:walk_under_water_one_cm":3970,"minecraft:jump":568,"minecraft:walk_on_water_one_cm":5217,"minecraft:enchant_item":2,"minecraft:total_world_time":158996,"minecraft:interact_with_furnace":129,"minecraft:time_since_rest":141075,"minecraft:damage_taken":1291,"minecraft:damage_dealt":514,"minecraft:swim_one_cm":4776,"minecraft:fly_one_cm":23601,"minecraft:open_chest":29,"minecraft:crouch_one_cm":35390,"minecraft:fall_one_cm":5408},"minecraft:used":{"minecraft:enchanting_table":1,"minecraft:dirt":10,"minecraft:soul_soil":1,"minecraft:furnace":14,"minecraft:cobbled_deepslate":179,"minecraft:stone_pickaxe":597,"minecraft:wooden_pickaxe":30,"minecraft:diamond_axe":14,"minecraft:deepslate_bricks":2,"minecraft:crafting_table":16,"minecraft:deepslate_tiles":5,"minecraft:diamond_pickaxe":1313,"minecraft:bread":2,"minecraft:iron_pickaxe":392,"marbledsarsenal:machete":8,"minecraft:stone_axe":17,"minecraft:wooden_sword":3,"minecraft:cobblestone":121},"minecraft:crafted":{"marbledsarsenal:swat_armor_leggings":1,"marbledsarsenal:desert_military_armor_boots":1,"minecraft:coal":126,"marbledsarsenal:swat_armor_chestplate":1,"psg:sulphur_sack":7,"minecraft:furnace":9,"marbledsarsenal:desert_military_armor_helmet":1,"minecraft:diamond_block":5,"minecraft:iron_boots":1,"marbledsarsenal:machete":1,"psg:potassium":40,"minecraft:stone_pickaxe":5,"marbledsapi:steel_ingot":25,"minecraft:copper_block":22,"minecraft:coal_block":21,"marbledsapi:steel_sheet":8,"minecraft:crafting_table":2,"minecraft:wooden_pickaxe":2,"minecraft:iron_helmet":1,"minecraft:copper_ingot":194,"minecraft:gold_block":2,"minecraft:birch_planks":64,"minecraft:stone_axe":2,"minecraft:air":0,"minecraft:jungle_planks":16,"minecraft:blue_dye":4,"marbledsapi:raw_steel":25,"minecraft:iron_chestplate":1,"minecraft:diamond_pickaxe":1,"minecraft:shield":1,"minecraft:stick":28,"minecraft:iron_ingot":143,"minecraft:iron_pickaxe":2,"minecraft:iron_block":8,"minecraft:iron_leggings":1,"minecraft:gold_ingot":19,"minecraft:lapis_lazuli":9,"minecraft:lapis_block":7,"minecraft:diamond_chestplate":1},"minecraft:dropped":{"minecraft:iron_ingot":18,"minecraft:diamond_axe":1,"minecraft:lapis_lazuli":2,"minecraft:crafting_table":5,"minecraft:diamond_leggings":3,"minecraft:iron_helmet":2,"minecraft:cobblestone":541,"minecraft:lead":6,"minecraft:copper_ingot":14,"minecraft:stick":6,"minecraft:flint":1,"minecraft:emerald":1,"minecraft:blue_dye":2,"minecraft:iron_leggings":1,"minecraft:bucket":5,"projectvibrantjourneys:bark_mushroom":1,"create:raw_zinc":1,"minecraft:polished_deepslate":2,"minecraft:furnace":13,"minecraft:stone_axe":1,"minecraft:moss_carpet":1,"minecraft:raw_copper":3,"minecraft:cobbled_deepslate":249,"minecraft:wheat":1,"minecraft:clay_ball":80,"minecraft:iron_boots":1,"psg:raw_potassium":2,"psg:sulphur":6,"minecraft:deepslate_bricks":11,"minecraft:iron_chestplate":1,"minecraft:cracked_deepslate_bricks":3},"minecraft:picked_up":{"minecraft:crafting_table":21,"minecraft:clay_ball":260,"minecraft:lead":3,"minecraft:gold_block":6,"marbledsarsenal:swat_armor_chestplate":1,"minecraft:brewing_stand":1,"minecraft:polished_deepslate":47,"minecraft:moss_carpet":1,"minecraft:soul_soil":1,"minecraft:raw_copper":284,"minecraft:deepslate_tiles":10,"minecraft:diamond_leggings":2,"minecraft:cobbled_deepslate":518,"minecraft:bucket":4,"minecraft:melon_slice":7,"minecraft:furnace":19,"minecraft:stick":4,"minecraft:raw_iron":155,"minecraft:copper_ingot":17,"projectvibrantjourneys:bark_mushroom":2,"psg:sulphur":85,"minecraft:deepslate_tile_stairs":1,"minecraft:deepslate_bricks":45,"minecraft:cracked_deepslate_bricks":4,"minecraft:glow_berries":1,"minecraft:iron_bars":1,"minecraft:cobblestone":726,"minecraft:cracked_deepslate_tiles":8,"minecraft:birch_log":16,"minecraft:enchanting_table":2,"minecraft:jungle_log":4,"minecraft:flint":1,"create:raw_zinc":1,"minecraft:tuff":40,"minecraft:ancient_debris":2,"minecraft:lapis_lazuli":130,"minecraft:dirt":26,"minecraft:orange_tulip":1,"minecraft:deepslate_brick_slab":1,"minecraft:raw_gold":25,"minecraft:iron_ingot":37,"minecraft:book":15,"marbledsarsenal:swat_armor_leggings":1,"psg:raw_potassium":43,"minecraft:sand":5,"minecraft:diamond_block":1,"minecraft:diamond":50,"minecraft:stone_axe":1,"minecraft:diamond_axe":1,"minecraft:bread":1,"minecraft:coal":534}},"DataVersion":3465}