{"stats":{"minecraft:crafted":{"minecraft:oak_boat":1,"minecraft:oak_planks":16,"minecraft:crafting_table":1},"minecraft:dropped":{"minecraft:oak_sapling":2,"minecraft:stick":2},"minecraft:mined":{"minecraft:sweet_berry_bush":21,"minecraft:crafting_table":1,"minecraft:oak_log":5,"projectvibrantjourneys:short_grass":9,"minecraft:dirt":1,"minecraft:sugar_cane":2,"minecraft:deepslate":1},"minecraft:custom":{"minecraft:time_since_rest":1108,"minecraft:sprint_one_cm":33939,"minecraft:damage_taken":50,"minecraft:walk_one_cm":24048,"minecraft:mob_kills":4,"minecraft:drop":4,"minecraft:damage_dealt":380,"minecraft:talked_to_villager":1,"minecraft:swim_one_cm":10770,"minecraft:interact_with_crafting_table":1,"minecraft:fly_one_cm":73351,"minecraft:open_chest":12,"minecraft:play_time":18310,"minecraft:sneak_time":87,"minecraft:walk_under_water_one_cm":4146,"minecraft:boat_one_cm":215010,"minecraft:jump":253,"minecraft:leave_game":3,"minecraft:walk_on_water_one_cm":1934,"minecraft:time_since_death":18310,"minecraft:sleep_in_bed":5,"minecraft:total_world_time":18310,"minecraft:fall_one_cm":6231},"minecraft:killed":{"minecraft:sheep":3,"minecraft:cow":1},"minecraft:used":{"minecraft:oak_log":1,"minecraft:bread":2,"minecraft:iron_pickaxe":2,"minecraft:wooden_sword":16,"minecraft:cobblestone":2,"minecraft:sweet_berries":1,"minecraft:crafting_table":1,"minecraft:oak_boat":1},"minecraft:picked_up":{"minecraft:stick":2,"minecraft:crafting_table":1,"minecraft:sweet_berries":49,"minecraft:leather":2,"minecraft:oak_log":5,"minecraft:dirt":1,"minecraft:cobbled_deepslate":1,"minecraft:beef":2,"minecraft:oak_sapling":2,"minecraft:sugar_cane":6,"minecraft:mutton":4,"minecraft:white_wool":3}},"DataVersion":3465}